Nome,Tamanho (KB),Link,Data de Criação
codesnippets,6,https://github.com/abapinho/codesnippets,2012-05-22T12:45:13Z
ABAP-OOP-Library,101,https://github.com/rvanmil/ABAP-OOP-Library,2013-03-07T08:58:05Z
abap,785,https://github.com/sulonen/abap,2013-04-11T22:09:20Z
Codigos,98,https://github.com/coutinhogui/Codigos,2013-05-07T19:08:30Z
ABAP-Regex-Training,87,https://github.com/sonicby/ABAP-Regex-Training,2013-07-10T08:36:58Z
ZTCT,2482,https://github.com/ZEdwin/ZTCT,2013-08-21T13:30:50Z
zJSON,256,https://github.com/se38/zJSON,2013-09-04T20:40:09Z
ABAP,128,https://github.com/wwsheng009/ABAP,2013-09-29T14:15:29Z
ABAP,9,https://github.com/tkersz/ABAP,2013-10-29T09:28:37Z
mockA,841,https://github.com/uweku/mockA,2013-11-05T11:58:14Z
ABAP-Commons,652,https://github.com/HannesRempel/ABAP-Commons,2013-11-19T15:43:07Z
Vise_for_ABAP,59,https://github.com/uweku/Vise_for_ABAP,2013-11-05T11:55:19Z
abap2xlsx,26151,https://github.com/abap2xlsx/abap2xlsx,2013-12-26T18:09:03Z
abap2gapps,71,https://github.com/ivanfemia/abap2gapps,2014-01-05T00:16:42Z
ABAPZombie-Code-Library,59,https://github.com/abapzombie/ABAPZombie-Code-Library,2014-01-05T14:18:36Z
ABAP,34,https://github.com/mauriciolauffer/ABAP,2014-01-02T15:53:11Z
abap2oauth2,31,https://github.com/ivanfemia/abap2oauth2,2014-01-05T00:52:01Z
ABAP-Utils,16,https://github.com/adsworth/ABAP-Utils,2014-01-21T09:18:04Z
wda,14,https://github.com/carlitosalcala/wda,2014-01-20T14:18:56Z
abap_fm_json,778,https://github.com/cesar-sap/abap_fm_json,2014-03-01T16:44:16Z
abap_sup_dcn,18,https://github.com/cesar-sap/abap_sup_dcn,2014-03-01T18:00:38Z
SAP,20100,https://github.com/dongjindu/SAP,2014-05-13T21:41:53Z
CursoABAP,348,https://github.com/ccallado/CursoABAP,2014-05-21T10:01:41Z
abapGit,26293,https://github.com/abapGit/abapGit,2014-06-23T05:39:25Z
abap-singleton,132,https://github.com/dmitry-kostin/abap-singleton,2014-06-18T06:59:53Z
abap-factory,128,https://github.com/dmitry-kostin/abap-factory,2014-06-16T06:40:09Z
Datamatrix,35,https://github.com/larshp/Datamatrix,2014-06-23T05:50:46Z
abapOpenChecks,2585,https://github.com/larshp/abapOpenChecks,2014-07-07T05:57:23Z
SAP,140,https://github.com/fatndiaye/SAP,2014-07-17T09:48:22Z
Foobar,24,https://github.com/larshp/Foobar,2014-07-15T07:32:33Z
2-Cliks,348,https://github.com/Yelcho/2-Cliks,2014-08-02T06:13:37Z
abaptest,140,https://github.com/arboehm/abaptest,2014-08-07T14:47:34Z
ABAPDesignPattern,20,https://github.com/moreus/ABAPDesignPattern,2014-08-17T02:58:06Z
ABAP-Library,1989,https://github.com/VladislavVasilyev/ABAP-Library,2014-09-02T13:32:06Z
ABAP-Logger,267,https://github.com/ABAP-Logger/ABAP-Logger,2014-09-11T20:47:00Z
abap,91,https://github.com/hand-china/abap,2014-09-12T11:39:05Z
zdownload_ng,436,https://github.com/diesire/zdownload_ng,2014-10-23T14:05:39Z
ZICA_SEARCH_SOURCE,180,https://github.com/lucattelli/ZICA_SEARCH_SOURCE,2014-10-17T20:11:44Z
ABAP,29,https://github.com/VladislavVasilyev/ABAP,2014-10-16T06:52:45Z
versionControl01,204,https://github.com/franzreitmayer/versionControl01,2014-11-03T09:10:58Z
Ants,34,https://github.com/larshp/Ants,2014-11-19T18:04:33Z
ZICA_ML,11900,https://github.com/lucattelli/ZICA_ML,2014-12-05T16:01:17Z
ABAP-Snippets,152,https://github.com/IlmMicha/ABAP-Snippets,2014-12-18T07:37:20Z
ABAPSNIP,118,https://github.com/hansgm/ABAPSNIP,2014-12-18T08:59:07Z
ebid-abap-client,66,https://github.com/gregorwolf/ebid-abap-client,2014-12-04T22:53:08Z
abapOpenReview,265,https://github.com/larshp/abapOpenReview,2015-01-30T10:37:29Z
abapNTLM,166,https://github.com/larshp/abapNTLM,2015-01-11T11:41:22Z
EY,148,https://github.com/VladislavVasilyev/EY,2015-01-27T12:56:31Z
test,1,https://github.com/xtough/test,2015-01-08T14:50:06Z
abapOrion,61,https://github.com/larshp/abapOrion,2015-02-08T08:56:24Z
ABAP,48,https://github.com/sumeyyekaptan/ABAP,2015-02-10T13:09:43Z
SAPAbapUtils,44,https://github.com/lovalace/SAPAbapUtils,2015-02-03T21:26:09Z
abap-boilerplate-alv,2156,https://github.com/diesire/abap-boilerplate-alv,2015-03-20T12:08:04Z
sapui5-deployer,589,https://github.com/Yelcho/sapui5-deployer,2015-03-22T02:33:32Z
abap-repo-dumper,212,https://github.com/cyril-devops-ng/abap-repo-dumper,2015-03-30T05:48:51Z
abap,189,https://github.com/SAPConsultores/abap,2015-03-19T00:00:06Z
ABAP-programming-in-SAP,180,https://github.com/jp61/ABAP-programming-in-SAP,2015-03-23T11:42:13Z
ZICA_ENIGMA,160,https://github.com/lucattelli/ZICA_ENIGMA,2015-03-31T18:22:25Z
abapgit,136,https://github.com/kaysap/abapgit,2015-03-17T14:50:06Z
coinchangerkata-abap,136,https://github.com/moscaverd/coinchangerkata-abap,2015-03-30T13:36:19Z
zdocco,136,https://github.com/diesire/zdocco,2015-03-20T12:21:12Z
cashjournal_abap,120,https://github.com/cyril-devops-ng/cashjournal_abap,2015-03-28T23:20:04Z
pi,100,https://github.com/msmania/pi,2015-03-04T07:05:22Z
zrss,74,https://github.com/peterlangner/zrss,2015-03-27T13:22:13Z
RosettaCodeABAP,8,https://github.com/larshp/RosettaCodeABAP,2015-03-29T07:54:19Z
sap_abap_public,2,https://github.com/jdelatorred/sap_abap_public,2015-03-17T02:31:04Z
abapXls,2,https://github.com/larshp/abapXls,2015-03-18T06:49:53Z
abap-system-program,88744,https://github.com/EchoLiao/abap-system-program,2015-04-04T02:28:24Z
ABAP,25318,https://github.com/tca85/ABAP,2015-04-09T14:24:28Z
abap-salv-editable,156,https://github.com/dmitry-kostin/abap-salv-editable,2015-04-01T03:38:30Z
ABAP_RWP,152,https://github.com/joao-soares/ABAP_RWP,2015-04-09T17:46:28Z
github-spectrum,1136,https://github.com/srsudar/github-spectrum,2015-05-19T03:21:14Z
abap,24,https://github.com/thettenhausen/abap,2015-05-07T14:10:57Z
demo,25,https://github.com/gopisankuratri/demo,2015-05-19T14:00:41Z
sapbugtracker,1431,https://github.com/rayatus/sapbugtracker,2015-06-03T20:02:37Z
ABAP,160,https://github.com/rozmen/ABAP,2015-06-02T11:37:40Z
abapGitServer,584,https://github.com/larshp/abapGitServer,2015-07-05T06:34:15Z
template-sap2sfdc-customer-bidirectional-sync,302,https://github.com/Dilen13/template-sap2sfdc-customer-bidirectional-sync,2015-07-08T20:03:17Z
template-sfdc2sap-product-broadcast,177,https://github.com/Dilen13/template-sfdc2sap-product-broadcast,2015-07-30T12:30:07Z
abap-classes,124,https://github.com/spanglee/abap-classes,2015-07-20T15:21:16Z
abap_salv_editable_class_based,120,https://github.com/dmitry-kostin/abap_salv_editable_class_based,2015-07-26T03:49:09Z
abap_split_screen,120,https://github.com/dmitry-kostin/abap_split_screen,2015-07-26T04:13:33Z
abap_salv_tree,120,https://github.com/dmitry-kostin/abap_salv_tree,2015-07-26T03:54:59Z
AES,118,https://github.com/Sumu-Ning/AES,2015-07-01T18:10:38Z
abap-specification,116,https://github.com/zs40x/abap-specification,2015-07-19T14:25:47Z
Doubly-linked-list-in-ABAP,116,https://github.com/eduardocopat/Doubly-linked-list-in-ABAP,2015-07-01T01:25:58Z
upDOWNci,111,https://github.com/larshp/upDOWNci,2015-07-29T18:19:17Z
ZICA_DDCT,152,https://github.com/lucattelli/ZICA_DDCT,2015-08-21T19:36:51Z
plan_job,140,https://github.com/rbaskov/plan_job,2015-08-27T10:51:38Z
template-sfdc2sap-product-bidirectional-sync,320,https://github.com/tomas-verescak/template-sfdc2sap-product-bidirectional-sync,2015-09-11T12:36:01Z
ABAP-Sefaz,224,https://github.com/joao-soares/ABAP-Sefaz,2015-09-16T14:46:26Z
abap-markdown,119,https://github.com/koemaeda/abap-markdown,2015-09-14T21:02:51Z
parallel_objects,41,https://github.com/lteacher/parallel_objects,2015-09-02T14:05:18Z
ABAP-Object-Visualizer,22,https://github.com/larshp/ABAP-Object-Visualizer,2015-09-11T11:11:42Z
FORMfactor,21,https://github.com/larshp/FORMfactor,2015-09-04T14:15:39Z
FORMfactor-Eclipse,19,https://github.com/larshp/FORMfactor-Eclipse,2015-09-19T15:57:46Z
Abap,10,https://github.com/hand7666/Abap,2015-09-07T15:26:53Z
PoC-EmployeeCentral,51563,https://github.com/rodneyamancio/PoC-EmployeeCentral,2015-10-15T15:38:29Z
testrep,168,https://github.com/stem21/testrep,2015-10-22T12:06:04Z
extreme_repository_2,152,https://github.com/lvelardita/extreme_repository_2,2015-10-08T09:31:34Z
ZMM,144,https://github.com/lvelardita/ZMM,2015-10-08T17:20:48Z
ABAP-Hismayilov,75,https://github.com/hismayilov/ABAP-Hismayilov,2015-10-26T14:47:17Z
Hello,25,https://github.com/yashpal8/Hello,2015-10-20T15:51:12Z
ABAPDesignPattern,3,https://github.com/s-cbrunn/ABAPDesignPattern,2015-10-15T14:24:27Z
Code,1619,https://github.com/xXFracXx/Code,2015-11-29T02:31:31Z
mockup_loader,1123,https://github.com/sbcgua/mockup_loader,2015-11-03T17:02:54Z
wdalv_config,372,https://github.com/techaware/wdalv_config,2015-11-04T18:25:04Z
CRM_ABAP,88,https://github.com/XHKOSE/CRM_ABAP,2015-11-28T13:28:13Z
zazlib,22,https://github.com/larshp/zazlib,2015-11-15T11:44:16Z
ABAP,12,https://github.com/antonioplacerda/ABAP,2015-11-29T13:39:15Z
pooda,5,https://github.com/brehberg/pooda,2015-11-21T18:45:36Z
abap_parallel_cursor,1,https://github.com/dmitry-kostin/abap_parallel_cursor,2015-11-23T08:31:04Z
se16,0,https://github.com/dmitry-kostin/se16,2015-11-24T09:07:25Z
abapOpenTest,69,https://github.com/larshp/abapOpenTest,2015-12-09T12:19:53Z
zexportimport,63,https://github.com/zabaper/zexportimport,2015-12-01T10:21:40Z
SAP-Compare-Object-Versions,11,https://github.com/baarkerlounger/SAP-Compare-Object-Versions,2015-12-02T10:12:06Z
abap_dsltk,10,https://github.com/huberv/abap_dsltk,2015-12-16T16:12:08Z
zSCIM,9,https://github.com/gregorwolf/zSCIM,2015-12-14T17:06:26Z
AbapRepo,8,https://github.com/grknylmz/AbapRepo,2015-12-15T17:48:42Z
SAP2Moose,5075,https://github.com/SAP2Moose/SAP2Moose,2016-01-22T10:18:32Z
SchemA,105,https://github.com/se38/SchemA,2016-01-07T14:15:41Z
dangote-po,92,https://github.com/c2gconsulting/dangote-po,2016-01-08T17:33:40Z
abapdocu,67,https://github.com/Odomontois/abapdocu,2016-01-17T21:38:28Z
zGKGS,18,https://github.com/se38/zGKGS,2016-01-08T15:24:10Z
ABAP-syntax-check,2,https://github.com/softy12/ABAP-syntax-check,2016-01-05T19:06:46Z
ABAP-activate,1,https://github.com/softy12/ABAP-activate,2016-01-09T19:02:38Z
aim,352,https://github.com/mrsimpson/aim,2016-02-26T09:31:14Z
abapGit-Plugins,170,https://github.com/abapGit/abapGit-Plugins,2016-02-13T06:53:55Z
Dicas,163,https://github.com/carlosass/Dicas,2016-02-15T11:42:00Z
SAP,75,https://github.com/copy-ninja/SAP,2016-02-08T20:56:07Z
sitFRA_2016,41,https://github.com/christianguenter2/sitFRA_2016,2016-02-23T20:52:51Z
SAPLink-Plugins,28,https://github.com/mrsimpson/SAPLink-Plugins,2016-02-14T13:56:18Z
abapCov,23,https://github.com/larshp/abapCov,2016-02-11T15:50:56Z
abapGit-NextGen-XML,21,https://github.com/mrsimpson/abapGit-NextGen-XML,2016-02-26T10:49:36Z
ABAPDemos,7,https://github.com/mrsimpson/ABAPDemos,2016-02-11T11:28:53Z
abapGit-Gateway,7,https://github.com/larshp/abapGit-Gateway,2016-02-01T12:44:12Z
ZMM_HANA_BWA_CHECK,0,https://github.com/softy12/ZMM_HANA_BWA_CHECK,2016-02-05T17:10:21Z
ABAP,0,https://github.com/armandoMateu/ABAP,2016-02-10T07:16:58Z
BEX_QUERY_WHERE_USED,0,https://github.com/softy12/BEX_QUERY_WHERE_USED,2016-02-02T20:38:00Z
abap-codes,13703,https://github.com/rafaquadros/abap-codes,2016-03-05T20:31:33Z
falv,1605,https://github.com/fidley/falv,2016-03-11T09:39:33Z
abap_include_assembler,226,https://github.com/sbcgua/abap_include_assembler,2016-03-20T07:28:37Z
BOPFDemos,127,https://github.com/mrsimpson/BOPFDemos,2016-03-04T15:27:48Z
abapxslt,37,https://github.com/jbrabandt/abapxslt,2016-03-11T04:24:29Z
abap-json,20,https://github.com/koemaeda/abap-json,2016-03-31T21:06:14Z
ABAP_compare_vers,15,https://github.com/MrBerezkin/ABAP_compare_vers,2016-03-20T12:07:01Z
FastRWebABAPConnector,15,https://github.com/pfefferf/FastRWebABAPConnector,2016-03-16T11:06:39Z
PAO-example-tdd,6,https://github.com/brehberg/PAO-example-tdd,2016-03-18T21:20:34Z
PAO-refactoring,4,https://github.com/brehberg/PAO-refactoring,2016-03-18T21:19:32Z
PAO-legacy-code,1,https://github.com/brehberg/PAO-legacy-code,2016-03-18T21:20:14Z
ABAP-project,0,https://github.com/toxtli/ABAP-project,2016-03-18T02:52:04Z
Z002,0,https://github.com/zlob2k/Z002,2016-03-10T07:57:08Z
ArchiveLink-Utilities,270,https://github.com/InfoSpire/ArchiveLink-Utilities,2016-04-25T06:27:28Z
sap,135,https://github.com/ereismatias/sap,2016-04-13T16:26:48Z
abap,52,https://github.com/joshkennede/abap,2016-04-27T15:27:40Z
ZST05,52,https://github.com/zptec/ZST05,2016-04-08T16:26:10Z
SmartformVersionCompare,25,https://github.com/sajid-a/SmartformVersionCompare,2016-04-08T18:19:53Z
abapOOLogger,5,https://github.com/jani80k/abapOOLogger,2016-04-01T07:04:34Z
SAP_ABAP,4,https://github.com/MnKGuitarPro/SAP_ABAP,2016-04-13T16:36:59Z
SAPCodeSnippets,1,https://github.com/hareeshbabu82ns/SAPCodeSnippets,2016-04-28T14:34:53Z
ZGITHUB_TEST,304,https://github.com/sbcgua/ZGITHUB_TEST,2016-05-25T14:26:16Z
ABAP_GIT,15,https://github.com/A134852/ABAP_GIT,2016-05-05T03:27:48Z
ABAP-PWD-CHECK,0,https://github.com/softy12/ABAP-PWD-CHECK,2016-05-31T19:46:08Z
ABAP-log4function,753,https://github.com/gaovv2000/ABAP-log4function,2016-06-21T13:10:57Z
So_application,154,https://github.com/halleya/So_application,2016-06-10T12:26:16Z
zabap_test,123,https://github.com/halleya/zabap_test,2016-06-14T12:14:01Z
ABAP-Swagger,114,https://github.com/larshp/ABAP-Swagger,2016-06-26T08:15:24Z
QuickPDFLibraryLite4ABAP,24,https://github.com/preinboth/QuickPDFLibraryLite4ABAP,2016-06-21T19:07:59Z
abap,21,https://github.com/ttkk1024/abap,2016-06-04T01:05:22Z
time-approval,21,https://github.com/codeman869/time-approval,2016-06-01T18:10:51Z
SAPCRMa2xExport,19,https://github.com/sapmentors/SAPCRMa2xExport,2016-06-21T14:42:44Z
PAO-design-patterns,17,https://github.com/brehberg/PAO-design-patterns,2016-06-01T19:36:18Z
SAP---ABAP,14,https://github.com/jonathanandrade/SAP---ABAP,2016-06-08T17:54:38Z
ZsitFRA,14,https://github.com/sitfra/ZsitFRA,2016-06-08T17:46:32Z
zcl_fiori_service,2,https://github.com/oisee/zcl_fiori_service,2016-06-06T08:31:48Z
DOWLOADEX,1,https://github.com/ABILUKI/DOWLOADEX,2016-06-20T11:41:19Z
abapGitDemo,22,https://github.com/gregorwolf/abapGitDemo,2016-07-26T13:23:23Z
zcl_mdp_json,12,https://github.com/fatihpense/zcl_mdp_json,2016-07-03T01:22:06Z
lala,7,https://github.com/jverbru3/lala,2016-07-06T14:35:24Z
miniproyecto1,5,https://github.com/a13marquez/miniproyecto1,2016-07-20T16:20:40Z
teched16_example,26976,https://github.com/grahamrobbo/teched16_example,2016-08-08T12:07:31Z
text2tab,1383,https://github.com/sbcgua/text2tab,2016-08-13T09:37:35Z
SAP-ABAP,65,https://github.com/dev4anderson/SAP-ABAP,2016-08-26T18:10:39Z
gantt,59,https://github.com/larshp/gantt,2016-08-29T11:16:31Z
ABAPOOP,8,https://github.com/haoguanhua/ABAPOOP,2016-08-05T04:31:51Z
agtest,6,https://github.com/wtatum/agtest,2016-08-08T23:26:31Z
abaptool,1,https://github.com/wwsheng009/abaptool,2016-08-15T09:24:06Z
Generate-ALV-Report-in-ABAP,801,https://github.com/Diksha-Rathi/Generate-ALV-Report-in-ABAP,2016-09-30T17:41:12Z
abapPGP,715,https://github.com/larshp/abapPGP,2016-09-29T18:03:36Z
Application-log-SAP-ABAP,138,https://github.com/edmilson-nascimento/Application-log-SAP-ABAP,2016-09-21T14:58:11Z
zjke2,5,https://github.com/JuttaKerber/zjke2,2016-09-09T12:56:29Z
zmeasures,4,https://github.com/nocubicles/zmeasures,2016-09-14T10:36:29Z
ABAP-world,3,https://github.com/HancilaO/ABAP-world,2016-09-15T11:56:51Z
ABAP_ON_HANA,2,https://github.com/larshp/ABAP_ON_HANA,2016-09-22T12:13:46Z
aws-sap-from-lambda,513,https://github.com/ApplexusLabs/aws-sap-from-lambda,2016-10-26T21:25:55Z
ABAP-Check-Translations,159,https://github.com/oscarandresb/ABAP-Check-Translations,2016-10-12T18:27:23Z
ZEX_HTML_EDITOR,101,https://github.com/abeljohny/ZEX_HTML_EDITOR,2016-10-16T15:03:01Z
ABAP,42,https://github.com/kime86/ABAP,2016-10-25T12:06:56Z
ABAP2XLSXExamples,13,https://github.com/SilvioMiranda/ABAP2XLSXExamples,2016-10-24T01:15:21Z
sap-abap-tr-updownload,6,https://github.com/slkorolev/sap-abap-tr-updownload,2016-10-03T17:02:28Z
zmimesync_service,5,https://github.com/fatihpense/zmimesync_service,2016-10-17T23:04:48Z
ZGIT_TEST,3,https://github.com/kaven-lu/ZGIT_TEST,2016-10-21T00:21:04Z
ABAP-LOGPOINT,1,https://github.com/softy12/ABAP-LOGPOINT,2016-10-31T20:24:08Z
abap,1,https://github.com/geek8/abap,2016-10-14T22:37:57Z
abap-sandbox,88,https://github.com/eduardocopat/abap-sandbox,2016-11-23T10:33:57Z
sap-abap,50,https://github.com/marcos2250/sap-abap,2016-11-16T12:11:08Z
ABAP-SELECT-SINGLE-Checker,40,https://github.com/juansebastiansoto/ABAP-SELECT-SINGLE-Checker,2016-11-24T20:40:09Z
ABAP_Upload-XML-file,38,https://github.com/liuhaibohyde/ABAP_Upload-XML-file,2016-11-30T07:21:57Z
znfe_mass_extractor,23,https://github.com/jrnunes/znfe_mass_extractor,2016-11-21T12:30:00Z
abapNamespaceAnalyzer,17,https://github.com/SyntaxCxLink/abapNamespaceAnalyzer,2016-11-09T19:14:23Z
ABAP,12,https://github.com/anterchen/ABAP,2016-11-29T06:13:48Z
abapgit-test,11,https://github.com/pfaller/abapgit-test,2016-11-09T06:46:57Z
abapDigest,6,https://github.com/larshp/abapDigest,2016-11-12T11:55:47Z
FUGR,4,https://github.com/larshp/FUGR,2016-11-23T15:57:04Z
PROJECT_COMMON,5060,https://github.com/Vadoid/PROJECT_COMMON,2016-12-21T12:13:36Z
ABAP-1,3223,https://github.com/preinboth/ABAP-1,2016-12-27T11:51:31Z
BOPFChangeTracker,605,https://github.com/OnTheWayToSuccess/BOPFChangeTracker,2016-12-12T12:50:15Z
p2p-help-abap-client,235,https://github.com/mrsimpson/p2p-help-abap-client,2016-12-15T16:04:35Z
abap-annotation-processing,213,https://github.com/fabianlupa/abap-annotation-processing,2016-12-17T22:46:17Z
ABAPTestSuite,56,https://github.com/larshp/ABAPTestSuite,2016-12-04T17:44:28Z
zuiddlb,27,https://github.com/VishnAndr/zuiddlb,2016-12-20T10:28:43Z
FUGR2,22,https://github.com/larshp/FUGR2,2016-12-29T08:41:21Z
ABAP-SAPLink-Plugins,20,https://github.com/juansebastiansoto/ABAP-SAPLink-Plugins,2016-12-14T18:25:37Z
abapgit-view,9,https://github.com/mrsimpson/abapgit-view,2016-12-31T12:39:05Z
ABAP-DTP_TO_BE_PUSHED2HANA,1,https://github.com/softy12/ABAP-DTP_TO_BE_PUSHED2HANA,2016-12-30T22:24:08Z
simple_acc_post,4057,https://github.com/alfonsogildegea/simple_acc_post,2017-01-04T15:10:00Z
abap_w3mi_poller,2334,https://github.com/sbcgua/abap_w3mi_poller,2017-01-07T11:34:41Z
AutoItRTE4ABAP,1540,https://github.com/isnoopytokky/AutoItRTE4ABAP,2017-01-15T08:36:53Z
GitSAPrepo,856,https://github.com/acninnovationtampa/GitSAPrepo,2017-01-11T12:29:06Z
abap_mustache,114,https://github.com/sbcgua/abap_mustache,2017-01-17T19:56:45Z
ABAP-Utilities,57,https://github.com/garulovilla/ABAP-Utilities,2017-01-03T22:10:22Z
zsitwdf,34,https://github.com/andau/zsitwdf,2017-01-10T21:37:12Z
tdd-ex01-fizzbuzz-abap,32,https://github.com/pacroy/tdd-ex01-fizzbuzz-abap,2017-01-28T10:51:40Z
zyac_test_abapgit,29,https://github.com/alexchaninfo/zyac_test_abapgit,2017-01-26T04:42:35Z
friendly-fortnight,26,https://github.com/eduardocopat/friendly-fortnight,2017-01-13T13:48:10Z
tommy,25,https://github.com/608210657119/tommy,2017-01-06T02:11:43Z
Romano,18,https://github.com/edmilson-nascimento/Romano,2017-01-29T17:50:48Z
tdd-ex02-roman-abap,11,https://github.com/pacroy/tdd-ex02-roman-abap,2017-01-29T10:38:44Z
PROG,9,https://github.com/larshp/PROG,2017-01-23T13:55:36Z
ABAP-Samples,8,https://github.com/hismayilov/ABAP-Samples,2017-01-23T07:23:32Z
ABAP_Mass,5,https://github.com/larshp/ABAP_Mass,2017-01-18T14:38:01Z
znguyd_utils,4,https://github.com/bdnguyen/znguyd_utils,2017-01-19T11:17:43Z
helloworld,4,https://github.com/bunzl/helloworld,2017-01-10T13:35:39Z
abap-udl-xml,4,https://github.com/pacroy/abap-udl-xml,2017-01-07T13:57:58Z
abap,2,https://github.com/sap-chile/abap,2017-01-04T05:13:36Z
ABAPGitTest,1,https://github.com/gepparta/ABAPGitTest,2017-01-23T19:25:36Z
ABAP,861,https://github.com/UladzislauPralat/ABAP,2017-02-10T04:01:28Z
ABAP,720,https://github.com/consultoria-sap/ABAP,2017-02-15T17:48:15Z
BW,203,https://github.com/UladzislauPralat/BW,2017-02-11T16:11:59Z
abap-log,195,https://github.com/fabianlupa/abap-log,2017-02-09T10:32:15Z
mime_editor,70,https://github.com/larshp/mime_editor,2017-02-26T11:53:28Z
sample-bopf-application,58,https://github.com/mrsimpson/sample-bopf-application,2017-02-01T15:47:38Z
abapOpenFix,49,https://github.com/larshp/abapOpenFix,2017-02-28T11:01:25Z
popbill.abap.example,44,https://github.com/linkhub-sdk/popbill.abap.example,2017-02-16T05:47:33Z
dependencies,27,https://github.com/larshp/dependencies,2017-02-19T11:30:31Z
Calculator-in-ABAP,23,https://github.com/Lukaszmo/Calculator-in-ABAP,2017-02-23T08:10:45Z
ABAP,22,https://github.com/zaferonbas/ABAP,2017-02-09T07:29:04Z
ZSLACKBOT,19,https://github.com/gb1/ZSLACKBOT,2017-02-23T13:02:32Z
abap_geocoder_ces,16,https://github.com/cesar-sap/abap_geocoder_ces,2017-02-05T17:00:05Z
ABAP,16,https://github.com/adegea/ABAP,2017-02-23T12:16:12Z
todo_logic,18,https://github.com/larshp/todo_logic,2017-02-14T09:28:40Z
acr_gol,14,https://github.com/ceedee666/acr_gol,2017-02-23T09:35:34Z
get_noticed_2017,10,https://github.com/pawelwiejkut/get_noticed_2017,2017-02-25T17:46:19Z
abap-full-sandbox,10,https://github.com/eduardocopat/abap-full-sandbox,2017-02-17T14:42:32Z
abapgit-test,5,https://github.com/fabianlupa/abapgit-test,2017-02-17T16:40:39Z
z_thread_02,5,https://github.com/erickcarvalho/z_thread_02,2017-02-15T14:42:09Z
abap_test,4,https://github.com/rjmonteiro/abap_test,2017-02-20T15:53:28Z
AppsSAP,2,https://github.com/SidVal/AppsSAP,2017-02-22T12:21:56Z
transport_errors,2,https://github.com/larshp/transport_errors,2017-02-23T06:38:29Z
ABAP,1,https://github.com/kaio-almeida/ABAP,2017-02-20T15:21:42Z
zsitfra,549,https://github.com/andau/zsitfra,2017-03-23T22:20:57Z
SAP-ABAP-Sample-code,285,https://github.com/ashokdeveloper61/SAP-ABAP-Sample-code,2017-03-07T14:38:54Z
CodeSnippets,75,https://github.com/jocompto/CodeSnippets,2017-03-31T20:28:18Z
ABAP-Simple-Module,18,https://github.com/ashokdeveloper61/ABAP-Simple-Module,2017-03-07T15:15:27Z
zplanned_changes,13,https://github.com/koemaeda/zplanned_changes,2017-03-07T16:22:36Z
carga-de-ativos,10,https://github.com/edmilson-nascimento/carga-de-ativos,2017-03-22T14:37:27Z
ABAP,9,https://github.com/tougegelol/ABAP,2017-03-03T03:25:04Z
ABAPGcloud,8,https://github.com/gb1/ABAPGcloud,2017-03-08T23:30:29Z
testespro,5,https://github.com/bpinaffi/testespro,2017-03-10T13:44:18Z
abapgit_eval,4,https://github.com/nwenig/abapgit_eval,2017-03-28T11:51:58Z
abapOpenFix-Unit-Test,4,https://github.com/larshp/abapOpenFix-Unit-Test,2017-03-07T08:15:48Z
testespro2,3,https://github.com/bpinaffi/testespro2,2017-03-10T19:16:01Z
sitfra_2017,3,https://github.com/ceedee666/sitfra_2017,2017-03-26T18:20:50Z
ABAP_Git,2,https://github.com/christianguenter3/ABAP_Git,2017-03-18T16:26:08Z
abapgit_eval2,2,https://github.com/nwenig/abapgit_eval2,2017-03-30T09:03:51Z
Teste_MegaNote,1,https://github.com/fabricamegawork/Teste_MegaNote,2017-03-10T21:01:52Z
Demo,15,https://github.com/deepikanarayan/Demo,2017-03-13T10:20:16Z
ABAP,0,https://github.com/devilray/ABAP,2017-03-02T23:27:50Z
ABAP,0,https://github.com/Heepie/ABAP,2017-03-02T04:56:44Z
ABAP_conways_game_of_life,1222,https://github.com/christianguenter2/ABAP_conways_game_of_life,2017-04-02T12:39:53Z
saplink-plugins,123,https://github.com/pacroy/saplink-plugins,2017-04-24T10:26:50Z
zdefuse,119,https://github.com/koemaeda/zdefuse,2017-04-04T17:58:55Z
ZYBAT,99,https://github.com/abeljohny/ZYBAT,2017-04-29T09:34:07Z
ABAP,88,https://github.com/fatyzhang/ABAP,2017-04-19T03:31:23Z
saplink,64,https://github.com/pacroy/saplink,2017-04-24T09:51:14Z
ABAP-Learn,18,https://github.com/Daniel-Aragao/ABAP-Learn,2017-04-28T13:53:19Z
Firmament,17,https://github.com/AtomKrieg/Firmament,2017-04-08T12:38:01Z
cobranca-itau,15,https://github.com/edmilson-nascimento/cobranca-itau,2017-04-19T13:11:40Z
ABAPUtils,11,https://github.com/katansapdevelop/ABAPUtils,2017-04-10T22:48:47Z
ABAP_assignment2,11,https://github.com/Jrmromao/ABAP_assignment2,2017-04-10T13:17:07Z
abapGit_eval3,4,https://github.com/nwenig/abapGit_eval3,2017-04-26T15:24:10Z
IBSolution_tst,3,https://github.com/JJordanov/IBSolution_tst,2017-04-06T07:38:51Z
abap,1,https://github.com/Jrmromao/abap,2017-04-03T14:20:29Z
ABAP_AMC,1,https://github.com/christianguenter3/ABAP_AMC,2017-04-17T10:51:54Z
relatorio-de-request,896,https://github.com/edmilson-nascimento/relatorio-de-request,2017-05-24T14:19:05Z
Tennis-Test,474,https://github.com/chrisihurst/Tennis-Test,2017-05-22T15:41:43Z
abap_snippets,167,https://github.com/uhoffman/abap_snippets,2017-05-08T11:57:28Z
Other_Z,89,https://github.com/asashurin/Other_Z,2017-05-24T15:14:12Z
Featuretoggle,66,https://github.com/btc-ag/Featuretoggle,2017-05-10T05:49:35Z
abapdebug,31,https://github.com/Denis1904/abapdebug,2017-05-16T12:09:11Z
abap-featuretoggle,30,https://github.com/softmade-timobruentjen/abap-featuretoggle,2017-05-19T06:29:56Z
ABAPKoans,25,https://github.com/damir-majer/ABAPKoans,2017-05-19T16:27:18Z
jserrorlogger,24,https://github.com/Glenndg/jserrorlogger,2017-05-04T15:41:09Z
abap_tools,21,https://github.com/AntonSikidin/abap_tools,2017-05-12T12:03:16Z
sap_xlsx_upload_api,18,https://github.com/edwinfelix33/sap_xlsx_upload_api,2017-05-27T12:51:12Z
abap-webproxy,16,https://github.com/koemaeda/abap-webproxy,2017-05-10T14:40:36Z
abap-mvc,13,https://github.com/arte0s/abap-mvc,2017-05-24T09:52:11Z
ABAP-Unit-Testing-Examples,12,https://github.com/lumuell/ABAP-Unit-Testing-Examples,2017-05-19T07:44:10Z
Training-ABAP,11,https://github.com/fopineda/Training-ABAP,2017-05-30T15:48:42Z
bopf_snippets,8,https://github.com/uhoffman/bopf_snippets,2017-05-07T17:03:34Z
ZJC_TEST_02,2,https://github.com/jcrodri/ZJC_TEST_02,2017-05-19T13:23:35Z
EC6_POC,2,https://github.com/asashurin/EC6_POC,2017-05-21T20:14:10Z
ecatt,2,https://github.com/uhoffman/ecatt,2017-05-08T11:52:43Z
abapGit_eval4,1,https://github.com/nwenig/abapGit_eval4,2017-05-02T12:58:33Z
ABAP,1,https://github.com/goktasor/ABAP,2017-05-18T00:55:48Z
SEIC,1,https://github.com/asashurin/SEIC,2017-05-24T15:30:03Z
abaplib,905,https://github.com/batmanbk25/abaplib,2017-06-28T09:03:05Z
EDUD,209,https://github.com/grillo8585/EDUD,2017-06-26T16:04:29Z
zcl_pdf,122,https://github.com/beraadim/zcl_pdf,2017-06-03T09:46:29Z
gladius,84,https://github.com/tricktresor/gladius,2017-06-28T22:25:27Z
TST_ABAP1,69,https://github.com/TimoJohn/TST_ABAP1,2017-06-26T14:38:27Z
ABAP-Unit-Test-Demo,65,https://github.com/RainerWinkler/ABAP-Unit-Test-Demo,2017-06-06T19:15:12Z
abap-val,55,https://github.com/fabianlupa/abap-val,2017-06-15T15:47:43Z
ABAP,47,https://github.com/lucashuati/ABAP,2017-06-08T17:49:38Z
flow,27,https://github.com/larshp/flow,2017-06-24T06:57:23Z
LSRD,20,https://github.com/przemekgrzadziel/LSRD,2017-06-28T08:42:38Z
LSRD_ORDER_CREATION,17,https://github.com/przemekgrzadziel/LSRD_ORDER_CREATION,2017-06-28T09:38:51Z
Abap,16,https://github.com/BilginErhan/Abap,2017-06-30T11:41:23Z
ABAP,13,https://github.com/iespino00/ABAP,2017-06-20T21:32:11Z
fi049,10,https://github.com/mhaopacheco/fi049,2017-06-25T05:53:13Z
abap-bootstrap,9,https://github.com/raenur/abap-bootstrap,2017-06-21T14:33:28Z
test,7,https://github.com/vifect/test,2017-06-01T06:14:04Z
abap-design-patterns,7,https://github.com/pacroy/abap-design-patterns,2017-06-08T13:41:47Z
hello-world,6,https://github.com/LegionN96/hello-world,2017-06-07T18:19:11Z
ABAP_File_Upload,6,https://github.com/christianguenter2/ABAP_File_Upload,2017-06-25T19:44:12Z
select-inline,7,https://github.com/edmilson-nascimento/select-inline,2017-06-03T21:55:25Z
SHI3,5,https://github.com/larshp/SHI3,2017-06-05T07:39:04Z
ABAP,3,https://github.com/sudarshan29/ABAP,2017-06-26T06:20:33Z
ABAPGIT,2,https://github.com/DKAC/ABAPGIT,2017-06-27T13:14:40Z
SAP_Transactions,2,https://github.com/Seixas/SAP_Transactions,2017-06-05T19:21:13Z
abap-git-test,1,https://github.com/fabiopagoti/abap-git-test,2017-06-23T16:33:33Z
testsap,1,https://github.com/gnalinikumar/testsap,2017-06-24T15:55:55Z
abap2xlsx_ES,20903,https://github.com/gabrielros/abap2xlsx_ES,2017-07-21T18:44:06Z
SAP-ABAP-Development,13027,https://github.com/MislavJaksic/SAP-ABAP-Development,2017-07-07T05:41:01Z
Masraf-Giris,1282,https://github.com/BilginErhan/Masraf-Giris,2017-07-26T14:21:03Z
ab4-themes,1261,https://github.com/lucattelli/ab4-themes,2017-07-15T14:11:03Z
carlitosalcala.github.io,1200,https://github.com/carlitosalcala/carlitosalcala.github.io,2017-07-26T07:29:35Z
ABAP-Library,932,https://github.com/keremkoseoglu/ABAP-Library,2017-07-25T10:39:56Z
eezz-abapgit,893,https://github.com/albert-zero/eezz-abapgit,2017-07-03T10:30:58Z
bap_fm_json,673,https://github.com/nFnK/bap_fm_json,2017-07-26T14:55:47Z
abap_oo_patterns,189,https://github.com/SchwarzIT/abap_oo_patterns,2017-07-21T07:37:13Z
abap-doc-export,91,https://github.com/i302574/abap-doc-export,2017-07-19T06:15:24Z
EWM_EW1,89,https://github.com/d051283/EWM_EW1,2017-07-10T00:27:28Z
falv731,44,https://github.com/fidley/falv731,2017-07-21T07:22:18Z
zfi0052,41,https://github.com/mhaopacheco/zfi0052,2017-07-25T17:08:27Z
ABAP-Menu,34,https://github.com/jliberal/ABAP-Menu,2017-07-11T14:00:10Z
ABAP,24,https://github.com/AndreasMair/ABAP,2017-07-17T08:33:12Z
abap_test_injection,24,https://github.com/germanysources/abap_test_injection,2017-07-14T08:38:38Z
abap-ant-riddle,22,https://github.com/andkopp/abap-ant-riddle,2017-07-20T13:21:42Z
DL-SAP-ABAP,16,https://github.com/DennyLiSH/DL-SAP-ABAP,2017-07-23T06:08:04Z
abap-conways-game-of-life,16,https://github.com/andkopp/abap-conways-game-of-life,2017-07-23T23:08:01Z
Abap,15,https://github.com/rbuhler/Abap,2017-07-07T19:57:11Z
business_class,13,https://github.com/pokrakam/business_class,2017-07-30T17:31:32Z
zbc002,12,https://github.com/mhaopacheco/zbc002,2017-07-07T14:30:40Z
cl_salv_table-example,9,https://github.com/edmilson-nascimento/cl_salv_table-example,2017-07-26T17:11:32Z
return_by_value,8,https://github.com/larshp/return_by_value,2017-07-30T04:39:44Z
zbc003,8,https://github.com/mhaopacheco/zbc003,2017-07-12T02:43:45Z
ZBCCONNECT,8,https://github.com/mhaopacheco/ZBCCONNECT,2017-07-07T14:49:37Z
zgit_test01,6,https://github.com/gabrielros/zgit_test01,2017-07-21T19:09:58Z
ybc901,5,https://github.com/mhaopacheco/ybc901,2017-07-03T18:46:25Z
testing,5,https://github.com/mvervaet/testing,2017-07-26T13:01:15Z
SAMC_SAPC,4,https://github.com/christianguenter3/SAMC_SAPC,2017-07-24T18:33:36Z
ABAP2,3,https://github.com/apradas/ABAP2,2017-07-06T14:00:22Z
Y_PRUEBA_ABAP,3,https://github.com/kneeyyzz/Y_PRUEBA_ABAP,2017-07-28T07:11:01Z
call-transaction-new-task,3,https://github.com/edmilson-nascimento/call-transaction-new-task,2017-07-04T17:23:58Z
adler32,2,https://github.com/larshp/adler32,2017-07-08T09:39:57Z
zwf000,2,https://github.com/mhaopacheco/zwf000,2017-07-07T15:04:45Z
SAPC,2,https://github.com/christianguenter3/SAPC,2017-07-24T19:27:26Z
DGIT3,2,https://github.com/devkeshav/DGIT3,2017-07-19T10:25:35Z
ABAP_JDLS,1,https://github.com/juandlsanta/ABAP_JDLS,2017-07-25T11:30:19Z
ISSUE_89,1,https://github.com/christianguenter3/ISSUE_89,2017-07-08T07:57:16Z
ZMM_READ_XML_DATA,1,https://github.com/softy12/ZMM_READ_XML_DATA,2017-07-24T19:11:28Z
building_gateway_services,160854,https://github.com/grahamrobbo/building_gateway_services,2017-08-08T07:03:33Z
Teched17,11366,https://github.com/jasper07/Teched17,2017-08-11T07:41:30Z
ABAP-RayTracer,2163,https://github.com/pixelbaker/ABAP-RayTracer,2017-08-18T11:54:04Z
ME2L-APPEND-F-ELD,828,https://github.com/r2bo4/ME2L-APPEND-F-ELD,2017-08-08T14:09:59Z
ABAP_CODES,610,https://github.com/iespino00/ABAP_CODES,2017-08-24T23:00:08Z
abapRegexGolf,308,https://github.com/christianguenter2/abapRegexGolf,2017-08-06T19:18:35Z
ABAPFire,76,https://github.com/alborghetti/ABAPFire,2017-08-17T19:15:22Z
abapGitTest,18,https://github.com/mistei/abapGitTest,2017-08-03T11:49:40Z
cl_salv_table-mark,16,https://github.com/edmilson-nascimento/cl_salv_table-mark,2017-08-10T03:31:49Z
abaptraining,13,https://github.com/josvar/abaptraining,2017-08-30T23:59:06Z
document_update,13,https://github.com/edmilson-nascimento/document_update,2017-08-31T12:26:08Z
pinf-test,10,https://github.com/fabianlupa/pinf-test,2017-08-27T07:40:48Z
zabap_ci_ep,8,https://github.com/andau/zabap_ci_ep,2017-08-28T20:55:06Z
Research-Demo-1,8,https://github.com/LKAUSHAL/Research-Demo-1,2017-08-06T15:14:23Z
dynamic_table,5,https://github.com/edmilson-nascimento/dynamic_table,2017-08-29T13:30:30Z
zabap_ci,7,https://github.com/andau/zabap_ci,2017-08-28T20:28:01Z
abap,4,https://github.com/carlosass/abap,2017-08-25T17:25:44Z
abapGitWorkshop,3,https://github.com/Draugr793/abapGitWorkshop,2017-08-25T06:37:30Z
ipm-abap-exercice,3,https://github.com/frohwerk/ipm-abap-exercice,2017-08-06T11:54:20Z
abapGIT-Online,3,https://github.com/Draugr793/abapGIT-Online,2017-08-18T07:04:02Z
MINIMAL_EMAIL_SENT,2,https://github.com/softy12/MINIMAL_EMAIL_SENT,2017-08-06T12:34:52Z
NNIT,2,https://github.com/ADAMJURINA/NNIT,2017-08-17T11:30:38Z
TEST,2,https://github.com/ADAMJURINA/TEST,2017-08-28T12:47:00Z
ie02-add-field,2,https://github.com/r2bo4/ie02-add-field,2017-08-08T14:18:23Z
ZMM_READ_TABLE,1,https://github.com/softy12/ZMM_READ_TABLE,2017-08-01T11:59:21Z
helloWorld_abap,1,https://github.com/bbuchholzATinnobis/helloWorld_abap,2017-08-18T09:36:09Z
MINIMAL_ALV,0,https://github.com/softy12/MINIMAL_ALV,2017-08-05T21:15:59Z
SAP_ABAP,2934,https://github.com/hismayilov/SAP_ABAP,2017-09-05T19:58:45Z
ABAP_DEMO,1039,https://github.com/christianguenter2/ABAP_DEMO,2017-09-27T07:45:44Z
tdd-pair-kata2,491,https://github.com/naliwajek/tdd-pair-kata2,2017-09-08T14:15:42Z
Tennis-Refactoring-Kata-Marloes,491,https://github.com/atomicsaiko/Tennis-Refactoring-Kata-Marloes,2017-09-08T14:08:05Z
Reusable-Knowledge,90,https://github.com/tejasdeshpande24/Reusable-Knowledge,2017-09-29T07:22:19Z
abap101-codes,81,https://github.com/furlan/abap101-codes,2017-09-20T15:38:50Z
abapObjects,53,https://github.com/miglsilva/abapObjects,2017-09-27T13:42:44Z
con4abap,24,https://github.com/lausek/con4abap,2017-09-18T20:16:32Z
itertools,23,https://github.com/lausek/itertools,2017-09-18T20:21:42Z
abap-rest-api,19,https://github.com/pacroy/abap-rest-api,2017-09-09T09:08:49Z
CLAS_rewrite,9,https://github.com/larshp/CLAS_rewrite,2017-09-02T06:00:27Z
ABAP_Examples,7,https://github.com/willhogan11/ABAP_Examples,2017-09-23T21:33:56Z
ZSOP,6,https://github.com/iyersubrax/ZSOP,2017-09-27T10:09:54Z
hello-world,6,https://github.com/kangkanaDeb/hello-world,2017-09-13T03:34:26Z
Z_ABAPGITTEST,5,https://github.com/1PaSe1/Z_ABAPGITTEST,2017-09-07T21:04:41Z
gitHubJamTest2,5,https://github.com/JanAmbrosch/gitHubJamTest2,2017-09-22T09:05:14Z
testeAbap,3,https://github.com/WenderAmaro/testeAbap,2017-09-21T18:21:14Z
Mass_IDOC_edit,3,https://github.com/radovanh/Mass_IDOC_edit,2017-09-26T07:40:28Z
Demo,3,https://github.com/thwiegan/Demo,2017-09-20T19:02:16Z
abapGitRepo,3,https://github.com/Draugr793/abapGitRepo,2017-09-08T09:29:54Z
BI-Support-Cockpit,2,https://github.com/bawdiest/BI-Support-Cockpit,2017-09-29T15:03:50Z
testing2,2,https://github.com/WenderAmaroTesting/testing2,2017-09-21T17:58:40Z
abapgit-demo,1,https://github.com/gprs555/abapgit-demo,2017-09-28T22:47:56Z
abapGit.HelloWorld,1,https://github.com/beex-techblog/abapGit.HelloWorld,2017-09-12T10:31:11Z
Tennis-Refactoring-Kata,493,https://github.com/SanderNiesten/Tennis-Refactoring-Kata,2017-10-13T13:31:30Z
SAPLINK,414,https://github.com/ferenci/SAPLINK,2017-10-17T14:40:57Z
Abap,77,https://github.com/ThierryG31/Abap,2017-10-05T16:17:29Z
callback-example,38,https://github.com/fabianlupa/callback-example,2017-10-15T09:30:53Z
cl_gui_alv_grid,17,https://github.com/edmilson-nascimento/cl_gui_alv_grid,2017-10-25T10:55:53Z
BW4,15,https://github.com/Vadoid/BW4,2017-10-08T19:27:53Z
upload-xls,12,https://github.com/edmilson-nascimento/upload-xls,2017-10-20T12:29:37Z
16963,10,https://github.com/Tina1067/16963,2017-10-20T07:25:06Z
class-test,7,https://github.com/fabianlupa/class-test,2017-10-31T09:25:30Z
myapp,7,https://github.com/Jul482/myapp,2017-10-17T13:30:39Z
ZCL_CA_MSTEAMS,7,https://github.com/JonathanV/ZCL_CA_MSTEAMS,2017-10-23T17:26:34Z
ZTEST,5,https://github.com/swocon/ZTEST,2017-10-16T14:45:13Z
ABAP_ALV,5,https://github.com/adamnagy1/ABAP_ALV,2017-10-30T13:55:12Z
POPUP_TO_CONFIRM,3,https://github.com/mhaopacheco/POPUP_TO_CONFIRM,2017-10-19T21:02:24Z
Z_JRSN_MASS_SO_TEXT,3,https://github.com/jrnunes/Z_JRSN_MASS_SO_TEXT,2017-10-27T19:44:52Z
Blockchain,2,https://github.com/greg2git/Blockchain,2017-10-08T17:44:03Z
color-alv-doc-pendente,2,https://github.com/edmilson-nascimento/color-alv-doc-pendente,2017-10-05T20:15:32Z
testAbapGit,2,https://github.com/hakandanaci/testAbapGit,2017-10-10T10:44:55Z
abapGitExampleUserExitForProxy,2,https://github.com/christianguenter2/abapGitExampleUserExitForProxy,2017-10-25T16:47:59Z
refactored-potato,1,https://github.com/insidy/refactored-potato,2017-10-10T18:21:55Z
test_01,1,https://github.com/mpillmann/test_01,2017-10-09T11:25:49Z
Goldwind,64478,https://github.com/caozh90/Goldwind,2017-11-14T01:27:04Z
abap_scheme,7556,https://github.com/nomssi/abap_scheme,2017-11-05T12:12:27Z
abap,1440,https://github.com/emersonleite/abap,2017-11-17T10:46:38Z
SAP-ABAP-MayniladITS,590,https://github.com/Gurenax/SAP-ABAP-MayniladITS,2017-11-14T07:49:43Z
CUSTTOOL,572,https://github.com/dmitryfrydliand/CUSTTOOL,2017-11-17T05:46:59Z
Abap_Report_ALV,318,https://github.com/KanakSasak/Abap_Report_ALV,2017-11-24T06:22:20Z
abap_debugger_data_view_extension,257,https://github.com/objective-partner/abap_debugger_data_view_extension,2017-11-09T16:08:52Z
ALV-basic-code,239,https://github.com/joharog/ALV-basic-code,2017-11-21T20:22:04Z
ABAP_BDC_UPLOAD_DATA,206,https://github.com/KanakSasak/ABAP_BDC_UPLOAD_DATA,2017-11-24T09:00:27Z
AWS_S3_SDK_for_ABAP_Z,153,https://github.com/larshp/AWS_S3_SDK_for_ABAP_Z,2017-11-05T18:46:00Z
joboo,87,https://github.com/sandraros/joboo,2017-11-26T15:44:40Z
SAPscript-select-single,64,https://github.com/joharog/SAPscript-select-single,2017-11-16T15:12:53Z
ABAP,59,https://github.com/garciatorres/ABAP,2017-11-14T10:06:18Z
ABAP,56,https://github.com/raggid00/ABAP,2017-11-28T23:04:47Z
hcm-time-constraint-utils,31,https://github.com/ycohen-dev/hcm-time-constraint-utils,2017-11-24T10:44:53Z
ZAP,28,https://github.com/abeljohny/ZAP,2017-11-17T06:33:51Z
export_dbtab_data,19,https://github.com/yoav1/export_dbtab_data,2017-11-10T11:30:16Z
zfio_odata_unassign,14,https://github.com/javs1287/zfio_odata_unassign,2017-11-28T04:59:09Z
DOMA,11,https://github.com/larshp/DOMA,2017-11-11T09:47:18Z
TMP,10,https://github.com/bullgator1991/TMP,2017-11-03T02:47:43Z
TEST_REPO,9,https://github.com/aduicu/TEST_REPO,2017-11-20T14:51:52Z
abapgittest,9,https://github.com/kjokinen/abapgittest,2017-11-22T09:28:22Z
ZFIRST_REPO,8,https://github.com/Hardu2203/ZFIRST_REPO,2017-11-12T17:49:11Z
test_bsac_abapgit_demo,5,https://github.com/bsachin/test_bsac_abapgit_demo,2017-11-14T08:41:05Z
ABAP,4,https://github.com/kororok/ABAP,2017-11-24T16:39:32Z
ABAP_test_loop_at_group,4,https://github.com/christianguenter2/ABAP_test_loop_at_group,2017-11-24T10:56:13Z
Z_SLT_UB,4,https://github.com/lucattelli/Z_SLT_UB,2017-11-28T12:31:40Z
zmsg,3,https://github.com/maxfreck/zmsg,2017-11-30T11:27:57Z
likith,4,https://github.com/likith05/likith,2017-11-08T20:02:49Z
alv-bas-m-,2,https://github.com/mervesakarya/alv-bas-m-,2017-11-14T13:44:43Z
Initial,1,https://github.com/Lonerlogan/Initial,2017-11-04T11:32:11Z
hello-world,6233,https://github.com/Asurawill/hello-world,2017-12-08T06:18:34Z
abap,1797,https://github.com/piemontese/abap,2017-12-30T15:29:33Z
ZwdDynscreen,1409,https://github.com/WegnerDan/ZwdDynscreen,2017-12-23T23:24:32Z
DevOps,375,https://github.com/ARTDabapGit/DevOps,2017-12-04T07:15:31Z
ABAP-to-PlantUML,206,https://github.com/nomssi/ABAP-to-PlantUML,2017-12-14T17:01:47Z
ABAP,169,https://github.com/ipapoyli/ABAP,2017-12-16T14:55:24Z
Profissionais_ABAP,103,https://github.com/giorio/Profissionais_ABAP,2017-12-27T15:35:06Z
SAPscript-forms-breakdown-helper,61,https://github.com/Keller-Michael/SAPscript-forms-breakdown-helper,2017-12-19T21:35:20Z
ABAP-7.51,41,https://github.com/archer4sap/ABAP-7.51,2017-12-11T08:51:14Z
ZRFCLOG,34,https://github.com/hhanwen/ZRFCLOG,2017-12-23T09:31:17Z
ABAP-US,32,https://github.com/wwewbw/ABAP-US,2017-12-12T23:47:50Z
AOC2017_ABAP,29,https://github.com/benjnw/AOC2017_ABAP,2017-12-08T14:00:32Z
ABAP,28,https://github.com/richardwlb/ABAP,2017-12-26T18:54:18Z
S4HANA_CDSFinder,18,https://github.com/archer4sap/S4HANA_CDSFinder,2017-12-29T10:55:37Z
abap101_AOC2017,17,https://github.com/furlan/abap101_AOC2017,2017-12-04T16:55:57Z
S4HANA_CDS_Source_Scan,16,https://github.com/archer4sap/S4HANA_CDS_Source_Scan,2017-12-29T11:04:19Z
ABAP_REST_Kata,16,https://github.com/christianguenter2/ABAP_REST_Kata,2017-12-18T07:44:10Z
ABAP,16,https://github.com/xuchunyangex/ABAP,2017-12-02T03:26:30Z
ZwdSudoku,13,https://github.com/WegnerDan/ZwdSudoku,2017-12-23T23:54:16Z
ZwdFTP,11,https://github.com/WegnerDan/ZwdFTP,2017-12-24T00:24:26Z
zwm013,10,https://github.com/mhaopacheco/zwm013,2017-12-21T23:27:13Z
ZwdHangman,10,https://github.com/WegnerDan/ZwdHangman,2017-12-23T22:29:02Z
ABAPJSON,8,https://github.com/ClaudDD/ABAPJSON,2017-12-10T10:39:39Z
autostart,6,https://github.com/Keller-Michael/autostart,2017-12-20T19:10:16Z
ImageClassifierService,6,https://github.com/sazaed/ImageClassifierService,2017-12-25T13:01:37Z
SAP,5,https://github.com/LandgrebeSoftwareSolutions/SAP,2017-12-23T15:21:13Z
abap-service-example,5,https://github.com/mkarczewski85/abap-service-example,2017-12-14T07:19:28Z
zlogging,5,https://github.com/maxfreck/zlogging,2017-12-01T07:22:40Z
BIS2_Beleg,5,https://github.com/s73331/BIS2_Beleg,2017-12-13T17:43:16Z
SAP_GW,4,https://github.com/LandgrebeSoftwareSolutions/SAP_GW,2017-12-26T17:40:14Z
test_abapGit,4,https://github.com/uxkjaer/test_abapGit,2017-12-19T10:54:07Z
Insurance,3,https://github.com/Teng-Long/Insurance,2017-12-08T08:22:09Z
itab2html,3,https://github.com/sap-russia/itab2html,2017-12-27T11:15:24Z
zalex_test_general,3,https://github.com/columnidalex/zalex_test_general,2017-12-27T03:13:34Z
mydemo,2,https://github.com/lnitcheu/mydemo,2017-12-25T19:15:41Z
ZKCKABAPREPO,2,https://github.com/Enstrapp/ZKCKABAPREPO,2017-12-15T12:15:05Z
Y_RELEASE_CHANGE_REQUESTS,1,https://github.com/maopacheco/Y_RELEASE_CHANGE_REQUESTS,2017-12-19T19:57:25Z
abaptest,1,https://github.com/lcdszl/abaptest,2017-12-07T16:29:59Z
ABAPQuery-Codes,0,https://github.com/joharog/ABAPQuery-Codes,2017-12-15T14:59:24Z
build,123978,https://github.com/abapGit/build,2018-01-14T13:21:30Z
Tennis-Refactoring-Kata-master,9543,https://github.com/gameoft/Tennis-Refactoring-Kata-master,2018-01-27T09:39:35Z
abap_utils,865,https://github.com/lucodealethea/abap_utils,2018-01-23T12:12:29Z
TR_Abap_Examples,155,https://github.com/treisinger/TR_Abap_Examples,2018-01-19T09:17:23Z
PAO-head-first,116,https://github.com/brehberg/PAO-head-first,2018-01-22T17:08:40Z
abap_fm_json_bc,94,https://github.com/cesar-sap/abap_fm_json_bc,2018-01-23T12:12:40Z
abapstuffs,43,https://github.com/marcelloganzaroli/abapstuffs,2018-01-23T05:59:11Z
ZGL_REPORT_DOCX,40,https://github.com/Igor34rus/ZGL_REPORT_DOCX,2018-01-30T13:15:52Z
zca_flights,40,https://github.com/ycohen-dev/zca_flights,2018-01-03T18:54:43Z
blog,29,https://github.com/tricktresor/blog,2018-01-10T20:18:43Z
abap-prometheus,28,https://github.com/pacroy/abap-prometheus,2018-01-04T13:49:38Z
AbapOOReports,25,https://github.com/oxgl/AbapOOReports,2018-01-08T15:48:51Z
abapgittest,24,https://github.com/phucdt4/abapgittest,2018-01-14T06:29:50Z
alv_grid,23,https://github.com/tricktresor/alv_grid,2018-01-10T19:15:13Z
CompareNewABAP-CDS-AMDP-CTE,23,https://github.com/archer4sap/CompareNewABAP-CDS-AMDP-CTE,2018-01-10T06:27:07Z
CDSAssociation1,19,https://github.com/archer4sap/CDSAssociation1,2018-01-05T10:57:56Z
sap-sprint-examples,18,https://github.com/cdonau/sap-sprint-examples,2018-01-11T11:08:35Z
SimpleCDSTableFunction,17,https://github.com/archer4sap/SimpleCDSTableFunction,2018-01-08T09:43:21Z
CDSOptionalParameter,17,https://github.com/archer4sap/CDSOptionalParameter,2018-01-06T21:51:38Z
games,16,https://github.com/tricktresor/games,2018-01-10T19:44:42Z
zbc_002,16,https://github.com/mhaopacheco/zbc_002,2018-01-21T13:31:23Z
CDSAssociation2,16,https://github.com/archer4sap/CDSAssociation2,2018-01-05T18:00:06Z
CDSParameter,16,https://github.com/archer4sap/CDSParameter,2018-01-10T17:07:48Z
multiple_selections,15,https://github.com/tricktresor/multiple_selections,2018-01-09T22:47:14Z
for-SAP,15,https://github.com/ButuzovDima/for-SAP,2018-01-21T13:33:16Z
abapCrimson,11,https://github.com/AndreiStefanie/abapCrimson,2018-01-09T16:36:50Z
ABAP_REST_Kata_2,10,https://github.com/christianguenter2/ABAP_REST_Kata_2,2018-01-08T08:12:07Z
AbapTableSearch,5,https://github.com/oxgl/AbapTableSearch,2018-01-08T15:33:26Z
AbapSimpleQueryBuilder,5,https://github.com/oxgl/AbapSimpleQueryBuilder,2018-01-09T13:09:14Z
abapExemplosEstudo,4,https://github.com/glaucodiogo/abapExemplosEstudo,2018-01-16T22:42:25Z
smart-screenshots,4,https://github.com/Keller-Michael/smart-screenshots,2018-01-04T20:32:24Z
demo,3,https://github.com/tricktresor/demo,2018-01-10T23:24:35Z
abapgit_demo,3,https://github.com/cjbungay/abapgit_demo,2018-01-11T18:15:32Z
test_tags,3,https://github.com/christianguenter3/test_tags,2018-01-02T21:28:15Z
abap_test1,3,https://github.com/michi80/abap_test1,2018-01-31T14:31:20Z
test1,2,https://github.com/jprgks62/test1,2018-01-16T15:42:58Z
abapTimeAndDate,2,https://github.com/SEALSystemsWeiss/abapTimeAndDate,2018-01-24T07:53:52Z
Blockchain,2,https://github.com/Four-G-Tech/Blockchain,2018-01-04T08:26:44Z
random_maze_generator,1,https://github.com/Keller-Michael/random_maze_generator,2018-01-29T16:45:50Z
AWS_S3_SDK_for_ABAP,6470,https://github.com/aluferraz/AWS_S3_SDK_for_ABAP,2018-02-04T19:41:24Z
xtt,1940,https://github.com/bizhuka/xtt,2018-02-08T06:31:13Z
SAPPROJ,667,https://github.com/phaniacumen/SAPPROJ,2018-02-28T13:28:30Z
ZABAPGIT,348,https://github.com/aprilJOYI/ZABAPGIT,2018-02-21T09:16:04Z
arquivo-de-pagamento-sap,160,https://github.com/edmilson-nascimento/arquivo-de-pagamento-sap,2018-02-26T21:43:00Z
abap_kafka_rest_proxy,61,https://github.com/cesar-sap/abap_kafka_rest_proxy,2018-02-03T00:15:18Z
Nav-Tree,84,https://github.com/edmilson-nascimento/Nav-Tree,2018-02-09T16:53:58Z
ecs,29,https://github.com/oenb/ecs,2018-02-22T08:08:34Z
SAP_MAIL,23,https://github.com/tenghf/SAP_MAIL,2018-02-03T01:55:17Z
abapITABOperations,22,https://github.com/joschkarick/abapITABOperations,2018-02-12T16:19:02Z
abapFileTool,16,https://github.com/geertnackers/abapFileTool,2018-02-23T14:38:48Z
Pedido-de-Compras-SAP,9,https://github.com/edmilson-nascimento/Pedido-de-Compras-SAP,2018-02-20T18:41:22Z
ABAP_GIT,6,https://github.com/crounly/ABAP_GIT,2018-02-05T20:32:59Z
SAP-documents-attachments,6,https://github.com/flamoedo/SAP-documents-attachments,2018-02-07T17:12:00Z
proj_1_repository,8,https://github.com/tonymn/proj_1_repository,2018-02-13T17:36:15Z
abapJSONTransformation,5,https://github.com/wechris/abapJSONTransformation,2018-02-07T20:36:46Z
test-rep,4,https://github.com/pabloworkspace/test-rep,2018-02-06T08:29:23Z
romanNumeralsKata,4,https://github.com/gepparta/romanNumeralsKata,2018-02-19T22:30:59Z
abap-snippets,4,https://github.com/tiagobalmeida/abap-snippets,2018-02-01T14:22:58Z
abapZIPCLASS_EXAMPLE,4,https://github.com/wechris/abapZIPCLASS_EXAMPLE,2018-02-18T20:07:50Z
ZCD_DEMO,4,https://github.com/Exvee/ZCD_DEMO,2018-02-06T22:15:40Z
SIT_2018,4,https://github.com/gepparta/SIT_2018,2018-02-23T15:51:54Z
ybc902,3,https://github.com/mhaopacheco/ybc902,2018-02-04T17:27:38Z
Requisicao-de-compras-SAP,3,https://github.com/edmilson-nascimento/Requisicao-de-compras-SAP,2018-02-20T18:56:46Z
sitbne,3,https://github.com/grahamrobbo/sitbne,2018-02-22T09:20:01Z
empty_fm_abaplint,2,https://github.com/eduardocopat/empty_fm_abaplint,2018-02-08T15:03:12Z
VisualizeGateway,2,https://github.com/larshp/VisualizeGateway,2018-02-17T08:38:42Z
_abap,1,https://github.com/davidvela/_abap,2018-02-07T22:28:13Z
abapObjectBook,1,https://github.com/eguo/abapObjectBook,2018-02-19T20:36:48Z
ABAP-SDK-for-Azure,20428,https://github.com/microsoft/ABAP-SDK-for-Azure,2018-03-10T20:01:50Z
aqo,3503,https://github.com/bizhuka/aqo,2018-03-14T04:02:03Z
CodeSnippet,3052,https://github.com/ElanUpper/CodeSnippet,2018-03-03T02:01:10Z
ApexPoc,1289,https://github.com/gsarunk/ApexPoc,2018-03-12T12:24:15Z
OS_WritingTestableABAPc,743,https://github.com/davidvela/OS_WritingTestableABAPc,2018-03-18T20:15:45Z
zsaplink,306,https://github.com/lucodealethea/zsaplink,2018-03-21T14:14:47Z
Common_ABAP,294,https://github.com/MySupplyChainGroup/Common_ABAP,2018-03-07T16:02:14Z
Cubiscan_ABAP,272,https://github.com/MySupplyChainGroup/Cubiscan_ABAP,2018-03-06T16:43:03Z
ADT_Backend,165,https://github.com/abapGit/ADT_Backend,2018-03-21T04:59:51Z
ABAP_CODE,139,https://github.com/crounly/ABAP_CODE,2018-03-20T12:42:47Z
SAP-FI-notes,134,https://github.com/aamelin1/SAP-FI-notes,2018-03-27T10:54:49Z
prettier-printer,115,https://github.com/fabianlupa/prettier-printer,2018-03-26T18:43:30Z
UnitTest,100,https://github.com/ShilpaKheria/UnitTest,2018-03-22T08:56:55Z
myabap,80,https://github.com/mark-washick/myabap,2018-03-06T21:56:39Z
AbapUnit,78,https://github.com/gsarunk/AbapUnit,2018-03-16T06:19:09Z
sapcp_AUT2018,65,https://github.com/absmeierst/sapcp_AUT2018,2018-03-20T15:44:03Z
SAP-ABAP,63,https://github.com/croz360/SAP-ABAP,2018-03-08T01:46:41Z
RosettaAlgorithms,35,https://github.com/gabbian1/RosettaAlgorithms,2018-03-06T11:15:13Z
ABAP,20,https://github.com/MartinBlumHF/ABAP,2018-03-12T09:42:58Z
opensap-wtc1,18,https://github.com/cdonau/opensap-wtc1,2018-03-13T13:31:21Z
ABAPCodeBox,16,https://github.com/gabbian1/ABAPCodeBox,2018-03-06T10:48:40Z
synchronize-SAP-GUI-favorites,11,https://github.com/Keller-Michael/synchronize-SAP-GUI-favorites,2018-03-18T20:21:40Z
ABAP_DESKTOP,11,https://github.com/croz360/ABAP_DESKTOP,2018-03-24T03:35:29Z
NewRepo,956,https://github.com/gonuguntla9/NewRepo,2018-03-24T09:55:42Z
s4hana-demo,9,https://github.com/leocaogit/s4hana-demo,2018-03-21T08:44:49Z
sap_atheer,7,https://github.com/jkannn/sap_atheer,2018-03-25T20:33:55Z
SAP-ABAP,7,https://github.com/kpldargaw/SAP-ABAP,2018-03-01T09:00:13Z
Andrea_test,4,https://github.com/andreaguglielmi/Andrea_test,2018-03-27T07:17:57Z
online_installer,4,https://github.com/abapGit/online_installer,2018-03-25T11:16:03Z
abap,4,https://github.com/chriswang2018/abap,2018-03-20T04:41:03Z
write-testable-code-for-abap,2,https://github.com/zhaoshengjun/write-testable-code-for-abap,2018-03-14T06:23:46Z
s4h-demo,2,https://github.com/leocaogit/s4h-demo,2018-03-26T07:42:53Z
abapgit_user_exit,1,https://github.com/filak-sap/abapgit_user_exit,2018-03-16T16:39:46Z
Tennis-Refactoring-Kata,504,https://github.com/safitanet/Tennis-Refactoring-Kata,2018-04-02T18:34:09Z
tennis-refactoring-kata,495,https://github.com/rosiehsmith/tennis-refactoring-kata,2018-04-16T14:51:02Z
sap_to_active_directory,396,https://github.com/palermo-consulting/sap_to_active_directory,2018-04-19T17:36:15Z
sapinterfacemonitor,202,https://github.com/rayatus/sapinterfacemonitor,2018-04-30T19:18:11Z
abap_debugger_object_graph_extension,165,https://github.com/marcellourbani/abap_debugger_object_graph_extension,2018-04-21T06:00:53Z
Skyscraper,163,https://github.com/roannefigueroa/Skyscraper,2018-04-12T02:35:03Z
write_testable_code_for_abap,138,https://github.com/arisvanmazijk/write_testable_code_for_abap,2018-04-02T10:13:48Z
TDD_EXERCISE-,68,https://github.com/eucl1d3s/TDD_EXERCISE-,2018-04-17T13:12:32Z
ABAP_knowledge_Collect,66,https://github.com/tsehfischer/ABAP_knowledge_Collect,2018-04-19T02:01:05Z
Wave_Simulator_ABAP,65,https://github.com/MySupplyChainGroup/Wave_Simulator_ABAP,2018-04-04T14:27:56Z
abap_interface_framework,65,https://github.com/palermo-consulting/abap_interface_framework,2018-04-19T18:36:23Z
wdp_selopt_variant,64,https://github.com/saintnicster/wdp_selopt_variant,2018-04-12T16:31:44Z
MacGyver,60,https://github.com/gabbian1/MacGyver,2018-04-04T19:36:53Z
abap_Filehandler,59,https://github.com/xamafe/abap_Filehandler,2018-04-03T20:53:19Z
abapFLWrapper,50,https://github.com/hapejot/abapFLWrapper,2018-04-24T06:22:06Z
ABAP_TOOLS,43,https://github.com/MaroNoMaro/ABAP_TOOLS,2018-04-17T06:46:47Z
ZDEVTOOLS,30,https://github.com/jordirosa/ZDEVTOOLS,2018-04-19T19:36:21Z
abaprestapi,22,https://github.com/glosserc/abaprestapi,2018-04-04T07:48:50Z
ABAP_ML_IMG_CLASSIF,20,https://github.com/ajayrawatsap/ABAP_ML_IMG_CLASSIF,2018-04-03T17:15:46Z
sap-crm-abap-cookbook,20,https://github.com/svict4/sap-crm-abap-cookbook,2018-04-17T02:23:56Z
abap-rest-api,19,https://github.com/rkpkosuru/abap-rest-api,2018-04-20T01:56:51Z
classe-outro-report,20,https://github.com/edmilson-nascimento/classe-outro-report,2018-04-05T20:12:40Z
abap,19,https://github.com/ranimonal12/abap,2018-04-20T08:06:23Z
uid64,18,https://github.com/mkysoft/uid64,2018-04-01T22:12:18Z
ZTOOLS_TEST,18,https://github.com/jordirosa/ZTOOLS_TEST,2018-04-18T21:49:26Z
gol,16,https://github.com/hapejot/gol,2018-04-17T08:28:04Z
file-application-server,14,https://github.com/edmilson-nascimento/file-application-server,2018-04-16T14:00:32Z
describe_by_data,13,https://github.com/edmilson-nascimento/describe_by_data,2018-04-19T13:37:28Z
abapDI,13,https://github.com/hapejot/abapDI,2018-04-17T06:10:17Z
Demo_ACR,12,https://github.com/nabhanm/Demo_ACR,2018-04-18T06:36:05Z
hello-world,12,https://github.com/gerardomartingozalo/hello-world,2018-04-11T10:50:14Z
batch-job-generator,12,https://github.com/palermo-consulting/batch-job-generator,2018-04-09T16:57:27Z
ZRJRUSS_ABAP,11,https://github.com/rjruss/ZRJRUSS_ABAP,2018-04-29T20:25:39Z
abap_toolbox,12,https://github.com/palermo-consulting/abap_toolbox,2018-04-30T15:01:48Z
apab_git1,6,https://github.com/VandittSama/apab_git1,2018-04-10T11:53:28Z
Van_git1,5,https://github.com/VandittSama/Van_git1,2018-04-16T09:47:02Z
test,5,https://github.com/larshp/test,2018-04-02T07:24:57Z
MyABAP,5,https://github.com/eucl1d3s/MyABAP,2018-04-12T11:50:12Z
demo,5,https://github.com/JaxxCZE/demo,2018-04-27T13:36:00Z
Benno-test-repo,4,https://github.com/sap4ever/Benno-test-repo,2018-04-20T13:52:54Z
abapgit_demo,2,https://github.com/Huargh/abapgit_demo,2018-04-06T10:34:44Z
Transports,2,https://github.com/VandittSama/Transports,2018-04-24T12:01:41Z
zcl_docx,13885,https://github.com/AntonSikidin/zcl_docx,2018-05-30T13:22:09Z
zbpc,1899,https://github.com/lucodealethea/zbpc,2018-05-24T06:20:29Z
abap-reference,321,https://github.com/kkayacan/abap-reference,2018-05-22T07:57:52Z
ABAP_training,228,https://github.com/Seixas/ABAP_training,2018-05-09T21:50:13Z
s4hanacrm,146,https://github.com/devstifeev/s4hanacrm,2018-05-29T21:53:47Z
Transport_Files_Tool,135,https://github.com/SaschaWaechter/Transport_Files_Tool,2018-05-20T15:29:50Z
zhtmlui,121,https://github.com/maxfreck/zhtmlui,2018-05-20T08:44:45Z
ABAP,105,https://github.com/sercankd/ABAP,2018-05-30T08:39:17Z
OpenSAP,104,https://github.com/gsarunk/OpenSAP,2018-05-10T16:40:21Z
testableABAP,65,https://github.com/i302574/testableABAP,2018-05-08T13:54:26Z
ABAP,65,https://github.com/nalacarol/ABAP,2018-05-02T13:37:48Z
aspec,58,https://github.com/eduardocopat/aspec,2018-05-10T20:04:50Z
sap-mass-abap-download-program,57,https://github.com/palermo-consulting/sap-mass-abap-download-program,2018-05-02T15:50:18Z
abapOAuthAzure,40,https://github.com/gregorwolf/abapOAuthAzure,2018-05-12T15:54:03Z
abapTools,36,https://github.com/hapejot/abapTools,2018-05-03T21:15:00Z
abap-trip-service-kata,32,https://github.com/gfonseca21/abap-trip-service-kata,2018-05-03T09:15:00Z
ABAPOODesignPattern,31,https://github.com/s-cbrunn/ABAPOODesignPattern,2018-05-10T13:15:09Z
SAP-ABAP,30,https://github.com/samuelmr722/SAP-ABAP,2018-05-11T15:36:26Z
abap-example-codes,27,https://github.com/VladimirErakovic/abap-example-codes,2018-05-24T11:37:34Z
abaper_test,24,https://github.com/fixeln/abaper_test,2018-05-09T09:50:32Z
ABAP,23,https://github.com/NewbeeDeveloper/ABAP,2018-05-16T22:33:31Z
abap,16,https://github.com/SrChach/abap,2018-05-07T21:58:48Z
0main_abap_test,8,https://github.com/fgpeixo/0main_abap_test,2018-05-23T09:38:57Z
grupoccr-ams,8,https://github.com/CWIT-SF-HCM/grupoccr-ams,2018-05-26T16:11:36Z
Atn_repo,7,https://github.com/arathy-nair/Atn_repo,2018-05-30T06:09:17Z
3EnABAP,5,https://github.com/jordirosa/3EnABAP,2018-05-17T18:39:54Z
B-ABAP,5,https://github.com/jeduardopaes/B-ABAP,2018-05-09T22:10:23Z
prometheus,3,https://github.com/larshp/prometheus,2018-05-13T11:02:44Z
testonrepo2,3,https://github.com/eprudden/testonrepo2,2018-05-29T17:54:22Z
Z_DELETE_AGENTRY_APP,2,https://github.com/lucattelli/Z_DELETE_AGENTRY_APP,2018-05-25T18:05:47Z
testonrepo,2,https://github.com/eprudden/testonrepo,2018-05-30T17:22:06Z
Aula-20180509,2,https://github.com/asesmarcio/Aula-20180509,2018-05-09T22:49:46Z
testoffrepo2,2,https://github.com/eprudden/testoffrepo2,2018-05-29T17:54:06Z
testoffrepo,2,https://github.com/eprudden/testoffrepo,2018-05-30T17:04:57Z
HANA_APP,13,https://github.com/deepakprd/HANA_APP,2018-05-11T10:52:53Z
https-github.com-ivanfemia-abap2xlsx,20869,https://github.com/NonGrande/https-github.com-ivanfemia-abap2xlsx,2018-06-04T03:33:31Z
SAP_Watson_Visual_Recognition,2998,https://github.com/GiovBu/SAP_Watson_Visual_Recognition,2018-06-20T15:19:35Z
rulerunner4ABAP,1294,https://github.com/rulerunner/rulerunner4ABAP,2018-06-22T08:17:53Z
SQLScript-fuer-SAP-HANA,498,https://github.com/captainabap/SQLScript-fuer-SAP-HANA,2018-06-15T13:06:43Z
Sources,346,https://github.com/abapkochbuch/Sources,2018-06-21T15:49:02Z
ABAP_DAO,289,https://github.com/TSCHEWE/ABAP_DAO,2018-06-11T11:18:53Z
ZCONTROLE_REQUEST,265,https://github.com/Wandersonwos/ZCONTROLE_REQUEST,2018-06-04T20:06:00Z
ZBW_UTILITIES,197,https://github.com/lucodealethea/ZBW_UTILITIES,2018-06-09T11:55:46Z
climo,169,https://github.com/impnguyen/climo,2018-06-04T20:35:02Z
afs_oo,81,https://github.com/kartefact/afs_oo,2018-06-20T12:20:05Z
ShoppingBasketUI5,41,https://github.com/manwell77/ShoppingBasketUI5,2018-06-12T10:12:17Z
myabaprepo,31,https://github.com/matheusbrasil/myabaprepo,2018-06-04T11:06:34Z
ZABAPGITHUB_DEMO,25,https://github.com/RANAHI/ZABAPGITHUB_DEMO,2018-06-27T15:32:45Z
abapTopics,23,https://github.com/hapejot/abapTopics,2018-06-12T07:28:51Z
abapMessage,14,https://github.com/jpbourne/abapMessage,2018-06-22T13:33:29Z
abap_itab_perf,9,https://github.com/pokrakam/abap_itab_perf,2018-06-27T19:27:14Z
ABAP-GlobalToLocal,9,https://github.com/SAP2Moose/ABAP-GlobalToLocal,2018-06-15T09:23:40Z
loop_performance_comparison,7,https://github.com/tricktresor/loop_performance_comparison,2018-06-21T10:10:18Z
find_redefinitions,6,https://github.com/tricktresor/find_redefinitions,2018-06-26T15:34:21Z
defrayal,5,https://github.com/pichel3000/defrayal,2018-06-28T10:39:33Z
ABAP-stuff,4,https://github.com/fgrab/ABAP-stuff,2018-06-04T12:32:40Z
example_clas_pull,4,https://github.com/filak-sap/example_clas_pull,2018-06-26T16:07:01Z
halloGit,4,https://github.com/ffischer1984/halloGit,2018-06-11T12:33:01Z
Mastering-SAP-ABAP,3,https://github.com/nikhilborkar/Mastering-SAP-ABAP,2018-06-15T08:33:25Z
testrepo,2,https://github.com/pichel3000/testrepo,2018-06-26T11:06:28Z
saugsummit2018,9388,https://github.com/grahamrobbo/saugsummit2018,2018-07-17T01:03:54Z
UI5_OData_CRUD_Example,2018,https://github.com/maenujem/UI5_OData_CRUD_Example,2018-07-15T00:50:10Z
2018-localization-summit-tdf-report,1606,https://github.com/mateusaubin/2018-localization-summit-tdf-report,2018-07-18T18:01:56Z
8627_demo,995,https://github.com/Chenabap/8627_demo,2018-07-24T01:43:59Z
ABAP,897,https://github.com/rubenf89/ABAP,2018-07-05T16:22:04Z
MQBA,503,https://github.com/MDJoerg/MQBA,2018-07-13T19:07:01Z
abapGit-build,306,https://github.com/sb-sap/abapGit-build,2018-07-10T08:58:17Z
abap-alv-google-upload-sheet,148,https://github.com/SAP-samples/abap-alv-google-upload-sheet,2018-07-20T01:36:36Z
abapMQ,70,https://github.com/INVIXO/abapMQ,2018-07-10T17:13:09Z
sp2-gafesc,70,https://github.com/absap/sp2-gafesc,2018-07-26T20:15:49Z
abap_ml,54,https://github.com/allexch/abap_ml,2018-07-26T08:05:47Z
Cygnus,49,https://github.com/gabbian1/Cygnus,2018-07-26T14:17:26Z
abapgittestrepo,45,https://github.com/germ4nhunter/abapgittestrepo,2018-07-19T11:42:36Z
ShoppingBasketUI5Extended,39,https://github.com/manwell77/ShoppingBasketUI5Extended,2018-07-03T13:39:17Z
FUGR_maint_view,29,https://github.com/abapGit-tests/FUGR_maint_view,2018-07-13T07:56:25Z
zbc_job_scheduler,22,https://github.com/attilaberencsi/zbc_job_scheduler,2018-07-09T11:18:25Z
parallel_test,18,https://github.com/larshp/parallel_test,2018-07-29T09:33:44Z
abap-gateway-tests,16,https://github.com/jgsousa/abap-gateway-tests,2018-07-21T16:03:09Z
abapExportAndImport,15,https://github.com/sreenuvaleti/abapExportAndImport,2018-07-18T03:25:17Z
ABAPCI_ABAPGIT,11,https://github.com/andau/ABAPCI_ABAPGIT,2018-07-12T20:13:35Z
DSAG_DEMO,11,https://github.com/christianguenter2/DSAG_DEMO,2018-07-01T18:34:22Z
PROG,13,https://github.com/abapGit-tests/PROG,2018-07-26T12:42:19Z
abap_tests,7,https://github.com/jgsousa/abap_tests,2018-07-10T21:40:15Z
SSFO,9,https://github.com/abapGit-tests/SSFO,2018-07-26T13:09:11Z
se80,6,https://github.com/sharonvinod/se80,2018-07-11T09:13:31Z
FUGR,10,https://github.com/abapGit-tests/FUGR,2018-07-09T16:36:03Z
cds_mk,6,https://github.com/pichel3000/cds_mk,2018-07-03T09:39:28Z
SMF,5,https://github.com/KlemmJan/SMF,2018-07-18T12:51:06Z
WDYA_and_WDYN,8,https://github.com/abapGit-tests/WDYA_and_WDYN,2018-07-27T13:39:32Z
abap_git,5,https://github.com/timostark/abap_git,2018-07-20T07:59:35Z
api_examples,4,https://github.com/abapGit/api_examples,2018-07-28T07:57:03Z
INTF,4,https://github.com/abapGit-tests/INTF,2018-07-21T11:33:14Z
CLAS,5,https://github.com/abapGit-tests/CLAS,2018-07-11T19:11:14Z
soundcheck,3,https://github.com/Keller-Michael/soundcheck,2018-07-01T18:30:53Z
test_repo,3,https://github.com/lkuennemann/test_repo,2018-07-13T10:18:07Z
Ultron,3,https://github.com/killmonger8539/Ultron,2018-07-06T06:14:23Z
NikeDemo,3,https://github.com/gsarunk/NikeDemo,2018-07-27T15:35:44Z
TYPE,2,https://github.com/abapGit-tests/TYPE,2018-07-27T13:41:56Z
father-package,2,https://github.com/eduardocopat/father-package,2018-07-04T17:06:45Z
child-package,1,https://github.com/eduardocopat/child-package,2018-07-04T17:06:56Z
Log,1,https://github.com/iamtheiceman/Log,2018-07-16T09:08:32Z
abap_repo,1,https://github.com/SOAPeople-LukasGiesler/abap_repo,2018-07-11T07:49:08Z
abap-misc,0,https://github.com/andkopp/abap-misc,2018-07-04T21:25:43Z
sapteched2018,38261,https://github.com/grahamrobbo/sapteched2018,2018-08-27T23:10:01Z
abapFaker,290,https://github.com/se38/abapFaker,2018-08-18T14:57:54Z
ABAPCodeVault,283,https://github.com/raymondbonnmendoza/ABAPCodeVault,2018-08-03T10:46:46Z
container_hierarchy,230,https://github.com/tricktresor/container_hierarchy,2018-08-27T10:59:52Z
mockup_compiler,133,https://github.com/sbcgua/mockup_compiler,2018-08-21T12:51:28Z
JSON2ABAPType,87,https://github.com/fidley/JSON2ABAPType,2018-08-20T16:24:34Z
abap-tips,74,https://github.com/fareez-ahamed/abap-tips,2018-08-15T06:43:40Z
background_modes,55,https://github.com/abapGit/background_modes,2018-08-04T09:05:15Z
easy-file,54,https://github.com/sandraros/easy-file,2018-08-14T11:06:01Z
zaxyt_abap_1,33,https://github.com/bobxu/zaxyt_abap_1,2018-08-22T13:52:13Z
ABAPCodeSnippets,29,https://github.com/liutian1998/ABAPCodeSnippets,2018-08-06T05:45:59Z
Demos_CMO,25,https://github.com/MDJoerg/Demos_CMO,2018-08-07T17:07:33Z
test,23,https://github.com/darwinacitizen/test,2018-08-23T10:41:09Z
CNA385,19,https://github.com/SAP-Cloud-Platform/CNA385,2018-08-28T07:58:46Z
batch-input-helper,17,https://github.com/sandraros/batch-input-helper,2018-08-25T16:22:53Z
abapObjAPI,15,https://github.com/sandraros/abapObjAPI,2018-08-21T13:32:41Z
SHMA,14,https://github.com/abapGit-tests/SHMA,2018-08-31T12:36:18Z
joboo-XBP,13,https://github.com/sandraros/joboo-XBP,2018-08-12T15:13:33Z
ENHO,14,https://github.com/abapGit-tests/ENHO,2018-08-12T08:21:22Z
ZCL_ALV_TABLE_CREATE_RTTC,12,https://github.com/sandraros/ZCL_ALV_TABLE_CREATE_RTTC,2018-08-26T07:57:42Z
abap-example-generate-xml,12,https://github.com/nimble-123/abap-example-generate-xml,2018-08-05T13:15:14Z
ZUNBURST_MEMSTAT_D_USR2TR,9,https://github.com/11AND2/ZUNBURST_MEMSTAT_D_USR2TR,2018-08-26T12:31:30Z
ABAPCodeSamples,9,https://github.com/MLDOliveira/ABAPCodeSamples,2018-08-21T18:45:37Z
Demos_QRFC,8,https://github.com/MDJoerg/Demos_QRFC,2018-08-07T16:57:32Z
AULA0,6,https://github.com/Ronalves/AULA0,2018-08-25T19:13:25Z
abapGit-user-exit-logon-by-rfc,6,https://github.com/sandraros/abapGit-user-exit-logon-by-rfc,2018-08-23T07:51:22Z
abapGit,6,https://github.com/galaskarr/abapGit,2018-08-14T20:33:02Z
abapGit_unicode,5,https://github.com/JohannesKonings/abapGit_unicode,2018-08-13T19:29:13Z
SAPABAP,4,https://github.com/Zerocool985/SAPABAP,2018-08-01T07:38:31Z
abapGit-Swagger,4,https://github.com/JohannesKonings/abapGit-Swagger,2018-08-10T09:43:44Z
hello_3,4,https://github.com/Adevg/hello_3,2018-08-23T14:07:45Z
PROG_dynp_resize,5,https://github.com/abapGit-tests/PROG_dynp_resize,2018-08-29T11:21:16Z
OrgKeyRepo,3,https://github.com/MBABAP/OrgKeyRepo,2018-08-02T08:43:20Z
hello-abapgit,1,https://github.com/Adevg/hello-abapgit,2018-08-23T13:14:04Z
test,1,https://github.com/absap/test,2018-08-22T11:15:51Z
TWI_AGIT1,1,https://github.com/WIETHOMAS/TWI_AGIT1,2018-08-31T14:25:46Z
ABAP-Hudson,1335,https://github.com/sandraros/ABAP-Hudson,2018-09-05T06:54:24Z
minion_dojo,1025,https://github.com/tricktresor/minion_dojo,2018-09-06T16:37:26Z
ZGRF2_CERT,718,https://github.com/jrasmussen1/ZGRF2_CERT,2018-09-21T08:57:41Z
y-version,540,https://github.com/abapGit/y-version,2018-09-28T09:23:49Z
sapLink,206,https://github.com/ivangurin/sapLink,2018-09-29T10:42:27Z
ARA-Industries,141,https://github.com/ekaropolus/ARA-Industries,2018-09-07T16:29:49Z
REQUEST_REPORT,101,https://github.com/marcelochal/REQUEST_REPORT,2018-09-25T22:09:20Z
epm-websockets,75,https://github.com/serban-petrescu/epm-websockets,2018-09-04T12:48:08Z
abapGeneric,71,https://github.com/ivangurin/abapGeneric,2018-09-23T17:29:39Z
Sdw.Abap.Di,63,https://github.com/swixfort/Sdw.Abap.Di,2018-09-05T18:59:26Z
abap,59,https://github.com/abaptodo/abap,2018-09-16T09:18:40Z
abapWD,50,https://github.com/ivangurin/abapWD,2018-09-29T10:37:54Z
Blockchain-Game-Development,48,https://github.com/blockchainhelp-eu/Blockchain-Game-Development,2018-09-28T06:52:44Z
abap_recast_web_hook,46,https://github.com/cesar-sap/abap_recast_web_hook,2018-09-04T09:23:49Z
DDF-Steampunk,36,https://github.com/hisslerc/DDF-Steampunk,2018-09-28T23:35:18Z
TaskManagement,34,https://github.com/thfiedler/TaskManagement,2018-09-21T11:51:48Z
alv_utilities,33,https://github.com/irodrigob/alv_utilities,2018-09-27T19:53:57Z
abapPartner,33,https://github.com/ivangurin/abapPartner,2018-09-29T10:26:56Z
abapgraph,28,https://github.com/marcellourbani/abapgraph,2018-09-02T19:30:02Z
abapConstants,23,https://github.com/ivangurin/abapConstants,2018-09-29T10:06:40Z
CREATE_GL_ACCOUNTS,21,https://github.com/marcelochal/CREATE_GL_ACCOUNTS,2018-09-25T22:23:26Z
SAPObjectBookmark,21,https://github.com/abap-lab/SAPObjectBookmark,2018-09-09T09:28:11Z
SPRX,22,https://github.com/abapGit-tests/SPRX,2018-09-20T05:58:23Z
sitBERN,18,https://github.com/christianguenter2/sitBERN,2018-09-07T06:14:22Z
GIT_TO_ABAP,17,https://github.com/Adevg/GIT_TO_ABAP,2018-09-14T07:45:00Z
abapgit_issues_790,11,https://github.com/bigld/abapgit_issues_790,2018-09-05T19:36:46Z
abapWF,10,https://github.com/ivangurin/abapWF,2018-09-29T10:39:21Z
abapSOAP,10,https://github.com/ivangurin/abapSOAP,2018-09-29T10:32:37Z
ABAPparaNoABAPeros2018,10,https://github.com/JoseDeGabriel/ABAPparaNoABAPeros2018,2018-09-04T15:31:32Z
ZLS_ABAPGIT_TEST,9,https://github.com/ludvikspilka/ZLS_ABAPGIT_TEST,2018-09-13T13:47:49Z
AULAS,9,https://github.com/Ronalves/AULAS,2018-09-01T20:28:46Z
WEBI,12,https://github.com/abapGit-tests/WEBI,2018-09-28T14:15:24Z
RESTful-webservices,9,https://github.com/sandraros/RESTful-webservices,2018-09-05T06:22:45Z
ENHC,9,https://github.com/abapGit-tests/ENHC,2018-09-12T09:54:15Z
mockup_loader_stub_double,8,https://github.com/sbcgua/mockup_loader_stub_double,2018-09-01T11:54:12Z
abapExcel,8,https://github.com/ivangurin/abapExcel,2018-09-29T10:13:09Z
test-workflow,8,https://github.com/fabianlupa/test-workflow,2018-09-01T13:54:46Z
abapUser,8,https://github.com/ivangurin/abapUser,2018-09-29T10:36:42Z
abapControls,8,https://github.com/ivangurin/abapControls,2018-09-29T10:10:17Z
abapPI,8,https://github.com/ivangurin/abapPI,2018-09-29T10:28:27Z
AnotherDemoContent,8,https://github.com/ThomasPloski/AnotherDemoContent,2018-09-19T10:34:13Z
CLAS_full,7,https://github.com/abapGit-tests/CLAS_full,2018-09-21T09:09:49Z
desafio-01,7,https://github.com/Ronalves/desafio-01,2018-09-06T16:39:47Z
CLAS_wf,7,https://github.com/abapGit-tests/CLAS_wf,2018-09-29T07:59:50Z
abapMail,7,https://github.com/ivangurin/abapMail,2018-09-29T10:24:52Z
abapCommon,7,https://github.com/ivangurin/abapCommon,2018-09-29T10:01:53Z
ABAP,7,https://github.com/gokhansucu/ABAP,2018-09-15T10:51:39Z
abapUNIX,7,https://github.com/ivangurin/abapUNIX,2018-09-29T10:35:42Z
abapClassification,6,https://github.com/ivangurin/abapClassification,2018-09-29T10:00:21Z
abapFile,5,https://github.com/ivangurin/abapFile,2018-09-29T10:15:10Z
ABAP_OO_REFRESHER,5,https://github.com/Huargh/ABAP_OO_REFRESHER,2018-09-22T11:57:14Z
abapgit-workflow,5,https://github.com/absap/abapgit-workflow,2018-09-25T13:55:15Z
patterns,5,https://github.com/Kamilkov/patterns,2018-09-03T14:36:17Z
abapGOS,5,https://github.com/ivangurin/abapGOS,2018-09-29T10:19:57Z
abapFPM,4,https://github.com/ivangurin/abapFPM,2018-09-29T10:17:02Z
abapJob,4,https://github.com/ivangurin/abapJob,2018-09-29T10:23:10Z
abapPortal,4,https://github.com/ivangurin/abapPortal,2018-09-29T10:29:46Z
hello-world,4,https://github.com/michael-umlauff/hello-world,2018-09-13T20:51:25Z
abapArchivLink,4,https://github.com/ivangurin/abapArchivLink,2018-09-29T09:48:23Z
TRY,4,https://github.com/Noirlyn/TRY,2018-09-19T09:32:35Z
abapHTTP,4,https://github.com/ivangurin/abapHTTP,2018-09-29T10:21:31Z
abapFTP,4,https://github.com/ivangurin/abapFTP,2018-09-29T10:18:38Z
abapgit,3,https://github.com/Gieslerl2506/abapgit,2018-09-19T18:30:43Z
abap002,3,https://github.com/leocaogit/abap002,2018-09-15T03:08:31Z
abapBDS,3,https://github.com/ivangurin/abapBDS,2018-09-29T09:55:33Z
abapBSP,3,https://github.com/ivangurin/abapBSP,2018-09-29T09:58:22Z
abapBank,3,https://github.com/ivangurin/abapBank,2018-09-29T09:53:41Z
abapBI,3,https://github.com/ivangurin/abapBI,2018-09-29T09:56:53Z
abapXML,3,https://github.com/ivangurin/abapXML,2018-09-29T10:40:42Z
ZSORTING_ALGORITHMS,3,https://github.com/abeljohny/ZSORTING_ALGORITHMS,2018-09-30T17:18:24Z
abapgit_dbtests_TABL,2,https://github.com/bigld/abapgit_dbtests_TABL,2018-09-02T08:08:37Z
abapUI5,2,https://github.com/ivangurin/abapUI5,2018-09-29T10:34:11Z
abap,1,https://github.com/diogocarasco/abap,2018-09-11T19:15:05Z
ZAXYT_ABAPGIT_DEMO,1,https://github.com/bobxu/ZAXYT_ABAPGIT_DEMO,2018-09-04T13:35:26Z
Package_Name_Test,1,https://github.com/Adevg/Package_Name_Test,2018-09-17T07:28:24Z
bw_trfn_pocketknife,5001,https://github.com/pawelwiejkut/bw_trfn_pocketknife,2018-10-28T19:19:58Z
ABAP-Programming,2752,https://github.com/TaeHyeong0701/ABAP-Programming,2018-10-21T01:47:25Z
sap_abap,612,https://github.com/diogoccosta/sap_abap,2018-10-24T20:29:30Z
ABAP_Sending_Email,599,https://github.com/eliramy/ABAP_Sending_Email,2018-10-24T08:51:32Z
guidrasil,548,https://github.com/tricktresor/guidrasil,2018-10-10T21:51:31Z
RifactoringPractice,503,https://github.com/kusa10mm/RifactoringPractice,2018-10-18T09:34:09Z
Mastering-SAP-ABAP,248,https://github.com/PacktPublishing/Mastering-SAP-ABAP,2018-10-03T07:25:05Z
abap-fluentd,198,https://github.com/pacroy/abap-fluentd,2018-10-25T20:03:37Z
bw_toolbox,105,https://github.com/pawelwiejkut/bw_toolbox,2018-10-28T18:36:49Z
ABAP-in-SAP,98,https://github.com/maxnaxmi/ABAP-in-SAP,2018-10-16T05:57:52Z
agitTest3,74,https://github.com/OleksiiMalikov/agitTest3,2018-10-22T12:36:16Z
zplABAP,59,https://github.com/drmbms/zplABAP,2018-10-12T06:34:57Z
ABAP,55,https://github.com/virgil-andreies/ABAP,2018-10-12T07:30:52Z
Tutorial1a,54,https://github.com/JRemmel/Tutorial1a,2018-10-15T10:22:06Z
abapGitTestSEGWservice,45,https://github.com/gregorwolf/abapGitTestSEGWservice,2018-10-30T10:15:22Z
tiporeport,43,https://github.com/fmunozb01/tiporeport,2018-10-03T12:23:46Z
abap004,27,https://github.com/leocaogit/abap004,2018-10-10T01:51:31Z
ABAPCourse,26,https://github.com/dhorions/ABAPCourse,2018-10-17T05:34:10Z
agitTest,24,https://github.com/OleksiiMalikov/agitTest,2018-10-19T11:49:13Z
ABAP-HTML-Mail-Class,24,https://github.com/juansebastiansoto/ABAP-HTML-Mail-Class,2018-10-11T16:22:36Z
abapWord,24,https://github.com/ivangurin/abapWord,2018-10-03T10:22:56Z
abap_bit_demo,19,https://github.com/Huargh/abap_bit_demo,2018-10-10T14:26:26Z
SSFO_multiple_pages,24,https://github.com/abapGit-tests/SSFO_multiple_pages,2018-10-18T08:44:02Z
AbapExamples,16,https://github.com/xcom169/AbapExamples,2018-10-01T17:56:05Z
tutorial_http_service,15,https://github.com/JRemmel/tutorial_http_service,2018-10-15T13:24:50Z
Test,14,https://github.com/thomaswiegandsap/Test,2018-10-17T10:19:03Z
agitTest2,14,https://github.com/OleksiiMalikov/agitTest2,2018-10-19T12:21:38Z
test-class,7,https://github.com/fabianlupa/test-class,2018-10-14T15:56:49Z
ZDemo,7,https://github.com/gsarunk/ZDemo,2018-10-05T05:52:20Z
langu-issue,6,https://github.com/absap/langu-issue,2018-10-16T11:28:57Z
ZTest,5,https://github.com/gsarunk/ZTest,2018-10-03T07:11:06Z
knowledge,5,https://github.com/zubairab/knowledge,2018-10-11T13:35:36Z
sap_abap,4,https://github.com/rpinetti/sap_abap,2018-10-23T20:07:47Z
Carros_Interface_por_interface_se24,4,https://github.com/Ronalves/Carros_Interface_por_interface_se24,2018-10-16T17:42:51Z
Zdemo1,4,https://github.com/SAP-APEX/Zdemo1,2018-10-05T12:20:51Z
Progressao-Geometrica,3,https://github.com/Ronalves/Progressao-Geometrica,2018-10-24T00:55:27Z
Carros_por_Interface,3,https://github.com/Ronalves/Carros_por_Interface,2018-10-16T14:21:33Z
sitMUC2018,3,https://github.com/gepparta/sitMUC2018,2018-10-13T17:59:37Z
GIT1,3,https://github.com/EmanElmogy/GIT1,2018-10-04T11:16:06Z
abapgit_issue2004,3,https://github.com/pokrakam/abapgit_issue2004,2018-10-15T11:03:17Z
agit_fugr_test,2,https://github.com/Nic93/agit_fugr_test,2018-10-19T06:57:46Z
CAP_ABAP,2,https://github.com/camilong92/CAP_ABAP,2018-10-25T17:35:12Z
console_out,1,https://github.com/JRemmel/console_out,2018-10-15T13:47:13Z
abapgit_test_001,1,https://github.com/sorenviggo/abapgit_test_001,2018-10-17T11:07:33Z
abap-fiori-launchpad-pers-sync,1360,https://github.com/SAP-archive/abap-fiori-launchpad-pers-sync,2018-11-18T21:06:19Z
CI,804,https://github.com/abapGit/CI,2018-11-04T18:24:11Z
CDSModeller,813,https://github.com/sitakanttripathy/CDSModeller,2018-11-22T14:53:57Z
abap,387,https://github.com/Rino53/abap,2018-11-07T16:15:40Z
ABAP2GSHEET,288,https://github.com/Gh14Cc10/ABAP2GSHEET,2018-11-07T15:08:30Z
SAPlink-Git,249,https://github.com/pokrakam/SAPlink-Git,2018-11-06T21:55:16Z
abap-odata-smoke-test,205,https://github.com/SAP-archive/abap-odata-smoke-test,2018-11-29T13:38:03Z
ABAP-ZMSC2N,150,https://github.com/youjun-cn/ABAP-ZMSC2N,2018-11-02T07:58:40Z
DemoScen3,111,https://github.com/SAP-Cloud-Platform/DemoScen3,2018-11-19T15:47:44Z
abapGit_CI,95,https://github.com/christianguenter2/abapGit_CI,2018-11-04T18:08:40Z
emast,94,https://github.com/fmunozb01/emast,2018-11-03T13:30:13Z
MQBA_PINS,47,https://github.com/MDJoerg/MQBA_PINS,2018-11-06T23:36:36Z
AWS_SNS4ABAP,33,https://github.com/gregorwolf/AWS_SNS4ABAP,2018-11-01T17:42:01Z
abapcodegit,31,https://github.com/cleitondias/abapcodegit,2018-11-15T14:09:16Z
AGITTEST4,24,https://github.com/OleksiiMalikov/AGITTEST4,2018-11-27T14:15:26Z
ZSVH_TRSP_UTILS,21,https://github.com/sorenviggo/ZSVH_TRSP_UTILS,2018-11-02T13:42:10Z
SpaceTravel,20,https://github.com/SAP-Cloud-Platform/SpaceTravel,2018-11-15T11:59:41Z
zmdp_telegram_api,18,https://github.com/mdpgroup/zmdp_telegram_api,2018-11-06T13:51:36Z
sap,16,https://github.com/martin-flores/sap,2018-11-14T15:09:32Z
testABAP,16,https://github.com/fraris76/testABAP,2018-11-23T16:59:03Z
ABAP,15,https://github.com/Tomasz-Gra/ABAP,2018-11-26T16:37:58Z
WDBWH1,13,https://github.com/YARSUL/WDBWH1,2018-11-14T14:22:51Z
abap4git_demo1,8,https://github.com/mopalani/abap4git_demo1,2018-11-27T06:34:26Z
ARC4forABAP,8,https://github.com/gooMatha/ARC4forABAP,2018-11-07T22:45:52Z
abapGitCI,7,https://github.com/gregorwolf/abapGitCI,2018-11-04T16:20:26Z
ABAPUnitTests,6,https://github.com/andrzejhalicki/ABAPUnitTests,2018-11-09T14:47:54Z
abap-dyna-func,6,https://github.com/pacroy/abap-dyna-func,2018-11-13T07:37:48Z
ABAP,5,https://github.com/dazowens/ABAP,2018-11-14T10:04:45Z
abapgit_workflow,5,https://github.com/IraUhlemann/abapgit_workflow,2018-11-09T12:46:47Z
BDEF,4,https://github.com/abapGit-tests/BDEF,2018-11-05T06:37:35Z
ABAPsamples,4,https://github.com/VishnAndr/ABAPsamples,2018-11-16T10:50:44Z
zgitdemo1,3,https://github.com/tanerkurt/zgitdemo1,2018-11-19T19:31:32Z
hello-world,3,https://github.com/frankjentsch/hello-world,2018-11-20T15:29:29Z
NewABAP_HS3,2,https://github.com/stummo/NewABAP_HS3,2018-11-29T04:08:32Z
test,2,https://github.com/Gh14Cc10/test,2018-11-07T15:18:26Z
ztest,2,https://github.com/cyberolaf/ztest,2018-11-20T13:54:43Z
abapgit_workflow,2,https://github.com/niloofar-flothkoetter/abapgit_workflow,2018-11-06T09:12:40Z
abaptmp,1,https://github.com/phreis/abaptmp,2018-11-25T20:25:51Z
ABAPGIT,1,https://github.com/stummo/ABAPGIT,2018-11-29T00:46:23Z
ztestabap,1,https://github.com/tanerkurt/ztestabap,2018-11-19T19:18:51Z
ABAP_10,1,https://github.com/sudarshan29/ABAP_10,2018-11-22T06:22:55Z
abapgit_workflow_test,1,https://github.com/niloofar-flothkoetter/abapgit_workflow_test,2018-11-07T13:35:26Z
ynot,802,https://github.com/ny83427/ynot,2018-12-03T18:16:58Z
abap_git_workflow,353,https://github.com/rbsub/abap_git_workflow,2018-12-07T20:07:46Z
ABAP-Notlar,245,https://github.com/ozkancinar/ABAP-Notlar,2018-12-28T15:06:42Z
ci-lib,184,https://github.com/fabianlupa/ci-lib,2018-12-14T13:18:46Z
abaKTravis,147,https://github.com/abapinho/abaKTravis,2018-12-19T17:15:45Z
Abap,121,https://github.com/fedorsh1984/Abap,2018-12-05T08:19:54Z
abap_gui_boilerplate,62,https://github.com/sbcgua/abap_gui_boilerplate,2018-12-22T16:54:13Z
TestSJ,47,https://github.com/shubhangi31395/TestSJ,2018-12-19T09:04:46Z
CLAS_persistent,26,https://github.com/abapGit-tests/CLAS_persistent,2018-12-18T08:41:43Z
ZDEVOPS_NESTLE,23,https://github.com/gsarunk/ZDEVOPS_NESTLE,2018-12-17T06:56:11Z
sandbox,18,https://github.com/pokrakam/sandbox,2018-12-24T18:25:57Z
ReportsABAP,14,https://github.com/luvitale/ReportsABAP,2018-12-30T06:50:07Z
ZABAPGIT,14,https://github.com/ZouKelly/ZABAPGIT,2018-12-12T02:31:40Z
abaplinted_sample,13,https://github.com/sbcgua/abaplinted_sample,2018-12-24T20:49:09Z
firstday,13,https://github.com/macomb2/firstday,2018-12-14T19:28:42Z
zgithub,13,https://github.com/ZouKelly/zgithub,2018-12-11T08:07:32Z
christmas_demo,8,https://github.com/Keller-Michael/christmas_demo,2018-12-17T19:39:41Z
yevent,6,https://github.com/fterraneo/yevent,2018-12-28T14:15:05Z
testABAP2,6,https://github.com/suvarnashiva/testABAP2,2018-12-06T23:37:55Z
abapGit_Test,5,https://github.com/lehmannp/abapGit_Test,2018-12-07T07:20:04Z
abapGitDemo1,4,https://github.com/jasonm111/abapGitDemo1,2018-12-12T22:12:59Z
abapGit_Test,3,https://github.com/Nitr091/abapGit_Test,2018-12-06T14:26:53Z
type_ref_to,3,https://github.com/larshp/type_ref_to,2018-12-07T11:02:04Z
ABAPGIT_SOTR,3,https://github.com/i317513/ABAPGIT_SOTR,2018-12-19T02:11:55Z
dejin,2,https://github.com/JeremyGuan/dejin,2018-12-07T08:57:56Z
ZGIT_CASE1-,1,https://github.com/mopalani/ZGIT_CASE1-,2018-12-05T23:53:52Z
abapgit_poc,1,https://github.com/ankitprasad17/abapgit_poc,2018-12-04T17:33:53Z
testABAP,1,https://github.com/suvarnashiva/testABAP,2018-12-06T21:39:36Z
abap_a07,4854,https://github.com/wdecpacloudcourse01/abap_a07,2019-01-29T13:43:30Z
ZJO_ABAP,310,https://github.com/TechEmerTH/ZJO_ABAP,2019-01-10T10:26:57Z
abaK,192,https://github.com/abapinho/abaK,2019-01-31T18:54:18Z
ZwdCSV,112,https://github.com/WegnerDan/ZwdCSV,2019-01-26T18:32:05Z
ALVGridInNutshell,85,https://github.com/fidley/ALVGridInNutshell,2019-01-09T11:32:41Z
utilities,81,https://github.com/irodrigob/utilities,2019-01-22T20:29:43Z
SAP_ABAP19Jan,63,https://github.com/naveenkumarbaskaran/SAP_ABAP19Jan,2019-01-11T10:04:16Z
abap-pwnedpasswords,48,https://github.com/atudor2/abap-pwnedpasswords,2019-01-21T08:16:52Z
SPRX_server_proxy,35,https://github.com/abapGit-tests/SPRX_server_proxy,2019-01-29T11:36:33Z
Z_COCKPIT,26,https://github.com/LBCENSIO/Z_COCKPIT,2019-01-10T15:48:21Z
abap_mnls,24,https://github.com/julmue/abap_mnls,2019-01-15T10:27:10Z
abapGit_workflow,21,https://github.com/shubhangi31395/abapGit_workflow,2019-01-22T05:48:19Z
ABAP-SM30-SCDO,31,https://github.com/juansebastiansoto/ABAP-SM30-SCDO,2019-01-18T18:51:09Z
ylog,16,https://github.com/fterraneo/ylog,2019-01-03T13:24:40Z
zsudoku,12,https://github.com/zadine/zsudoku,2019-01-09T10:02:46Z
abapGit_Test,10,https://github.com/shubhangi31395/abapGit_Test,2019-01-22T07:02:43Z
zrss_example_sflight,9,https://github.com/peterlangner/zrss_example_sflight,2019-01-11T13:33:09Z
OO-Design-Patterns-in-ABAP,9,https://github.com/Huargh/OO-Design-Patterns-in-ABAP,2019-01-09T11:21:28Z
abapgit,8,https://github.com/amandeepbal/abapgit,2019-01-17T20:12:18Z
SHLP_with_exit,8,https://github.com/abapGit-tests/SHLP_with_exit,2019-01-28T08:46:21Z
abapGit-issue_2338,8,https://github.com/GoWale/abapGit-issue_2338,2019-01-21T06:03:46Z
SAPTRM,8,https://github.com/diegogozer/SAPTRM,2019-01-09T00:40:09Z
aresult,6,https://github.com/lausek/aresult,2019-01-04T21:08:31Z
CLAS_exc_with_SOTR,6,https://github.com/abapGit-tests/CLAS_exc_with_SOTR,2019-01-17T14:59:17Z
SQSC,6,https://github.com/abapGit-tests/SQSC,2019-01-15T20:03:02Z
TTYP_with_CLAS_ref,5,https://github.com/abapGit-tests/TTYP_with_CLAS_ref,2019-01-28T08:45:16Z
patrones_abap,5,https://github.com/perezjuang/patrones_abap,2019-01-29T16:51:21Z
FUGR_with_parameters,9,https://github.com/abapGit-tests/FUGR_with_parameters,2019-01-04T13:56:25Z
test_2300,4,https://github.com/christianguenter2/test_2300,2019-01-17T11:32:40Z
testing_git_for_abap,4,https://github.com/Comentec/testing_git_for_abap,2019-01-29T12:57:51Z
INTF_using_DTEL,3,https://github.com/abapGit-tests/INTF_using_DTEL,2019-01-02T05:32:31Z
ABAP-Code-Snippets,2,https://github.com/anandmuraleedharan/ABAP-Code-Snippets,2019-01-29T18:38:45Z
abapgit_a25,2,https://github.com/wdecpacloudcourse01/abapgit_a25,2019-01-29T13:41:36Z
abap_a01,2,https://github.com/wdecpacloudcourse01/abap_a01,2019-01-29T13:10:55Z
CLAS_impl_INTF,2,https://github.com/abapGit-tests/CLAS_impl_INTF,2019-01-02T05:15:29Z
test,2,https://github.com/tiborbalaz/test,2019-01-23T17:35:54Z
INTF_impl_INTF,2,https://github.com/abapGit-tests/INTF_impl_INTF,2019-01-02T05:19:46Z
zspool2pdf,2,https://github.com/mkysoft/zspool2pdf,2019-01-15T11:57:53Z
test_a29,2,https://github.com/hawo260268/test_a29,2019-01-29T13:49:45Z
abapgit_a34,2,https://github.com/bentink01/abapgit_a34,2019-01-29T13:46:16Z
-abap_a16,1,https://github.com/wdecpacloudcourse01/-abap_a16,2019-01-29T13:41:09Z
abap_a14,1,https://github.com/wdecpacloudcourse01/abap_a14,2019-01-29T13:42:55Z
ABAP,1,https://github.com/TadachiMaeda/ABAP,2019-01-21T19:05:50Z
abap_a09,1,https://github.com/wdecpacloudcourse01/abap_a09,2019-01-29T13:40:06Z
abap08,1,https://github.com/wdecpacloudcourse01/abap08,2019-01-29T14:02:27Z
PurchaseDocumentBackend,1048,https://github.com/karthiarjun/PurchaseDocumentBackend,2019-02-09T09:23:55Z
AbapToTheFuture03,619,https://github.com/hardyp/AbapToTheFuture03,2019-02-22T11:02:40Z
zmig_dm,596,https://github.com/marcelochal/zmig_dm,2019-02-15T19:36:15Z
tennis_refactoring_kata,508,https://github.com/RobertM905/tennis_refactoring_kata,2019-02-13T16:29:00Z
tennis-refactoring-kata,507,https://github.com/the-organiser-of-chubberlisk/tennis-refactoring-kata,2019-02-15T17:29:25Z
SQLScript_for_SAP_HANA,416,https://github.com/captainabap/SQLScript_for_SAP_HANA,2019-02-01T12:59:14Z
SAPLINK,260,https://github.com/eoud/SAPLINK,2019-02-21T10:59:22Z
abap-soql-query,156,https://github.com/gprs555/abap-soql-query,2019-02-13T05:16:10Z
clean_code_demo,149,https://github.com/germanysources/clean_code_demo,2019-02-15T16:23:33Z
equalize-idoc-framework,86,https://github.com/engswee/equalize-idoc-framework,2019-02-11T09:18:14Z
ABAPPA,82,https://github.com/victorgsosa/ABAPPA,2019-02-27T19:23:49Z
SAP-ABAP-Utilities,80,https://github.com/brneuman/SAP-ABAP-Utilities,2019-02-21T18:51:41Z
ci_tools,61,https://github.com/abapGit/ci_tools,2019-02-12T08:10:54Z
abap-platform-yy,45,https://github.com/SAP-samples/abap-platform-yy,2019-02-24T02:38:39Z
abap-platform-jak,38,https://github.com/SAP-samples/abap-platform-jak,2019-02-24T02:42:32Z
express.abap,38,https://github.com/gregorwolf/express.abap,2019-02-20T12:19:15Z
dependencies,32,https://github.com/abapGit/dependencies,2019-02-21T06:39:40Z
workspace,26,https://github.com/hapejot/workspace,2019-02-14T14:02:33Z
ZSSRV_QUERY,24,https://github.com/eoud/ZSSRV_QUERY,2019-02-21T23:30:11Z
abapgit_workflow,23,https://github.com/karlojkessler/abapgit_workflow,2019-02-21T16:08:20Z
ABAP-MASTER,21,https://github.com/naveenkumarbaskaran/ABAP-MASTER,2019-02-17T15:29:15Z
abap-deployer,19,https://github.com/sbcgua/abap-deployer,2019-02-08T22:24:30Z
ZRS_ABAP_SOURCE_SCAN,19,https://github.com/sap-russia/ZRS_ABAP_SOURCE_SCAN,2019-02-08T09:29:52Z
ABAPProxy,16,https://github.com/victorgsosa/ABAPProxy,2019-02-11T21:34:40Z
ZHANA_CATALOG,15,https://github.com/filak-sap/ZHANA_CATALOG,2019-02-08T09:15:21Z
z_examples_ui,13,https://github.com/PatrickSeidel/z_examples_ui,2019-02-13T15:54:22Z
cellular_automaton,13,https://github.com/Keller-Michael/cellular_automaton,2019-02-10T12:24:00Z
equalize-feh-framework,9,https://github.com/engswee/equalize-feh-framework,2019-02-15T15:01:03Z
equalize-bdc-oo-model,7,https://github.com/engswee/equalize-bdc-oo-model,2019-02-15T15:03:58Z
CLAS_with_ENHO,8,https://github.com/abapGit-tests/CLAS_with_ENHO,2019-02-17T18:52:10Z
IWPR,6,https://github.com/abapGit-tests/IWPR,2019-02-27T09:12:06Z
int2xstring,6,https://github.com/matsukawar/int2xstring,2019-02-08T00:07:46Z
abap_a99a,4,https://github.com/wdecpacloudcourse01/abap_a99a,2019-02-21T13:53:54Z
ZCL_ZTEST_USER_ODAT_01_DPC_EXT,4,https://github.com/mmarkvillanueva/ZCL_ZTEST_USER_ODAT_01_DPC_EXT,2019-02-28T12:40:22Z
background_testing,3,https://github.com/larshp/background_testing,2019-02-17T10:11:22Z
hfdp-abap,3,https://github.com/VanDerSam/hfdp-abap,2019-02-02T09:09:08Z
abapGit,3,https://github.com/thealexanderas/abapGit,2019-02-14T12:02:52Z
ACID_referenced,2,https://github.com/abapGit-tests/ACID_referenced,2019-02-12T17:23:00Z
abapgit,2,https://github.com/gomege/abapgit,2019-02-21T22:07:00Z
PINF_exposing_CLAS,2,https://github.com/abapGit-tests/PINF_exposing_CLAS,2019-02-12T14:47:48Z
PINF_exposing_INTF,2,https://github.com/abapGit-tests/PINF_exposing_INTF,2019-02-12T15:03:56Z
myPublicSAP,2,https://github.com/juancarlosrodriguezf/myPublicSAP,2019-02-15T08:56:35Z
Z_SJABAPGIT_DEMO,1,https://github.com/soehnkej/Z_SJABAPGIT_DEMO,2019-02-08T09:21:17Z
abapgittest2,1,https://github.com/fortismolinero/abapgittest2,2019-02-21T15:55:52Z
abapGit,1,https://github.com/D032102/abapGit,2019-02-26T09:46:36Z
ABAPCode,76506,https://github.com/StringShawn/ABAPCode,2019-03-13T09:21:06Z
odd-abap,19992,https://github.com/lwoodblake/odd-abap,2019-03-23T16:24:42Z
zcl_docx,1520,https://github.com/sap-russia/zcl_docx,2019-03-14T06:14:02Z
Codelist,540,https://github.com/vincentbrechbuehl/Codelist,2019-03-25T16:24:30Z
ABAP-Code-Retreat-Luzern-,347,https://github.com/davidvela/ABAP-Code-Retreat-Luzern-,2019-03-16T15:20:29Z
GeoJson,261,https://github.com/se38/GeoJson,2019-03-16T16:28:56Z
Abapinfo,200,https://github.com/andreazanola/Abapinfo,2019-03-07T09:46:54Z
ABAP-StudentOtomation,156,https://github.com/kargarf/ABAP-StudentOtomation,2019-03-05T22:14:26Z
ZOPS_MD_E_002,122,https://github.com/KothandMurugan/ZOPS_MD_E_002,2019-03-29T18:52:04Z
mockup_viewer,119,https://github.com/sbcgua/mockup_viewer,2019-03-16T20:53:20Z
opensap-wtcr,99,https://github.com/cjbungay/opensap-wtcr,2019-03-23T16:30:49Z
ABAP_practice,99,https://github.com/Shu52/ABAP_practice,2019-03-12T18:54:16Z
mci-examples,88,https://github.com/vwegert/mci-examples,2019-03-30T13:20:59Z
ABAP-Ex,86,https://github.com/millerac333/ABAP-Ex,2019-03-13T14:03:48Z
ZCL_REGEX,70,https://github.com/jpnqs/ZCL_REGEX,2019-03-13T11:10:10Z
ABAP_tutorial,70,https://github.com/jinhalim/ABAP_tutorial,2019-03-05T01:32:33Z
Template_Report_MVC,56,https://github.com/NikolaySayfuranov/Template_Report_MVC,2019-03-28T05:07:24Z
abap_seltab_to_where,42,https://github.com/abapChaoLiu/abap_seltab_to_where,2019-03-19T22:08:22Z
Conferencia_estudo,39,https://github.com/Ronalves/Conferencia_estudo,2019-03-11T13:58:29Z
gateway-error-reporting,36,https://github.com/MindsetConsulting/gateway-error-reporting,2019-03-12T21:56:21Z
ABAP4,35,https://github.com/junsj/ABAP4,2019-03-27T01:25:03Z
UEA,26,https://github.com/Ronalves/UEA,2019-03-11T13:34:23Z
Separa-o_estudo,24,https://github.com/Ronalves/Separa-o_estudo,2019-03-11T14:13:31Z
ABAP_CODE,23,https://github.com/ABAP-DEMO/ABAP_CODE,2019-03-27T12:33:54Z
abapgit_workflow,23,https://github.com/naikdipe/abapgit_workflow,2019-03-27T08:59:41Z
abapgit_workflow,22,https://github.com/guiolgui/abapgit_workflow,2019-03-27T10:34:29Z
abapgit_workflow,22,https://github.com/PMEDE/abapgit_workflow,2019-03-27T10:00:23Z
ABAPGITTRAINING,22,https://github.com/TimLeys/ABAPGITTRAINING,2019-03-27T08:23:47Z
abapgit_workflow,22,https://github.com/annkoolen/abapgit_workflow,2019-03-27T11:16:53Z
abap_new_rep,22,https://github.com/gianniguttuso/abap_new_rep,2019-03-27T10:00:33Z
why_abap_oo,19,https://github.com/Huargh/why_abap_oo,2019-03-22T12:21:11Z
ZRPCLSTXE,18,https://github.com/jjtorres8/ZRPCLSTXE,2019-03-23T05:14:00Z
replace_legacy_code,18,https://github.com/germanysources/replace_legacy_code,2019-03-22T12:10:58Z
ABAPGIT,18,https://github.com/PaulamiMitra/ABAPGIT,2019-03-13T05:21:54Z
zwm037_estudo,16,https://github.com/Ronalves/zwm037_estudo,2019-03-11T14:26:36Z
Demo-ATD,15,https://github.com/sandraros/Demo-ATD,2019-03-16T18:47:55Z
selection-criteria-as-class,13,https://github.com/Keller-Michael/selection-criteria-as-class,2019-03-02T14:01:04Z
calculator,11,https://github.com/amokryshev/calculator,2019-03-27T19:55:30Z
ABAPMVC,9,https://github.com/victorgsosa/ABAPMVC,2019-03-15T20:15:30Z
PASaPAS_imerys,9,https://github.com/SpaceAzur/PASaPAS_imerys,2019-03-19T15:25:46Z
base-styl-eguide,9,https://github.com/cjbungay/base-styl-eguide,2019-03-23T16:35:24Z
ABAP_Learnings,9,https://github.com/SpaceAzur/ABAP_Learnings,2019-03-27T15:44:29Z
ZGAME_2048,6,https://github.com/ThomasGauweiler/ZGAME_2048,2019-03-28T13:46:36Z
abap_repo,6,https://github.com/jfilak/abap_repo,2019-03-12T12:51:42Z
azure-devops-example,6,https://github.com/abaplint/azure-devops-example,2019-03-29T09:23:32Z
PROG_ci_variant,5,https://github.com/abapGit-tests/PROG_ci_variant,2019-03-12T16:39:02Z
FUGR_testclass,4,https://github.com/abapGit-tests/FUGR_testclass,2019-03-12T16:33:27Z
PROG_EDTX,4,https://github.com/abapGit-tests/PROG_EDTX,2019-03-09T14:33:59Z
abapgit-b00,4,https://github.com/christian-raasch/abapgit-b00,2019-03-06T12:36:29Z
CLAS_textpool,3,https://github.com/abapGit-tests/CLAS_textpool,2019-03-13T09:08:35Z
b04_abapgit,2,https://github.com/wdecpacloudcourse01/b04_abapgit,2019-03-06T13:07:19Z
Z_INVOICE_ITEMS_CDS,1,https://github.com/mmarkvillanueva/Z_INVOICE_ITEMS_CDS,2019-03-02T01:22:23Z
hugo,1,https://github.com/SebastianWolf-SAP/hugo,2019-03-06T09:58:19Z
abapgit_workflow,1,https://github.com/MMX2412/abapgit_workflow,2019-03-27T09:45:08Z
abapgit_b02,1,https://github.com/wdecpacloudcourse01/abapgit_b02,2019-03-06T13:04:07Z
abap_533,1,https://github.com/wdecpacloudcourse01/abap_533,2019-03-04T16:33:51Z
abapgit_workflow,1,https://github.com/KothandMurugan/abapgit_workflow,2019-03-28T16:06:20Z
abapgit-branch-overview,1,https://github.com/FreHu/abapgit-branch-overview,2019-03-20T15:03:50Z
abapgithubWSParis,1,https://github.com/PieterTroost/abapgithubWSParis,2019-03-27T11:07:30Z
abapgit_b03,1,https://github.com/wdecpacloudcourse01/abapgit_b03,2019-03-06T13:04:47Z
gp2019-abap-training,0,https://github.com/khairulizuddin/gp2019-abap-training,2019-03-14T08:57:38Z
abapGit,5147,https://github.com/qinhanguyun/abapGit,2019-04-11T08:50:24Z
abap,5137,https://github.com/hanbao0125/abap,2019-04-01T05:56:57Z
SAP,558,https://github.com/complexarchetype/SAP,2019-04-05T16:21:29Z
aararepo,376,https://github.com/arayadav/aararepo,2019-04-24T10:17:36Z
abap-io,337,https://github.com/sandraros/abap-io,2019-04-22T16:55:28Z
abap-cookbook,256,https://github.com/cjbungay/abap-cookbook,2019-04-28T01:46:05Z
sap-printing-forms,102,https://github.com/Bijedic/sap-printing-forms,2019-04-18T09:11:38Z
zjson,101,https://github.com/hareeshbabu82ns/zjson,2019-04-17T19:12:55Z
abap-brain_fuck,60,https://github.com/atudor2/abap-brain_fuck,2019-04-21T12:35:34Z
ABAP_PAAS_Demo1,50,https://github.com/I065282/ABAP_PAAS_Demo1,2019-04-01T10:09:00Z
ABAP-DesignPattern,49,https://github.com/sergiofolgar/ABAP-DesignPattern,2019-04-08T14:29:12Z
ABAPplantUML,48,https://github.com/sdfraga/ABAPplantUML,2019-04-17T13:16:53Z
adele,40,https://github.com/MDJoerg/adele,2019-04-20T02:25:25Z
ATC-Best-Practice-Guide,38,https://github.com/1DSAG/ATC-Best-Practice-Guide,2019-04-26T07:18:08Z
abapgit-translation-poc,51,https://github.com/sbcgua/abapgit-translation-poc,2019-04-26T20:03:45Z
abap-threads,35,https://github.com/sbcgua/abap-threads,2019-04-28T07:20:31Z
HFDP_ABAP,35,https://github.com/sdfraga/HFDP_ABAP,2019-04-22T15:59:14Z
abap-clean-code,30,https://github.com/cjbungay/abap-clean-code,2019-04-16T18:53:04Z
workspace,26,https://github.com/a1965588329/workspace,2019-04-16T05:47:56Z
deliberate-programming,18,https://github.com/damir-majer/deliberate-programming,2019-04-19T12:34:58Z
abap-sci-book,18,https://github.com/cjbungay/abap-sci-book,2019-04-28T01:45:13Z
ZABAPINHO_TRANSLATOR,18,https://github.com/kgorin8/ZABAPINHO_TRANSLATOR,2019-04-26T14:24:44Z
ZABAPINHO_DEPENDENCIES,17,https://github.com/kgorin8/ZABAPINHO_DEPENDENCIES,2019-04-26T14:24:22Z
abap_scm,17,https://github.com/hapejot/abap_scm,2019-04-23T07:24:17Z
abap-unit-book,13,https://github.com/cjbungay/abap-unit-book,2019-04-28T01:44:46Z
devops_sap_abap_demo,12,https://github.com/veneraldo/devops_sap_abap_demo,2019-04-26T14:18:06Z
zgopu_abapgit,11,https://github.com/gopu13/zgopu_abapgit,2019-04-05T19:49:02Z
SAP-Blog-resources,11,https://github.com/FreHu/SAP-Blog-resources,2019-04-02T06:21:08Z
abap-code-fights,9,https://github.com/cjbungay/abap-code-fights,2019-04-24T20:21:47Z
SAP-FICO,9,https://github.com/viswanathch999/SAP-FICO,2019-04-24T06:36:54Z
ABAP_UTILS,9,https://github.com/PredictGroup/ABAP_UTILS,2019-04-06T19:40:22Z
test-cts-commits,7,https://github.com/fabianlupa/test-cts-commits,2019-04-19T12:39:46Z
NamespaceChanger,7,https://github.com/isisdanismanlik/NamespaceChanger,2019-04-28T14:58:54Z
zabapgit_latest,4,https://github.com/gopu13/zabapgit_latest,2019-04-09T08:16:11Z
abapgit01,4,https://github.com/krishmabhatia/abapgit01,2019-04-07T20:23:12Z
abapgit_workflow,4,https://github.com/veneraldo/abapgit_workflow,2019-04-18T10:48:59Z
abap_calculator,2,https://github.com/veneraldo/abap_calculator,2019-04-30T13:30:45Z
abap_test,2,https://github.com/ABAP-DEMO/abap_test,2019-04-05T08:41:54Z
abap-fizzbuzz,2,https://github.com/cjbungay/abap-fizzbuzz,2019-04-28T01:46:36Z
ZR_16466_DEMO,2,https://github.com/pj404415652/ZR_16466_DEMO,2019-04-29T03:14:58Z
abapGit_trial_ayush,1,https://github.com/ayushgupta02/abapGit_trial_ayush,2019-04-24T05:45:51Z
SAP-CI-CD,1,https://github.com/viswanathch999/SAP-CI-CD,2019-04-26T09:02:24Z
base,1,https://github.com/I339742/base,2019-04-25T10:41:03Z
HAND_SAPFPM,1,https://github.com/pj404415652/HAND_SAPFPM,2019-04-29T02:41:12Z
ABAPRepository,23,https://github.com/kumarankit17/ABAPRepository,2019-04-04T15:08:44Z
ZAL30,1975,https://github.com/irodrigob/ZAL30,2019-05-21T16:09:18Z
carol-in-hr,1821,https://github.com/lwoodblake/carol-in-hr,2019-05-13T14:28:21Z
z_dev_public,1315,https://github.com/arcanist123/z_dev_public,2019-05-25T15:51:15Z
Tennis-Refactoring-Kata,517,https://github.com/Voxoff/Tennis-Refactoring-Kata,2019-05-08T16:14:30Z
deleteIncXmlFiles,203,https://github.com/TheWirtschaftsmann/deleteIncXmlFiles,2019-05-28T11:37:34Z
ZBLCK,201,https://github.com/lucodealethea/ZBLCK,2019-05-16T10:06:19Z
TCMD,186,https://github.com/TheWirtschaftsmann/TCMD,2019-05-16T20:35:14Z
flight01,107,https://github.com/SAP-Cloud-Platform/flight01,2019-05-10T11:30:08Z
flight08,107,https://github.com/SAP-Cloud-Platform/flight08,2019-05-10T11:30:19Z
flight24,106,https://github.com/SAP-Cloud-Platform/flight24,2019-05-10T11:31:16Z
flight11,106,https://github.com/SAP-Cloud-Platform/flight11,2019-05-10T11:30:55Z
flight12,106,https://github.com/SAP-Cloud-Platform/flight12,2019-05-10T11:30:56Z
flight02,106,https://github.com/SAP-Cloud-Platform/flight02,2019-05-10T11:30:10Z
flight04,106,https://github.com/SAP-Cloud-Platform/flight04,2019-05-10T11:30:13Z
flight23,106,https://github.com/SAP-Cloud-Platform/flight23,2019-05-10T11:31:14Z
flight15,106,https://github.com/SAP-Cloud-Platform/flight15,2019-05-10T11:31:01Z
flight28,106,https://github.com/SAP-Cloud-Platform/flight28,2019-05-10T11:31:22Z
flight00,106,https://github.com/SAP-Cloud-Platform/flight00,2019-05-10T11:30:06Z
flight18,106,https://github.com/SAP-Cloud-Platform/flight18,2019-05-10T11:31:06Z
flight19,106,https://github.com/SAP-Cloud-Platform/flight19,2019-05-10T11:31:07Z
flight03,106,https://github.com/SAP-Cloud-Platform/flight03,2019-05-10T11:30:12Z
flight30,106,https://github.com/SAP-Cloud-Platform/flight30,2019-05-10T11:31:25Z
flight26,106,https://github.com/SAP-Cloud-Platform/flight26,2019-05-10T11:31:19Z
flight27,106,https://github.com/SAP-Cloud-Platform/flight27,2019-05-10T11:31:20Z
flight09,106,https://github.com/SAP-Cloud-Platform/flight09,2019-05-10T11:30:21Z
flight13,106,https://github.com/SAP-Cloud-Platform/flight13,2019-05-10T11:30:58Z
flight14,106,https://github.com/SAP-Cloud-Platform/flight14,2019-05-10T11:30:59Z
flight22,106,https://github.com/SAP-Cloud-Platform/flight22,2019-05-10T11:31:12Z
flight10,106,https://github.com/SAP-Cloud-Platform/flight10,2019-05-10T11:30:53Z
flight07,106,https://github.com/SAP-Cloud-Platform/flight07,2019-05-10T11:30:18Z
flight17,106,https://github.com/SAP-Cloud-Platform/flight17,2019-05-10T11:31:04Z
flight25,106,https://github.com/SAP-Cloud-Platform/flight25,2019-05-10T11:31:17Z
flight29,106,https://github.com/SAP-Cloud-Platform/flight29,2019-05-10T11:31:23Z
flight20,106,https://github.com/SAP-Cloud-Platform/flight20,2019-05-10T11:31:08Z
flight06,106,https://github.com/SAP-Cloud-Platform/flight06,2019-05-10T11:30:16Z
flight05,105,https://github.com/SAP-Cloud-Platform/flight05,2019-05-10T11:30:15Z
flight21,105,https://github.com/SAP-Cloud-Platform/flight21,2019-05-10T11:31:10Z
flight16,105,https://github.com/SAP-Cloud-Platform/flight16,2019-05-10T11:31:02Z
sap_iot_abap,74,https://github.com/bdelangh/sap_iot_abap,2019-05-30T13:18:19Z
abap-data-tools,42,https://github.com/wozjac/abap-data-tools,2019-05-09T21:32:57Z
SAP-ABAP,37,https://github.com/abapersteam/SAP-ABAP,2019-05-07T18:21:58Z
Imago,37,https://github.com/agalluccio/Imago,2019-05-10T04:22:29Z
ZBECK_TDDBE_ABAP,35,https://github.com/VanDerSam/ZBECK_TDDBE_ABAP,2019-05-22T12:31:12Z
abapgit_c05,35,https://github.com/wdecpacloudcourse01/abapgit_c05,2019-05-28T12:32:44Z
FUGR_maint_view_var,32,https://github.com/abapGit-tests/FUGR_maint_view_var,2019-05-15T16:58:30Z
FlightReuseLibrary,26,https://github.com/thfiedler/FlightReuseLibrary,2019-05-24T13:43:21Z
zabapgit_diff_test,24,https://github.com/kuzeygh/zabapgit_diff_test,2019-05-13T09:37:08Z
sci-long-doc-check,24,https://github.com/wozjac/sci-long-doc-check,2019-05-06T17:22:00Z
abapGit_bunkai_Weinheim,18,https://github.com/abapgit-bunkai/abapGit_bunkai_Weinheim,2019-05-01T09:30:54Z
ABAP,15,https://github.com/melih266/ABAP,2019-05-18T15:00:11Z
traveltests,14,https://github.com/harishb2018/traveltests,2019-05-20T07:55:40Z
G4BA_odata4,11,https://github.com/abapGit-tests/G4BA_odata4,2019-05-28T10:33:29Z
zfootball,9,https://github.com/henrystuifzand/zfootball,2019-05-07T20:59:17Z
bunkai-aachen-2019,9,https://github.com/abapgit-bunkai/bunkai-aachen-2019,2019-05-25T09:43:31Z
ABAP_TEST1,8,https://github.com/hkhahaha/ABAP_TEST1,2019-05-16T02:35:35Z
hydra,8,https://github.com/galaskarr/hydra,2019-05-26T21:25:59Z
ABAP,7,https://github.com/nga-technical-team/ABAP,2019-05-27T10:29:35Z
AbapCloud,6,https://github.com/AlexMFrank/AbapCloud,2019-05-29T11:10:06Z
extractor_enhancement,6,https://github.com/pawelwiejkut/extractor_enhancement,2019-05-25T13:55:06Z
abapgit,6,https://github.com/armanabap/abapgit,2019-05-31T13:28:48Z
abapgit,6,https://github.com/rkvsraman/abapgit,2019-05-11T06:42:01Z
demo-variants,5,https://github.com/bjoern-jueliger-sap/demo-variants,2019-05-22T07:54:19Z
SAP-ABAP-Training,5,https://github.com/TylerrWilson/SAP-ABAP-Training,2019-05-06T15:36:35Z
abap_git,4,https://github.com/lvx-mikhail/abap_git,2019-05-15T09:44:54Z
codejam-refactor,4,https://github.com/absap/codejam-refactor,2019-05-13T10:45:01Z
ABAPTEST,4,https://github.com/CastedConst/ABAPTEST,2019-05-03T14:51:58Z
ABAPGIT_C02,3,https://github.com/wdecpacloudcourse01/ABAPGIT_C02,2019-05-28T12:37:00Z
codejam,3,https://github.com/bhnsaco/codejam,2019-05-13T11:37:21Z
bunkai-Aachen,3,https://github.com/mathiassiewert/bunkai-Aachen,2019-05-25T09:46:58Z
abapgit_test,3,https://github.com/sasbau/abapgit_test,2019-05-25T09:32:26Z
trial_git,3,https://github.com/santu-tmk/trial_git,2019-05-13T11:34:41Z
z_git_test,3,https://github.com/arcanist123/z_git_test,2019-05-26T12:15:38Z
sap_devx,3,https://github.com/abinbaby/sap_devx,2019-05-14T16:47:16Z
demo-atc-variant,3,https://github.com/bjoern-jueliger-sap/demo-atc-variant,2019-05-21T14:31:48Z
AbapSamples,2,https://github.com/HrFlorianHoffmann/AbapSamples,2019-05-29T07:46:27Z
ABAPGIT_BUNKAI_TEST,2,https://github.com/akpalle/ABAPGIT_BUNKAI_TEST,2019-05-11T09:22:10Z
ABAPGIT_C03,2,https://github.com/wdecpacloudcourse01/ABAPGIT_C03,2019-05-28T12:33:54Z
abap_git1,2,https://github.com/I330907/abap_git1,2019-05-14T05:17:07Z
SIT_Slides,2,https://github.com/thfiedler/SIT_Slides,2019-05-27T12:25:29Z
abapgit_workflow,2,https://github.com/stekoester/abapgit_workflow,2019-05-10T12:40:03Z
ABAP_AVL_CREATOR,2,https://github.com/SanyaDurnov/ABAP_AVL_CREATOR,2019-05-22T07:50:28Z
CodeJam2019.05,2,https://github.com/AxelR8/CodeJam2019.05,2019-05-22T15:15:04Z
Steampunk_Variant,2,https://github.com/bjoern-jueliger-sap/Steampunk_Variant,2019-05-22T07:47:30Z
highway_star,2,https://github.com/wdecpacloudcourse01/highway_star,2019-05-22T14:42:33Z
abap_c00,2,https://github.com/wdecpacloudcourse01/abap_c00,2019-05-28T12:07:37Z
abapgit_workflow,1,https://github.com/harshtalesra/abapgit_workflow,2019-05-22T17:19:22Z
abapgit_test,1,https://github.com/ronniedehoog/abapgit_test,2019-05-22T17:00:20Z
codejam,1,https://github.com/yog007/codejam,2019-05-22T16:49:44Z
codejam02,1,https://github.com/lonlygit/codejam02,2019-05-13T11:31:11Z
code_jam_rap,1,https://github.com/mhappe/code_jam_rap,2019-05-22T16:31:17Z
TESTABAPGIT,1,https://github.com/mathit/TESTABAPGIT,2019-05-22T16:59:00Z
abapgit_workflow,1,https://github.com/verreydths/abapgit_workflow,2019-05-22T14:14:01Z
SAP_ABAP,3387,https://github.com/jeffofalltrades/SAP_ABAP,2019-06-14T02:35:25Z
HANAandBEER,2155,https://github.com/se38/HANAandBEER,2019-06-05T08:46:11Z
trip-service-kata,1988,https://github.com/mzampetakis/trip-service-kata,2019-06-07T18:51:16Z
abapOpenChecks,1023,https://github.com/FranciscoJJ/abapOpenChecks,2019-06-05T13:00:24Z
Chapter-4-5-6-CDS-ABAP-backend-code,945,https://github.com/fioris4hana/Chapter-4-5-6-CDS-ABAP-backend-code,2019-06-20T14:26:24Z
sap,1303,https://github.com/vcd94xt10z/sap,2019-06-24T19:36:43Z
tennis-kata-pair-programming1,577,https://github.com/miccheng/tennis-kata-pair-programming1,2019-06-22T04:39:04Z
SAPLink,222,https://github.com/Berliner1985/SAPLink,2019-06-24T17:40:38Z
translate_tool,178,https://github.com/irodrigob/translate_tool,2019-06-19T19:16:56Z
zcclm_odata,176,https://github.com/RyabovAlex/zcclm_odata,2019-06-27T10:15:02Z
Customers,80,https://github.com/fidley/Customers,2019-06-03T14:02:28Z
abapTDD,67,https://github.com/rkvsraman/abapTDD,2019-06-03T08:34:55Z
ZKANA,39,https://github.com/XemDenots/ZKANA,2019-06-21T23:40:45Z
ABAPVNSG2019,39,https://github.com/benmeijs/ABAPVNSG2019,2019-06-04T10:03:36Z
abap-finance,39,https://github.com/dogancanokur/abap-finance,2019-06-10T07:32:44Z
zgameoflife,30,https://github.com/lausek/zgameoflife,2019-06-29T16:03:48Z
test,28,https://github.com/prokopp80/test,2019-06-30T17:20:29Z
sap-abap-programs,27,https://github.com/samyakgaur/sap-abap-programs,2019-06-11T06:19:43Z
ABAPforHana,20,https://github.com/benmeijs/ABAPforHana,2019-06-06T14:02:06Z
hydra2.0,18,https://github.com/galaskarr/hydra2.0,2019-06-10T02:02:05Z
updownload_file_for_sap,18,https://github.com/interceptor128/updownload_file_for_sap,2019-06-21T07:18:39Z
abap_git_examples,13,https://github.com/perezjuang/abap_git_examples,2019-06-26T13:10:49Z
reference_object,13,https://github.com/irodrigob/reference_object,2019-06-16T17:49:41Z
abap_alv,13,https://github.com/camilong92/abap_alv,2019-06-17T18:12:59Z
PROG_dynp_forgn_key,12,https://github.com/abapGit-tests/PROG_dynp_forgn_key,2019-06-25T11:00:14Z
ABAP_and_JSON,10,https://github.com/Keller-Michael/ABAP_and_JSON,2019-06-18T19:07:37Z
OOP-ABAP,8,https://github.com/norvak/OOP-ABAP,2019-06-17T13:38:58Z
test_transaction_variant,8,https://github.com/christianguenter2/test_transaction_variant,2019-06-14T16:13:20Z
myvrt,7,https://github.com/amoham94/myvrt,2019-06-20T17:25:39Z
PROG_dynp_modi,8,https://github.com/abapGit-tests/PROG_dynp_modi,2019-06-18T09:08:06Z
skm_demo,5,https://github.com/saumohan/skm_demo,2019-06-20T03:46:55Z
hyphenation_in_german,5,https://github.com/Keller-Michael/hyphenation_in_german,2019-06-25T19:05:57Z
ABAP_Test_Repo,4,https://github.com/VukP/ABAP_Test_Repo,2019-06-18T21:08:21Z
lookup_table,4,https://github.com/christianguenter2/lookup_table,2019-06-09T13:19:17Z
abap,3,https://github.com/kevnpessoa/abap,2019-06-27T20:57:34Z
curr_conv2external,3,https://github.com/matsukawar/curr_conv2external,2019-06-01T12:21:31Z
FlightEvaluationExit,2,https://github.com/thfiedler/FlightEvaluationExit,2019-06-07T10:56:17Z
Abap-Program-Version-Generator-Class,2,https://github.com/ozkancinar/Abap-Program-Version-Generator-Class,2019-06-30T13:21:50Z
FlightEvaluationExtension,2,https://github.com/thfiedler/FlightEvaluationExtension,2019-06-07T11:34:42Z
test,4,https://github.com/veritas798/test,2019-06-17T13:21:09Z
abapgit_workflow,2,https://github.com/chrischros87/abapgit_workflow,2019-06-28T13:07:30Z
z_blog,2,https://github.com/arcanist123/z_blog,2019-06-02T19:30:02Z
EMAbap1,1,https://github.com/eliembedi/EMAbap1,2019-06-04T08:55:22Z
abapgit_workflow,1,https://github.com/bince/abapgit_workflow,2019-06-20T17:15:02Z
test,0,https://github.com/ansar555/test,2019-06-24T12:16:40Z
Kickstarter,591,https://github.com/chain4asset/Kickstarter,2019-07-01T09:07:40Z
ZFI_REPORTS,530,https://github.com/EmanElmogy/ZFI_REPORTS,2019-07-11T13:30:09Z
Tennis_refactoring-kata,522,https://github.com/95-Samb/Tennis_refactoring-kata,2019-07-16T10:26:57Z
deps,408,https://github.com/abaplint/deps,2019-07-31T05:53:49Z
My-Madness,388,https://github.com/srihari12069/My-Madness,2019-07-12T13:50:50Z
zmm,282,https://github.com/EmanElmogy/zmm,2019-07-11T13:19:46Z
Simple-Batch-Programming-in-ABAP,243,https://github.com/vidyadharg/Simple-Batch-Programming-in-ABAP,2019-07-06T11:22:16Z
testmeeting,223,https://github.com/EmanElmogy/testmeeting,2019-07-14T12:11:18Z
YJAOEZTOC,187,https://github.com/Justanotherokie/YJAOEZTOC,2019-07-11T18:52:05Z
ydk_alv_fcat,109,https://github.com/DKiyanov/ydk_alv_fcat,2019-07-31T17:58:20Z
ABAP_Reports,84,https://github.com/tomasz-grabarczyk/ABAP_Reports,2019-07-23T10:48:34Z
ABAPTutorial,63,https://github.com/serhatmercan/ABAPTutorial,2019-07-15T12:23:11Z
dsag_aunit,58,https://github.com/stefannothaft/dsag_aunit,2019-07-18T14:07:26Z
messages_n_log,47,https://github.com/yohannweber/messages_n_log,2019-07-18T07:47:11Z
BOS_upload,36,https://github.com/EmanElmogy/BOS_upload,2019-07-14T23:31:33Z
AK_DEV_ABAP_UNIT_EXAMPLES,33,https://github.com/1DSAG/AK_DEV_ABAP_UNIT_EXAMPLES,2019-07-22T07:49:09Z
Primary_ABAP,23,https://github.com/xiangsxuan/Primary_ABAP,2019-07-13T07:58:28Z
abapgit_workflow,21,https://github.com/s0006585889/abapgit_workflow,2019-07-26T13:54:42Z
KBMusicmc,21,https://github.com/KBackhaus/KBMusicmc,2019-07-18T08:19:49Z
ZLEARNING_REFACTORING,20,https://github.com/VanDerSam/ZLEARNING_REFACTORING,2019-07-02T07:35:33Z
abapgit1,19,https://github.com/Raghukondareddy/abapgit1,2019-07-05T15:11:09Z
ukisugOct2019,18,https://github.com/pichel3000/ukisugOct2019,2019-07-24T14:41:27Z
FlightEvaluation,18,https://github.com/thfiedler/FlightEvaluation,2019-07-18T06:49:55Z
abapWebHooks,18,https://github.com/Allam76/abapWebHooks,2019-07-19T10:06:52Z
SAP_AdressdatenDrucken,17,https://github.com/4philip20/SAP_AdressdatenDrucken,2019-07-01T09:02:06Z
abap-scp-workflow,15,https://github.com/christian102094/abap-scp-workflow,2019-07-12T14:34:16Z
ABAP_Excel_Uploader,15,https://github.com/andrzejhalicki/ABAP_Excel_Uploader,2019-07-27T14:54:19Z
zcaa260_reuse,13,https://github.com/sap-teched-2019/zcaa260_reuse,2019-07-25T08:12:39Z
SE16N_LOG,12,https://github.com/KrzysztofZak/SE16N_LOG,2019-07-23T11:44:43Z
AbapGitRepository,9,https://github.com/saranyaraghuram/AbapGitRepository,2019-07-08T08:40:29Z
abap_generate_subroutine_pool,9,https://github.com/btmitchellau/abap_generate_subroutine_pool,2019-07-19T03:27:48Z
ENHO-HOOK_IMPL,8,https://github.com/abapGit-tests/ENHO-HOOK_IMPL,2019-07-15T10:15:20Z
ABAP_DeepL_client,8,https://github.com/christianguenter2/ABAP_DeepL_client,2019-07-14T11:36:55Z
TeamNP,7,https://github.com/zteamnp1/TeamNP,2019-07-16T16:20:57Z
Z01_typicalreport,7,https://github.com/jinnosukeohtaka/Z01_typicalreport,2019-07-31T07:51:56Z
ENHO-BADI_IMPL,7,https://github.com/abapGit-tests/ENHO-BADI_IMPL,2019-07-15T08:58:30Z
ABAP-Learning,6,https://github.com/moguchev/ABAP-Learning,2019-07-31T08:19:15Z
SIRIO_Homework,6,https://github.com/hkhahaha/SIRIO_Homework,2019-07-24T08:39:49Z
abap_git_sucheta,6,https://github.com/Sucheta2/abap_git_sucheta,2019-07-15T08:40:19Z
TestABAP,5,https://github.com/sangman-seo-otsk/TestABAP,2019-07-16T01:24:55Z
abapGit-1,5,https://github.com/saranyaraghuram/abapGit-1,2019-07-30T07:11:08Z
abap,4,https://github.com/tristabap/abap,2019-07-22T05:32:13Z
AbapGitExercise,4,https://github.com/tlmanalo/AbapGitExercise,2019-07-18T05:01:12Z
SAP_Oeffnungszeiten,4,https://github.com/4philip20/SAP_Oeffnungszeiten,2019-07-01T09:32:34Z
abapGenerateDataFromJson,4,https://github.com/Allam76/abapGenerateDataFromJson,2019-07-19T08:27:59Z
testrepo,4,https://github.com/EmanElmogy/testrepo,2019-07-11T13:04:48Z
ZABAP_TRANSFORM,3,https://github.com/I065282/ZABAP_TRANSFORM,2019-07-02T16:51:38Z
ABAPTest,3,https://github.com/JordiPay/ABAPTest,2019-07-12T11:24:50Z
test-switch,3,https://github.com/fabianlupa/test-switch,2019-07-13T12:35:50Z
abapWebdav,2,https://github.com/Allam76/abapWebdav,2019-07-19T07:55:50Z
samples,2,https://github.com/pichel3000/samples,2019-07-23T10:16:11Z
ZSK_SKM,2,https://github.com/zibmnp/ZSK_SKM,2019-07-16T13:10:05Z
oo-report,2,https://github.com/viniciustavanoferreira/oo-report,2019-07-31T21:04:42Z
abapgit_a51,2,https://github.com/wdecpacloudcourse01/abapgit_a51,2019-07-31T14:45:40Z
ABAPGitRepo,1,https://github.com/fioris4hana/ABAPGitRepo,2019-07-28T14:27:36Z
ABAP-Library,1,https://github.com/abdurrezzakkargi/ABAP-Library,2019-07-04T07:43:04Z
ABAPSnippets,1,https://github.com/millernunes/ABAPSnippets,2019-07-08T22:59:11Z
runtime-type-identification,0,https://github.com/viniciustavanoferreira/runtime-type-identification,2019-07-31T21:01:59Z
oo-transformation-json2html,0,https://github.com/viniciustavanoferreira/oo-transformation-json2html,2019-07-31T21:07:31Z
SAP,24018,https://github.com/paratemper/SAP,2019-08-09T03:26:15Z
abap,22596,https://github.com/ambkps/abap,2019-08-28T14:51:04Z
abap-search-tools,2028,https://github.com/DevEpos/abap-search-tools,2019-08-01T19:35:06Z
trip-service-kata,1636,https://github.com/enricjorda/trip-service-kata,2019-08-23T12:17:10Z
sap-abap,1038,https://github.com/kashann/sap-abap,2019-08-29T20:54:09Z
FSCM_Dispute,682,https://github.com/damm01/FSCM_Dispute,2019-08-20T13:37:31Z
abap_bapi_bo_class_generator,612,https://github.com/alwinvandeput/abap_bapi_bo_class_generator,2019-08-23T09:52:44Z
tennis-typescript,522,https://github.com/narruda789/tennis-typescript,2019-08-06T15:13:13Z
ZCTS_BROWSER,445,https://github.com/OlegBash599/ZCTS_BROWSER,2019-08-05T11:41:22Z
ABAP-Util,404,https://github.com/ChristopherNicolasSMM/ABAP-Util,2019-08-02T13:34:42Z
abapgit,385,https://github.com/seokwonsap/abapgit,2019-08-12T02:37:35Z
ztest,312,https://github.com/lhs123/ztest,2019-08-14T13:21:09Z
ZCAPACITACION,260,https://github.com/camilong92/ZCAPACITACION,2019-08-16T19:31:40Z
RIMI008,220,https://github.com/RIMI007/RIMI008,2019-08-15T03:47:06Z
ZDIMENSION,220,https://github.com/StringShawn/ZDIMENSION,2019-08-14T12:45:18Z
Manipula-tabelas,186,https://github.com/ChristopherNicolasSMM/Manipula-tabelas,2019-08-02T14:20:15Z
Writing-Testable-Code-for-ABAP,169,https://github.com/PavelKalesnikau/Writing-Testable-Code-for-ABAP,2019-08-22T08:03:29Z
Modelo-Alv,169,https://github.com/ChristopherNicolasSMM/Modelo-Alv,2019-08-02T12:30:46Z
tenis-kata,134,https://github.com/enricjorda/tenis-kata,2019-08-19T09:33:56Z
tenis-kata2,134,https://github.com/enricjorda/tenis-kata2,2019-08-19T14:12:56Z
YDK_WEBS,53,https://github.com/DKiyanov/YDK_WEBS,2019-08-01T17:37:06Z
geohash-abap,51,https://github.com/hhelibeb/geohash-abap,2019-08-29T13:48:37Z
sapcodegenerator_fugr_upd,43,https://github.com/rayatus/sapcodegenerator_fugr_upd,2019-08-18T18:21:47Z
ABAP,43,https://github.com/seungjinyou/ABAP,2019-08-26T05:47:08Z
ZNPOWER_ALL,37,https://github.com/znpower/ZNPOWER_ALL,2019-08-03T10:51:55Z
ABAP_Sharepoint,34,https://github.com/irodrigob/ABAP_Sharepoint,2019-08-30T13:37:35Z
abap_xmtb,31,https://github.com/StringShawn/abap_xmtb,2019-08-12T06:11:34Z
ABAP_COMMUNITY,24,https://github.com/eflorentino25/ABAP_COMMUNITY,2019-08-02T17:07:10Z
ABAP_http_services,16,https://github.com/irodrigob/ABAP_http_services,2019-08-30T13:30:39Z
SAP-ABAP,16,https://github.com/thenorthernrhino/SAP-ABAP,2019-08-19T06:00:19Z
ABAPDEV,12,https://github.com/Josephsavarimuthu/ABAPDEV,2019-08-22T11:40:39Z
ABAPGit,11,https://github.com/Nagaraju131/ABAPGit,2019-08-07T09:42:29Z
basic-alv,9,https://github.com/edmilson-nascimento/basic-alv,2019-08-06T23:07:45Z
SAP_ABAP,8,https://github.com/zhang928160849/SAP_ABAP,2019-08-27T08:34:04Z
ZDEMO_FIRST,8,https://github.com/ClarkZH/ZDEMO_FIRST,2019-08-28T01:15:19Z
SAP-IMG-Path,7,https://github.com/sandraros/SAP-IMG-Path,2019-08-20T13:42:46Z
sapcodegenerator_base,6,https://github.com/rayatus/sapcodegenerator_base,2019-08-18T18:20:09Z
easyrest2rfc_backend,5,https://github.com/borgbox/easyrest2rfc_backend,2019-08-09T18:45:48Z
abap_gitworkflow,4,https://github.com/prateekdhiman27/abap_gitworkflow,2019-08-29T14:57:41Z
BB_ABAP,13,https://github.com/bharatbjj/BB_ABAP,2019-08-02T12:30:24Z
abapGIT,4,https://github.com/wesvolk/abapGIT,2019-08-05T15:13:17Z
ZTF_CLASS_IMPORT_TEST,3,https://github.com/thfiedler/ZTF_CLASS_IMPORT_TEST,2019-08-01T07:18:28Z
abapgit-branching,2,https://github.com/FreHu/abapgit-branching,2019-08-14T09:59:13Z
ABAP,0,https://github.com/MaNikkel/ABAP,2019-08-01T12:14:58Z
SimpleOOALV,0,https://github.com/viniciustavanoferreira/SimpleOOALV,2019-08-19T14:32:00Z
ABAP,0,https://github.com/Lgptx/ABAP,2019-08-20T01:42:07Z
MindsetAppAnalyzerFree,67081,https://github.com/MindsetConsulting/MindsetAppAnalyzerFree,2019-09-23T14:43:21Z
SIRIO_SAP,2453,https://github.com/hkhahaha/SIRIO_SAP,2019-09-26T05:48:56Z
tripServiceKata,1665,https://github.com/codingkata/tripServiceKata,2019-09-05T14:31:59Z
vanderleyy.github.io,1407,https://github.com/VANDERLEYY/vanderleyy.github.io,2019-09-12T13:56:28Z
OCR,1391,https://github.com/wangdongcheng/OCR,2019-09-24T01:52:19Z
SAPDEMOS,1034,https://github.com/yangbp/SAPDEMOS,2019-09-12T01:11:52Z
Gateway-OpenAPI,533,https://github.com/irodrigob/Gateway-OpenAPI,2019-09-24T16:06:07Z
uml_diagram,481,https://github.com/irodrigob/uml_diagram,2019-09-30T19:32:19Z
hello-world,365,https://github.com/yeganehmilad4/hello-world,2019-09-17T14:39:49Z
zapcommander,237,https://github.com/tricktresor/zapcommander,2019-09-24T15:08:10Z
blockchain_engine,314,https://github.com/irodrigob/blockchain_engine,2019-09-03T19:48:34Z
2DryRun-MM,254,https://github.com/tcolab-wdf/2DryRun-MM,2019-09-06T09:44:21Z
abapdicer,154,https://github.com/abap-code-dojo/abapdicer,2019-09-04T20:00:53Z
Sanctions.io,132,https://github.com/REMEDYNE/Sanctions.io,2019-09-04T01:25:38Z
abapgithub_workflow,119,https://github.com/yeganehmilad4/abapgithub_workflow,2019-09-17T14:46:58Z
zdtp_massdownload,112,https://github.com/imran136/zdtp_massdownload,2019-09-17T09:05:33Z
actions-abap-size-graph-example,101,https://github.com/larshp/actions-abap-size-graph-example,2019-09-20T11:16:46Z
abap-code-quality-analyzer,85,https://github.com/damir-majer/abap-code-quality-analyzer,2019-09-14T09:59:46Z
NPL_ZAGR,76,https://github.com/agraeber/NPL_ZAGR,2019-09-15T09:59:37Z
sap-abap,69,https://github.com/antonellatti/sap-abap,2019-09-06T17:00:14Z
SAP--ABAP,64,https://github.com/luchimartinez/SAP--ABAP,2019-09-05T13:30:09Z
abap-todos,44,https://github.com/mrsimpson/abap-todos,2019-09-27T09:38:00Z
SAP-ABAP,39,https://github.com/sofiaanunez/SAP-ABAP,2019-09-05T13:23:30Z
xlsxreader,21,https://github.com/mkysoft/xlsxreader,2019-09-12T09:08:45Z
bunkai_hamburg_2019,21,https://github.com/abapgit-bunkai/bunkai_hamburg_2019,2019-09-13T13:28:47Z
abapgit,19,https://github.com/abapGITSAP/abapgit,2019-09-23T12:08:15Z
ABAP,19,https://github.com/tamastatar/ABAP,2019-09-13T11:08:50Z
open-file,14,https://github.com/edmilson-nascimento/open-file,2019-09-26T21:45:50Z
alv_grid,12,https://github.com/pascalTapken/alv_grid,2019-09-10T06:46:34Z
mockup_loader_demo,10,https://github.com/sbcgua/mockup_loader_demo,2019-09-09T07:22:39Z
abapci,8,https://github.com/rickynotme/abapci,2019-09-23T16:17:29Z
Gobang,8,https://github.com/Yibing-Jia/Gobang,2019-09-23T08:02:22Z
test_hamburg,6,https://github.com/christianguenter2/test_hamburg,2019-09-14T09:16:16Z
ABAP-Bitmap,6,https://github.com/pixelbaker/ABAP-Bitmap,2019-09-01T11:19:11Z
test-hamburg,5,https://github.com/agraeber/test-hamburg,2019-09-14T09:16:33Z
abapgitsample,5,https://github.com/KevinSmall/abapgitsample,2019-09-30T10:16:28Z
gj_zpp,5,https://github.com/duangww/gj_zpp,2019-09-18T08:10:17Z
Whirlpool_Demo,4,https://github.com/david-joseph3/Whirlpool_Demo,2019-09-27T09:52:55Z
ABAP-Code-Review-Master,3,https://github.com/mvm1711/ABAP-Code-Review-Master,2019-09-30T09:38:31Z
my_test_repository,2,https://github.com/Mars74hh/my_test_repository,2019-09-14T10:00:33Z
abapgit_workflow2,2,https://github.com/karlojkessler/abapgit_workflow2,2019-09-02T13:41:31Z
setXMLEncoding,0,https://github.com/viniciustavanoferreira/setXMLEncoding,2019-09-05T13:17:26Z
zabapgit,5628,https://github.com/bibber0612/zabapgit,2019-10-24T11:36:15Z
zabapGit,5623,https://github.com/Ankit4033/zabapGit,2019-10-17T16:17:16Z
SAP-DevOps,2654,https://github.com/bischat01/SAP-DevOps,2019-10-01T11:27:35Z
trip-service-kata,1586,https://github.com/larserdmann/trip-service-kata,2019-10-09T11:10:49Z
abapGit-1.80.0,1464,https://github.com/stoamandl/abapGit-1.80.0,2019-10-29T20:06:22Z
abap-sdk-nwas,766,https://github.com/watson-developer-cloud/abap-sdk-nwas,2019-10-08T01:16:16Z
abap-sdk-scp,452,https://github.com/watson-developer-cloud/abap-sdk-scp,2019-10-07T13:47:51Z
Test,431,https://github.com/Jaldapa/Test,2019-10-22T16:26:35Z
regression_test,362,https://github.com/germanysources/regression_test,2019-10-30T11:36:57Z
qtt,338,https://github.com/reyemsaibot/qtt,2019-10-16T06:48:05Z
abap-turtle-graphics,268,https://github.com/FreHu/abap-turtle-graphics,2019-10-08T15:33:24Z
CallABAP_samples,259,https://github.com/OlegBash599/CallABAP_samples,2019-10-29T15:39:56Z
cute,232,https://github.com/tricktresor/cute,2019-10-17T16:23:11Z
ABAP-IoC-Container,201,https://github.com/bothzoli/ABAP-IoC-Container,2019-10-18T13:01:40Z
CLM-GroupD,159,https://github.com/tcolab-wdf/CLM-GroupD,2019-10-11T12:21:26Z
CLM-GroupC,100,https://github.com/tcolab-wdf/CLM-GroupC,2019-10-04T09:41:25Z
blowfish-abap,99,https://github.com/hhelibeb/blowfish-abap,2019-10-17T08:36:23Z
abap_bapi_bo_class_generator,94,https://github.com/RubenRollano/abap_bapi_bo_class_generator,2019-10-12T07:17:43Z
CLM-GroupA,83,https://github.com/tcolab-wdf/CLM-GroupA,2019-10-04T09:39:49Z
scf,82,https://github.com/reyemsaibot/scf,2019-10-14T09:04:09Z
ABAP-Z-LAC-SHOP-MON,66,https://github.com/oarthursilva/ABAP-Z-LAC-SHOP-MON,2019-10-29T22:41:22Z
ABAP-Z-LAC-HR,59,https://github.com/oarthursilva/ABAP-Z-LAC-HR,2019-10-13T15:37:46Z
abap-json-encoder-decoder,59,https://github.com/valdirmendesdev/abap-json-encoder-decoder,2019-10-28T23:55:49Z
ABAP-Z-LAC-SHOP-DAO,57,https://github.com/oarthursilva/ABAP-Z-LAC-SHOP-DAO,2019-10-15T00:09:15Z
simula-miro,56,https://github.com/edmilson-nascimento/simula-miro,2019-10-10T12:59:27Z
CAA362-TechEd-2019,40,https://github.com/eoud/CAA362-TechEd-2019,2019-10-21T09:27:54Z
CLM-GroupB,37,https://github.com/tcolab-wdf/CLM-GroupB,2019-10-04T09:41:46Z
SAP_Machine_Learning,31,https://github.com/irodrigob/SAP_Machine_Learning,2019-10-27T17:41:51Z
shop123,29,https://github.com/yeganehmilad4/shop123,2019-10-10T14:30:00Z
CAA379-2-07,22,https://github.com/pacroy/CAA379-2-07,2019-10-12T07:57:32Z
ABAP-Reference,22,https://github.com/Tursko/ABAP-Reference,2019-10-22T22:34:30Z
AbapTest1,19,https://github.com/Sergio70Abap/AbapTest1,2019-10-25T08:48:12Z
CAA701-TechEd-2019,18,https://github.com/eoud/CAA701-TechEd-2019,2019-10-21T09:29:17Z
SAPAnalyticsCloud-Ruptura,18,https://github.com/cirojunior/SAPAnalyticsCloud-Ruptura,2019-10-14T14:12:31Z
abap-html5,17,https://github.com/sandraros/abap-html5,2019-10-26T21:23:08Z
benchmarks,16,https://github.com/sbcgua/benchmarks,2019-10-26T12:01:22Z
abap-archiving-engine,16,https://github.com/00500500/abap-archiving-engine,2019-10-08T11:47:40Z
ABAP,15,https://github.com/lnxk/ABAP,2019-10-20T15:54:28Z
abap_ws,15,https://github.com/hapejot/abap_ws,2019-10-03T13:56:21Z
CAA104-TechEd-2019,15,https://github.com/eoud/CAA104-TechEd-2019,2019-10-21T09:25:45Z
CAA379-1-02,15,https://github.com/marcellourbani/CAA379-1-02,2019-10-24T15:30:04Z
dummyadt,15,https://github.com/marcellourbani/dummyadt,2019-10-10T23:30:00Z
ABAP-Z-LAC-SHOP-DEMO,14,https://github.com/oarthursilva/ABAP-Z-LAC-SHOP-DEMO,2019-10-25T01:39:05Z
DUMMY,12,https://github.com/yohannweber/DUMMY,2019-10-16T16:52:05Z
alvida,12,https://github.com/umle01-mle/alvida,2019-10-31T09:12:18Z
exceluploadvalidation,12,https://github.com/nghaonan/exceluploadvalidation,2019-10-20T07:25:34Z
abap-dynamic-select,11,https://github.com/00500500/abap-dynamic-select,2019-10-08T11:52:47Z
ABAP-Code-Review-Master,11,https://github.com/abinbaby-sap/ABAP-Code-Review-Master,2019-10-11T09:58:34Z
abap-turtle-contest,10,https://github.com/FreHu/abap-turtle-contest,2019-10-12T12:22:00Z
abapGit,8,https://github.com/euyuksel/abapGit,2019-10-28T10:33:54Z
dodo,8,https://github.com/tricktresor/dodo,2019-10-25T13:26:07Z
ABAP,7,https://github.com/yogeshCt3/ABAP,2019-10-04T04:30:35Z
IAXU,5,https://github.com/abapGit-tests/IAXU,2019-10-16T12:25:47Z
mysap,5,https://github.com/LiloZhu/mysap,2019-10-11T13:16:12Z
abapgit,5,https://github.com/hfumey/abapgit,2019-10-03T07:24:29Z
hello-world,4,https://github.com/mgkoehler/hello-world,2019-10-21T19:09:37Z
btidummy,4,https://github.com/marcellourbani/btidummy,2019-10-07T22:19:04Z
playground,3,https://github.com/thfiedler/playground,2019-10-31T09:23:19Z
z_test,3,https://github.com/t-drotleff/z_test,2019-10-04T08:32:17Z
abapProject,3,https://github.com/mahmoudadel/abapProject,2019-10-01T09:04:14Z
testmirror3,3,https://github.com/bibber0612/testmirror3,2019-10-31T06:58:47Z
abap-code-snippets,3,https://github.com/KrzysztofZak/abap-code-snippets,2019-10-22T14:59:20Z
abap-string-util,3,https://github.com/00500500/abap-string-util,2019-10-08T11:54:56Z
ABAPGit_TEST,3,https://github.com/mvm-sap/ABAPGit_TEST,2019-10-16T10:10:17Z
FUGR_text_elements,3,https://github.com/abapGit-tests/FUGR_text_elements,2019-10-29T13:54:12Z
PROG_with_text_elmnt,3,https://github.com/abapGit-tests/PROG_with_text_elmnt,2019-10-29T13:46:35Z
user-exits-finder,2,https://github.com/ricardolp/user-exits-finder,2019-10-14T12:08:22Z
vs-code,2,https://github.com/Teng-Long/vs-code,2019-10-11T10:17:45Z
abap_gol_quick_dirty,2,https://github.com/DusanSacha/abap_gol_quick_dirty,2019-10-26T13:18:21Z
abapgit_workflow,1,https://github.com/nishantkathuria/abapgit_workflow,2019-10-29T19:29:57Z
test,1,https://github.com/thedude-cyber/test,2019-10-31T10:17:41Z
BasisTeam-Content,91967,https://github.com/basisteam-io/BasisTeam-Content,2019-11-16T17:34:50Z
sap-training,7692,https://github.com/cjbungay/sap-training,2019-11-14T18:51:53Z
abap-db-browser,2585,https://github.com/DevEpos/abap-db-browser,2019-11-19T20:22:00Z
Chapter-4-5-6-CDS-ABAP-backend-code,965,https://github.com/FioriS4HANARAP/Chapter-4-5-6-CDS-ABAP-backend-code,2019-11-14T11:53:03Z
BP-Product,767,https://github.com/nikhilthakare06/BP-Product,2019-11-14T10:01:37Z
AbapGuide,522,https://github.com/michaelMattanza/AbapGuide,2019-11-19T10:44:52Z
abap-ui-toolbox,504,https://github.com/DevEpos/abap-ui-toolbox,2019-11-19T20:25:04Z
abap_xrm,366,https://github.com/hapejot/abap_xrm,2019-11-21T16:18:56Z
ABAP,279,https://github.com/carmodurante/ABAP,2019-11-28T12:14:19Z
sapSamples,259,https://github.com/shaw1236/sapSamples,2019-11-15T17:20:10Z
abapTimeMachine,256,https://github.com/abapinho/abapTimeMachine,2019-11-19T16:41:35Z
abap2xlsx-simple,198,https://github.com/kkayacan/abap2xlsx-simple,2019-11-11T11:43:10Z
abap-CSR,139,https://github.com/sandraros/abap-CSR,2019-11-01T23:26:43Z
abapExamples,130,https://github.com/hunamm/abapExamples,2019-11-04T15:46:59Z
abapgit_workflow,126,https://github.com/himanshush13/abapgit_workflow,2019-11-28T07:36:33Z
abap_training,115,https://github.com/tanmeng/abap_training,2019-11-24T01:52:26Z
ABAP_Text_Templates,107,https://github.com/irodrigob/ABAP_Text_Templates,2019-11-20T20:40:28Z
abapGit_ADT_Resources_Tests,81,https://github.com/shubhamWaghmare-sap/abapGit_ADT_Resources_Tests,2019-11-13T09:02:25Z
ABAP_NEW_SYNTAX,81,https://github.com/hello659/ABAP_NEW_SYNTAX,2019-11-29T11:49:21Z
ABAP_Mail_Utility,77,https://github.com/irodrigob/ABAP_Mail_Utility,2019-11-17T18:17:46Z
scabsrc,52,https://github.com/sandraros/scabsrc,2019-11-11T08:41:45Z
bw_remove_characters,51,https://github.com/pawelwiejkut/bw_remove_characters,2019-11-09T15:29:01Z
abapgit0010,51,https://github.com/readians-khhan/abapgit0010,2019-11-23T07:01:10Z
S-RTTI,51,https://github.com/sandraros/S-RTTI,2019-11-16T19:40:14Z
ABAP-ALV-00,47,https://github.com/juantubello/ABAP-ALV-00,2019-11-05T23:16:53Z
IntroToABAP,47,https://github.com/Boneill3/IntroToABAP,2019-11-15T20:59:34Z
abapGraphql2,46,https://github.com/Allam76/abapGraphql2,2019-11-19T19:55:33Z
EWM_AJUDANTE,37,https://github.com/AlexCaldeira/EWM_AJUDANTE,2019-11-18T14:30:35Z
HCLABAPGIT,29,https://github.com/DIGILAB-IN/HCLABAPGIT,2019-11-19T13:21:34Z
abapgit-hello-world,25,https://github.com/tobiaszgithub/abapgit-hello-world,2019-11-25T13:20:39Z
IWVB,22,https://github.com/abapGit-tests/IWVB,2019-11-06T16:32:30Z
mhp-codejam-abap-sapcloud,18,https://github.com/urlmic/mhp-codejam-abap-sapcloud,2019-11-10T20:48:43Z
ABAPRep,18,https://github.com/CHINNARASUA/ABAPRep,2019-11-28T08:56:41Z
AMEX_DEV_PHASE1,17,https://github.com/Bristlecone-PRJ/AMEX_DEV_PHASE1,2019-11-29T05:41:54Z
abap,17,https://github.com/alarcon-abap/abap,2019-11-08T14:10:59Z
exec_dll_abap,16,https://github.com/jbatista27/exec_dll_abap,2019-11-29T12:48:22Z
PDF-reading-using-API-SAP,16,https://github.com/jbatista27/PDF-reading-using-API-SAP,2019-11-22T15:59:46Z
ABAPUnitTest,11,https://github.com/rchudziak/ABAPUnitTest,2019-11-13T09:02:35Z
SAP-my-Tcode-repository,13,https://github.com/vidyadharg/SAP-my-Tcode-repository,2019-11-15T19:13:32Z
SAP-ABAP,10,https://github.com/immatty-dev/SAP-ABAP,2019-11-12T03:52:39Z
abapCloudTrial,8,https://github.com/pokrakam/abapCloudTrial,2019-11-20T10:03:04Z
ipsumnizer,8,https://github.com/tricktresor/ipsumnizer,2019-11-08T11:58:48Z
abapgit_train,8,https://github.com/Saurabhsharma009/abapgit_train,2019-11-11T15:57:31Z
abapgit_codejam,8,https://github.com/hendrik77/abapgit_codejam,2019-11-15T16:19:16Z
zcaa260-150,7,https://github.com/sap-teched-2019/zcaa260-150,2019-11-05T14:11:36Z
ABAP_ASSET2,7,https://github.com/aravindh-prabhakaran/ABAP_ASSET2,2019-11-15T09:29:10Z
ABAP,6,https://github.com/mikhailhnot/ABAP,2019-11-26T15:27:17Z
ABAP_GIT,4,https://github.com/RavishRanka/ABAP_GIT,2019-11-15T04:17:35Z
SAP_GITS_SYNC,3,https://github.com/RPANDAY87/SAP_GITS_SYNC,2019-11-28T05:00:35Z
abapgit_workflow,3,https://github.com/vedvishwa/abapgit_workflow,2019-11-10T09:57:06Z
hello-world,3,https://github.com/ioannisprogakis/hello-world,2019-11-04T13:05:48Z
abapMultiplyToy,3,https://github.com/pokrakam/abapMultiplyToy,2019-11-20T20:51:26Z
ADT_ABAPGIT_DEMO,3,https://github.com/mvm-sap/ADT_ABAPGIT_DEMO,2019-11-15T07:33:38Z
abap_git_demo,2,https://github.com/mvm-sap/abap_git_demo,2019-11-13T07:39:43Z
Calculadora_ABAP-SAP,2,https://github.com/melinmiguel/Calculadora_ABAP-SAP,2019-11-21T12:28:29Z
Template,2,https://github.com/batuhansubasi/Template,2019-11-29T06:24:32Z
ADT_ABAPGIT_DEMO_1,2,https://github.com/mvm-sap/ADT_ABAPGIT_DEMO_1,2019-11-15T07:34:20Z
Website,2,https://github.com/rohithcd/Website,2019-11-07T11:06:04Z
AMEX_BANK_Info,2,https://github.com/Bristlecone-PRJ/AMEX_BANK_Info,2019-11-29T04:54:18Z
ABAP-MVC-Object-Oriented-ALV-Report,1,https://github.com/KrzysztofZak/ABAP-MVC-Object-Oriented-ALV-Report,2019-11-01T17:36:19Z
test1234,1,https://github.com/LS-AV/test1234,2019-11-26T02:28:12Z
ABAP_DOWNLOAD_IMG_SE78,1,https://github.com/gabrielsouzasys/ABAP_DOWNLOAD_IMG_SE78,2019-11-05T01:40:25Z
testabapgit,0,https://github.com/Saurabhsharma009/testabapgit,2019-11-14T17:27:11Z
abap-wasm,2681,https://github.com/abap-wasm/abap-wasm,2019-12-27T10:59:08Z
CodeKatas,1468,https://github.com/MBartsch71/CodeKatas,2019-12-26T09:21:44Z
ABAP_Algorithm_Demo,807,https://github.com/wangdongcheng/ABAP_Algorithm_Demo,2019-12-27T01:34:44Z
ABAP-Repository,278,https://github.com/glauc0/ABAP-Repository,2019-12-24T01:49:39Z
abap2gsheet,209,https://github.com/techedgegroup-sap/abap2gsheet,2019-12-30T10:54:53Z
abap-data-validator,208,https://github.com/hhelibeb/abap-data-validator,2019-12-31T05:39:47Z
ZMM001,158,https://github.com/FusionTaiaPryor/ZMM001,2019-12-05T12:01:50Z
mrsreports,154,https://github.com/pvudagavenka/mrsreports,2019-12-03T04:26:55Z
ABAP_LOGGING,105,https://github.com/franzreitmayer/ABAP_LOGGING,2019-12-16T10:06:29Z
EFD_S5000,87,https://github.com/vinibar/EFD_S5000,2019-12-12T18:38:34Z
cost_project_item_ps_pp,85,https://github.com/MatheusMulder/cost_project_item_ps_pp,2019-12-08T03:55:23Z
Batchinput,73,https://github.com/SilentFirework/Batchinput,2019-12-17T11:54:08Z
sap-rfc-call-report,67,https://github.com/Teddy95/sap-rfc-call-report,2019-12-05T12:59:16Z
Advent_of_Code_2019,53,https://github.com/hendrik77/Advent_of_Code_2019,2019-12-05T12:17:26Z
16963-1,42,https://github.com/underscores/16963-1,2019-12-04T20:13:28Z
AdventOfCode2019,40,https://github.com/Ennowulff/AdventOfCode2019,2019-12-04T22:17:12Z
AoC_2019,32,https://github.com/MBartsch71/AoC_2019,2019-12-08T10:54:35Z
FlightRAP_U,29,https://github.com/rchudziak/FlightRAP_U,2019-12-19T09:31:09Z
tabbed,27,https://github.com/edmilson-nascimento/tabbed,2019-12-02T20:31:12Z
Application-log-show,26,https://github.com/edmilson-nascimento/Application-log-show,2019-12-18T20:07:13Z
ZXXX_R_DELETE_TRANSPORT,5,https://github.com/mraht-abap-tools/ZXXX_R_DELETE_TRANSPORT,2019-12-30T16:51:23Z
ZSTR_UTIL_CSV,22,https://github.com/raulcanyas/ZSTR_UTIL_CSV,2019-12-03T13:16:13Z
ABAP_BOPF_UTILS,20,https://github.com/irodrigob/ABAP_BOPF_UTILS,2019-12-23T16:29:53Z
AlexB,19,https://github.com/AlekseiBelskii/AlexB,2019-12-01T10:26:53Z
oo_abap,17,https://github.com/ivantyumenyev/oo_abap,2019-12-29T07:02:48Z
ZSTR_UTIL_LOG,17,https://github.com/raulcanyas/ZSTR_UTIL_LOG,2019-12-03T16:02:56Z
progress-indicator,16,https://github.com/edmilson-nascimento/progress-indicator,2019-12-16T18:10:06Z
ZSTR_UTIL_COMPARATOR,12,https://github.com/raulcanyas/ZSTR_UTIL_COMPARATOR,2019-12-03T17:36:40Z
ZSTR_UTIL_XML,12,https://github.com/raulcanyas/ZSTR_UTIL_XML,2019-12-03T17:18:55Z
ABAPmocker,10,https://github.com/flotxi/ABAPmocker,2019-12-09T11:39:03Z
ZSTR_UTIL_TEMPLATE,9,https://github.com/raulcanyas/ZSTR_UTIL_TEMPLATE,2019-12-03T17:51:25Z
CloudConnectAbap,9,https://github.com/knajmuddin/CloudConnectAbap,2019-12-18T09:10:54Z
abapgit,8,https://github.com/kishoregokara/abapgit,2019-12-24T06:56:33Z
abap_test,7,https://github.com/paihungchen-sap/abap_test,2019-12-02T18:38:31Z
ZSTR_UTIL_DATE,6,https://github.com/raulcanyas/ZSTR_UTIL_DATE,2019-12-03T16:51:45Z
ABAP_IDOC_UTIL,4,https://github.com/irodrigob/ABAP_IDOC_UTIL,2019-12-23T16:41:59Z
ZSTR_UTIL_TIMER,4,https://github.com/raulcanyas/ZSTR_UTIL_TIMER,2019-12-03T16:31:39Z
ZABAPGIT,4,https://github.com/estani-abap/ZABAPGIT,2019-12-10T11:15:36Z
ZSTR_UTIL_PROGRESS,4,https://github.com/raulcanyas/ZSTR_UTIL_PROGRESS,2019-12-03T16:18:00Z
abapgit_onpremise_code,3,https://github.com/ssrajkumar2016/abapgit_onpremise_code,2019-12-18T11:20:11Z
adventofcode_abap,3,https://github.com/tobiaszgithub/adventofcode_abap,2019-12-03T07:42:50Z
MVC_repository,2,https://github.com/maliber/MVC_repository,2019-12-11T18:04:52Z
aoc2019abap,2,https://github.com/NabheetCloud/aoc2019abap,2019-12-02T13:07:55Z
mockup_compiler_benchmark,2,https://github.com/sbcgua/mockup_compiler_benchmark,2019-12-24T22:16:06Z
adt_api_dummy_test_repository,2,https://github.com/marcellourbani/adt_api_dummy_test_repository,2019-12-01T08:36:09Z
zremove_special_character,2,https://github.com/MatheusMulder/zremove_special_character,2019-12-08T04:35:48Z
abap,1,https://github.com/SwatiSajwar/abap,2019-12-11T09:43:24Z
ztest_helloworld,0,https://github.com/githa-chaturvedula/ztest_helloworld,2019-12-12T17:07:16Z
impl_patterns-state,15120,https://github.com/matthew-developer/impl_patterns-state,2020-01-10T12:22:16Z
impl_patterns-classes,11827,https://github.com/matthew-developer/impl_patterns-classes,2020-01-09T20:18:05Z
impl_patterns-methods,10109,https://github.com/matthew-developer/impl_patterns-methods,2020-01-10T12:21:13Z
impl_patterns-behavior,3812,https://github.com/matthew-developer/impl_patterns-behavior,2020-01-10T12:19:38Z
abaplint-sci-client,1082,https://github.com/abaplint/abaplint-sci-client,2020-01-05T12:58:03Z
Cabling-LE,840,https://github.com/kirankrishna3github/Cabling-LE,2020-01-09T15:17:22Z
Z_FILAB_IFM,552,https://github.com/jtp13/Z_FILAB_IFM,2020-01-08T06:40:45Z
abap_db_preparator,450,https://github.com/bunysae/abap_db_preparator,2020-01-27T15:56:16Z
abap-ddic-creator,265,https://github.com/Leo-SDU/abap-ddic-creator,2020-01-08T05:54:54Z
Koteswar1,203,https://github.com/kvannamn/Koteswar1,2020-01-30T08:52:42Z
Test01,203,https://github.com/khajafareed/Test01,2020-01-30T08:52:22Z
abapGit-exits,149,https://github.com/mbtools/abapGit-exits,2020-01-27T17:25:25Z
S4HANATraining,67,https://github.com/Jongui/S4HANATraining,2020-01-15T09:12:16Z
cds_samples_auflage1,68,https://github.com/ABAP-CDS/cds_samples_auflage1,2020-01-23T19:01:27Z
test-iw,34,https://github.com/fabianlupa/test-iw,2020-01-09T19:29:23Z
VPRA_OPEN_SOURCE,28,https://github.com/visamer/VPRA_OPEN_SOURCE,2020-01-08T14:01:54Z
testpacroy,23,https://github.com/mygit999/testpacroy,2020-01-23T03:58:55Z
yourviewer,22,https://github.com/poloniumsoftware/yourviewer,2020-01-31T08:58:10Z
ABAP,21,https://github.com/seoyeoni2/ABAP,2020-01-15T14:01:31Z
abap-rest-api,20,https://github.com/himanshush13/abap-rest-api,2020-01-23T10:41:19Z
abap-resp-api,19,https://github.com/npenadel/abap-resp-api,2020-01-27T10:54:48Z
abap-fmtest-tool,12,https://github.com/Leo-SDU/abap-fmtest-tool,2020-01-06T06:53:14Z
Balwant_ABAP,11,https://github.com/AwesomeBalwant/Balwant_ABAP,2020-01-10T11:28:25Z
devops_sap_abap_demo,10,https://github.com/himanshush13/devops_sap_abap_demo,2020-01-22T07:11:30Z
reduce,10,https://github.com/edmilson-nascimento/reduce,2020-01-07T21:56:40Z
ABAP-REPOSITORY,9,https://github.com/gmahi/ABAP-REPOSITORY,2020-01-30T22:19:59Z
collections-set,9,https://github.com/matthew-developer/collections-set,2020-01-11T16:20:01Z
cloud_backend,8,https://github.com/DKrokhun/cloud_backend,2020-01-07T20:39:38Z
ABAPCodeSnippets,7,https://github.com/s-cbrunn/ABAPCodeSnippets,2020-01-22T18:40:04Z
ABAP_TR,7,https://github.com/ClaudDeng/ABAP_TR,2020-01-23T06:57:01Z
zpfico,6,https://github.com/weiroc/zpfico,2020-01-02T03:37:13Z
zteste_abap,6,https://github.com/LeonardoPortela/zteste_abap,2020-01-30T21:03:59Z
ObjectRelations,5,https://github.com/vinibar/ObjectRelations,2020-01-16T15:59:33Z
ABAP_GATEWAY,4,https://github.com/irodrigob/ABAP_GATEWAY,2020-01-08T07:56:23Z
sapcli_checkin_test,4,https://github.com/jfilak/sapcli_checkin_test,2020-01-07T15:44:16Z
abapgit,3,https://github.com/Grif0n/abapgit,2020-01-14T11:08:27Z
Swisslog,3,https://github.com/FrankPleinies/Swisslog,2020-01-13T09:49:42Z
VendorPlanCode,3,https://github.com/mark-washick/VendorPlanCode,2020-01-21T20:30:29Z
ADT_ABAP_GIT_DEMO,2,https://github.com/mvm-sap/ADT_ABAP_GIT_DEMO,2020-01-12T15:23:19Z
Z_TEST_MANAGED,1,https://github.com/fischer-walldorf/Z_TEST_MANAGED,2020-01-13T08:47:39Z
ABAP_WORKFLOW,1,https://github.com/DIGILAB-IN/ABAP_WORKFLOW,2020-01-20T07:08:20Z
peasant_multiplication,1,https://github.com/Keller-Michael/peasant_multiplication,2020-01-11T13:19:59Z
abap-deps-apack,1,https://github.com/FreHu/abap-deps-apack,2020-01-11T12:12:12Z
abapgit_test01,7,https://github.com/serdarbeden/abapgit_test01,2020-01-30T11:35:30Z
abap-log-exporter,28281,https://github.com/abap-observability-tools/abap-log-exporter,2020-02-29T19:14:09Z
abap2xlsx,22622,https://github.com/zaveleous/abap2xlsx,2020-02-26T08:25:10Z
Homsoft,2071,https://github.com/rafaelfvalim/Homsoft,2020-02-07T19:22:40Z
abapGIT-merged,1880,https://github.com/mbtools/abapGIT-merged,2020-02-13T13:50:31Z
Simple-Data-Explorer,1109,https://github.com/ysichov/Simple-Data-Explorer,2020-02-09T22:46:51Z
CodeKata_99_Bottles,832,https://github.com/MBartsch71/CodeKata_99_Bottles,2020-02-12T21:12:37Z
ux100,592,https://github.com/michaelnicholls/ux100,2020-02-26T14:10:21Z
abap-metrics-provider,533,https://github.com/abap-observability-tools/abap-metrics-provider,2020-02-29T19:14:24Z
EnterpriseProgramming,359,https://github.com/zackbunch/EnterpriseProgramming,2020-02-12T04:33:23Z
ABAP-Z-LAC,251,https://github.com/oarthursilva/ABAP-Z-LAC,2020-02-15T15:36:14Z
SAP-ABAP,233,https://github.com/NirmalKumarCG/SAP-ABAP,2020-02-28T08:00:50Z
programa-locadora-filmes-abap,155,https://github.com/JhonyVillani/programa-locadora-filmes-abap,2020-02-26T11:14:42Z
programa-cad-funcionarios-infotipos-abap,140,https://github.com/JhonyVillani/programa-cad-funcionarios-infotipos-abap,2020-02-18T11:29:13Z
ABAPRESTfulExamples,134,https://github.com/jnikles1/ABAPRESTfulExamples,2020-02-26T01:20:28Z
cds-simplified,134,https://github.com/edmilson-nascimento/cds-simplified,2020-02-27T16:59:03Z
dea_abapgit,71,https://github.com/kirankrishna3github/dea_abapgit,2020-02-10T14:26:25Z
CV_ABAP,53,https://github.com/DKrokhun/CV_ABAP,2020-02-13T14:58:41Z
mail-danfe,43,https://github.com/edmilson-nascimento/mail-danfe,2020-02-11T13:06:57Z
ABAP-Orientado-Objetos-udemy-course,38,https://github.com/edmilson-nascimento/ABAP-Orientado-Objetos-udemy-course,2020-02-15T15:51:21Z
HRPAY,33,https://github.com/erwinwee/HRPAY,2020-02-26T23:42:20Z
AbapCode,29,https://github.com/Abhinesh467/AbapCode,2020-02-12T01:46:18Z
abap_samples,26,https://github.com/hicham2014/abap_samples,2020-02-14T10:07:40Z
ABAP_LOCKS,21,https://github.com/irodrigob/ABAP_LOCKS,2020-02-18T14:30:54Z
abaplint-action-example,18,https://github.com/tobiaszgithub/abaplint-action-example,2020-02-11T10:56:16Z
sap-gateway-generic-operations,18,https://github.com/wozjac/sap-gateway-generic-operations,2020-02-18T15:20:29Z
abap_mvc_template,17,https://github.com/MyLittleCrab/abap_mvc_template,2020-02-18T18:23:53Z
ABAP4Newbies,16,https://github.com/jordirosa/ABAP4Newbies,2020-02-04T20:14:40Z
sample-abap-program,14,https://github.com/jfabella/sample-abap-program,2020-02-21T06:37:31Z
programa-cad-pessoas-abap,13,https://github.com/JhonyVillani/programa-cad-pessoas-abap,2020-02-12T11:58:29Z
abap-hacks,11,https://github.com/brenoacf/abap-hacks,2020-02-20T12:34:37Z
ISM-410,11,https://github.com/the-germanator/ISM-410,2020-02-14T06:48:02Z
ABAP-Z-LAC-SHOP,11,https://github.com/oarthursilva/ABAP-Z-LAC-SHOP,2020-02-22T11:36:23Z
programa-aduaneira-calculos-abap,11,https://github.com/JhonyVillani/programa-aduaneira-calculos-abap,2020-02-14T11:11:06Z
ABAPonCloud,10,https://github.com/nabhanm/ABAPonCloud,2020-02-06T09:40:23Z
programa-carga-pessoas-abap,9,https://github.com/JhonyVillani/programa-carga-pessoas-abap,2020-02-13T13:52:08Z
method_name_scanner,6,https://github.com/Keller-Michael/method_name_scanner,2020-02-16T16:43:14Z
sap-community-coding-challenge,6,https://github.com/rayatus/sap-community-coding-challenge,2020-02-29T16:01:24Z
SD4ABAP,6,https://github.com/xuchunyangex/SD4ABAP,2020-02-06T09:25:41Z
programa-leitura-dependentes-abap,6,https://github.com/JhonyVillani/programa-leitura-dependentes-abap,2020-02-20T11:09:12Z
ABAPUnitPOC,5,https://github.com/gsarunk/ABAPUnitPOC,2020-02-25T14:54:20Z
opensap,5,https://github.com/erwinwee/opensap,2020-02-27T02:05:54Z
ABAP,5,https://github.com/i312084/ABAP,2020-02-06T07:48:56Z
abapcloud_trial,4,https://github.com/jrodriguez-rc/abapcloud_trial,2020-02-28T20:56:11Z
sap-abap-test,4,https://github.com/veneraldo-apelo/sap-abap-test,2020-02-05T10:53:51Z
S4D_Hello_World,4,https://github.com/D029515/S4D_Hello_World,2020-02-11T11:59:17Z
abap-101-exercises,4,https://github.com/Dominor/abap-101-exercises,2020-02-07T16:43:58Z
programa-dados-funcionario-hm-abap,3,https://github.com/JhonyVillani/programa-dados-funcionario-hm-abap,2020-02-17T13:30:39Z
SAP-Create-Excel-Dynamically,3,https://github.com/mariosumd/SAP-Create-Excel-Dynamically,2020-02-13T10:19:29Z
abap,3,https://github.com/leo-skinner/abap,2020-02-10T18:25:21Z
abapgit-testing,3,https://github.com/stubbini/abapgit-testing,2020-02-02T18:19:16Z
redesigned-lamp,2,https://github.com/Logiklas/redesigned-lamp,2020-02-28T09:23:21Z
how-to-git,2,https://github.com/schurr/how-to-git,2020-02-28T09:25:58Z
programa-relatorio-ausencia-abap,2,https://github.com/JhonyVillani/programa-relatorio-ausencia-abap,2020-02-21T17:39:01Z
ErlebeSoftware,2,https://github.com/MaxPauls/ErlebeSoftware,2020-02-28T09:21:15Z
SCP,2,https://github.com/SwathiVuddala/SCP,2020-02-28T07:11:08Z
abapgit,1,https://github.com/Davise-liu/abapgit,2020-02-20T07:28:30Z
myabaptest,1,https://github.com/JcNick/myabaptest,2020-02-26T07:36:10Z
abapgit_workflow,1,https://github.com/fgautier1/abapgit_workflow,2020-02-12T17:55:27Z
abapgit_workflow,1,https://github.com/rahulyerrabandi/abapgit_workflow,2020-02-27T22:00:08Z
sd_note,140079,https://github.com/picturetxl/sd_note,2020-03-18T14:33:46Z
MBT-Package-Manager,7040,https://github.com/Marc-Bernard-Tools/MBT-Package-Manager,2020-03-12T16:30:43Z
clean-code,2267,https://github.com/OrigamiDZ/clean-code,2020-03-31T12:15:47Z
Hana-viewer,981,https://github.com/ha1ron/Hana-viewer,2020-03-24T04:16:12Z
MY_CLOUD_TENANT,698,https://github.com/masscar/MY_CLOUD_TENANT,2020-03-19T13:43:56Z
programa-controle-apontamento-horas-abap,529,https://github.com/JhonyVillani/programa-controle-apontamento-horas-abap,2020-03-02T12:22:42Z
tennis-kata,511,https://github.com/santi-gonzalez/tennis-kata,2020-03-19T10:55:48Z
EITT,342,https://github.com/tobiaszgithub/EITT,2020-03-26T11:32:27Z
MBT-Command-Field,319,https://github.com/Marc-Bernard-Tools/MBT-Command-Field,2020-03-12T16:28:24Z
cloudflare-abap-template,282,https://github.com/open-abap/cloudflare-abap-template,2020-03-01T18:12:28Z
ABAPdev,262,https://github.com/ccurtolo/ABAPdev,2020-03-25T15:21:35Z
programa-controle-reembolso-abap,210,https://github.com/JhonyVillani/programa-controle-reembolso-abap,2020-03-19T11:53:44Z
mockup_loader_toolkit,208,https://github.com/sbcgua/mockup_loader_toolkit,2020-03-28T16:10:10Z
Abap_Beispiel_Codes,115,https://github.com/MustafaCengiz1/Abap_Beispiel_Codes,2020-03-23T21:27:24Z
SonarJenkins,96,https://github.com/Tyler-Maguire/SonarJenkins,2020-03-17T07:39:26Z
abap-aoc,82,https://github.com/rayatus/abap-aoc,2020-03-26T10:26:18Z
abapgit_workflow,74,https://github.com/katrin1989/abapgit_workflow,2020-03-15T09:40:26Z
displayOOALVWithSubtotals,71,https://github.com/viniciustavanoferreira/displayOOALVWithSubtotals,2020-03-21T18:17:02Z
zbbo,70,https://github.com/BortolettoLB/zbbo,2020-03-25T15:24:59Z
ABAP-SAMPLES,45,https://github.com/MBartsch71/ABAP-SAMPLES,2020-03-08T08:46:54Z
sapcodegenerator_class_reader,42,https://github.com/rayatus/sapcodegenerator_class_reader,2020-03-26T10:51:17Z
abap_covid19_api_reader,37,https://github.com/Resulto-Consultoria/abap_covid19_api_reader,2020-03-20T13:33:27Z
abap_cloud_prad,36,https://github.com/prad3811/abap_cloud_prad,2020-03-21T00:52:00Z
WTAC,32,https://github.com/joseagomesacc/WTAC,2020-03-19T16:25:09Z
task_032020,32,https://github.com/MIRCHUKDV/task_032020,2020-03-30T14:42:51Z
alv-3-passos,37,https://github.com/edmilson-nascimento/alv-3-passos,2020-03-13T15:03:30Z
SCPmsPushNotificationREST_API,29,https://github.com/agiguere/SCPmsPushNotificationREST_API,2020-03-13T19:00:25Z
ABAP,27,https://github.com/ivoneisn/ABAP,2020-03-13T16:22:07Z
abapgit_arjan_training4,26,https://github.com/aaalbe/abapgit_arjan_training4,2020-03-11T10:46:57Z
test_sonar_cloud,20,https://github.com/ltidin/test_sonar_cloud,2020-03-25T13:57:28Z
ECC_DEMO,19,https://github.com/sapabapdou/ECC_DEMO,2020-03-09T07:50:29Z
zdomaintextgetabap,16,https://github.com/Dan-KW/zdomaintextgetabap,2020-03-31T08:23:21Z
TutorialCalendar,15,https://github.com/zetkawawpl/TutorialCalendar,2020-03-22T10:14:01Z
TutorialTravelApp,12,https://github.com/zetkawawpl/TutorialTravelApp,2020-03-21T14:39:01Z
programa-atualizacao-endereco-abap,11,https://github.com/JhonyVillani/programa-atualizacao-endereco-abap,2020-03-30T12:12:00Z
abapgit_workflow,9,https://github.com/syildirim-dev/abapgit_workflow,2020-03-18T11:49:45Z
abap-rest,9,https://github.com/jinigirl/abap-rest,2020-03-17T09:45:16Z
S4HANA-ABAP-Code-Conversion,9,https://github.com/hardyp/S4HANA-ABAP-Code-Conversion,2020-03-29T06:00:02Z
TEST_PCEDIT,8,https://github.com/mbtools-archive/TEST_PCEDIT,2020-03-04T23:16:29Z
aws-lambda-abap-runtime,7,https://github.com/open-abap/aws-lambda-abap-runtime,2020-03-01T16:59:24Z
abap-contracts,6,https://github.com/open-abap/abap-contracts,2020-03-01T17:17:59Z
SRFC,4,https://github.com/abapGit-tests/SRFC,2020-03-03T08:29:12Z
abapgit_workflow,4,https://github.com/PRawat11/abapgit_workflow,2020-03-02T11:21:04Z
abap-gateway-utils,3,https://github.com/sebasgoldberg/abap-gateway-utils,2020-03-26T18:24:50Z
ABAP_GIT_TESTPROJ,3,https://github.com/PRawat11/ABAP_GIT_TESTPROJ,2020-03-02T08:31:47Z
ABAP_CCM,3,https://github.com/creyj/ABAP_CCM,2020-03-21T12:43:08Z
ABAP4EASE,2,https://github.com/kaushalshah/ABAP4EASE,2020-03-05T18:26:58Z
abapgit_workflow,2,https://github.com/svygit/abapgit_workflow,2020-03-02T05:19:17Z
ItabMerge,2,https://github.com/matsukawar/ItabMerge,2020-03-29T14:59:08Z
abap,0,https://github.com/peterdell/abap,2020-03-30T20:58:13Z
abap,6039,https://github.com/chenzhiwen1/abap,2020-04-28T15:43:36Z
code-pal-for-abap,3100,https://github.com/SAP/code-pal-for-abap,2020-04-02T14:05:42Z
-ODSMFE-DBTABLES,2756,https://github.com/ppandey-ods/-ODSMFE-DBTABLES,2020-04-28T16:04:34Z
pruebas,854,https://github.com/sabangel/pruebas,2020-04-02T18:00:10Z
SDM-GD2,698,https://github.com/Ryan-Roelofse/SDM-GD2,2020-04-26T16:21:57Z
defaultrep,479,https://github.com/dazshane/defaultrep,2020-04-07T11:26:37Z
eui,352,https://github.com/bizhuka/eui,2020-04-10T06:05:31Z
Export-Import-Tables,290,https://github.com/sandraros/Export-Import-Tables,2020-04-05T00:32:09Z
sap-ca-cts-worklist-abap,264,https://github.com/equinor/sap-ca-cts-worklist-abap,2020-04-17T08:44:56Z
py_demo,233,https://github.com/bizhuka/py_demo,2020-04-26T05:25:23Z
Demo,157,https://github.com/anusurbab/Demo,2020-04-17T15:38:39Z
MaximAbap,152,https://github.com/imshwetajain/MaximAbap,2020-04-30T10:22:21Z
FM-Test-Data,150,https://github.com/sandraros/FM-Test-Data,2020-04-05T00:33:44Z
ABAP,144,https://github.com/andrey-zzz/ABAP,2020-04-16T09:33:52Z
ABAP_SD5,142,https://github.com/matt1029-zz/ABAP_SD5,2020-04-21T07:10:50Z
abap_snippets,145,https://github.com/kaplinav/abap_snippets,2020-04-28T18:41:49Z
Reusable-component-for-Excel-Operations,118,https://github.com/dassharma/Reusable-component-for-Excel-Operations,2020-04-29T20:36:51Z
abap-oo-basics,115,https://github.com/SAP-samples/abap-oo-basics,2020-04-18T00:02:53Z
Abap-Development,102,https://github.com/clemendes/Abap-Development,2020-04-02T22:35:17Z
abapgit-workflow,100,https://github.com/Rashabhi10/abapgit-workflow,2020-04-29T07:37:03Z
envysis,94,https://github.com/sandraros/envysis,2020-04-28T16:46:09Z
compilation,90,https://github.com/ha1ron/compilation,2020-04-08T05:06:07Z
ni,86,https://github.com/vinibar/ni,2020-04-29T21:30:31Z
YDK_TRANSFER,74,https://github.com/DKiyanov/YDK_TRANSFER,2020-04-26T15:17:46Z
ABAP101,62,https://github.com/HKAMUSINSKI/ABAP101,2020-04-25T19:22:42Z
ZXXX_R_DELETE_PACKAGE,6,https://github.com/mraht-abap-tools/ZXXX_R_DELETE_PACKAGE,2020-04-02T14:22:30Z
zcx_return2,40,https://github.com/alwinvandeput/zcx_return2,2020-04-25T14:17:14Z
localization-toolkit-s4hana-cloud-tax-id-validation,36,https://github.com/SAP-archive/localization-toolkit-s4hana-cloud-tax-id-validation,2020-04-08T15:59:16Z
refactoring_abap_trans,35,https://github.com/germanysources/refactoring_abap_trans,2020-04-18T13:37:12Z
ABAP-CI-Demo,33,https://github.com/velu2020/ABAP-CI-Demo,2020-04-26T15:21:26Z
ABAPGIT,28,https://github.com/harishl20/ABAPGIT,2020-04-10T08:15:43Z
zmigrationpackage,28,https://github.com/valdirmendesdev/zmigrationpackage,2020-04-01T21:02:08Z
abapgit,27,https://github.com/ffaian/abapgit,2020-04-20T20:36:58Z
ABAPLint-DEPS,27,https://github.com/himanshush13/ABAPLint-DEPS,2020-04-23T11:06:04Z
ABAP-Class-ZCL_MM_WM,27,https://github.com/fjourneau/ABAP-Class-ZCL_MM_WM,2020-04-22T09:40:16Z
scpabap,26,https://github.com/techaware/scpabap,2020-04-29T06:22:06Z
abap_cloud_projects_example,24,https://github.com/javimd87/abap_cloud_projects_example,2020-04-24T14:47:27Z
sobeyspoc,21,https://github.com/ffaian/sobeyspoc,2020-04-21T11:45:38Z
actions-abaplint-test,21,https://github.com/larshp/actions-abaplint-test,2020-04-13T10:28:14Z
elearning,20,https://github.com/InnovativeBankingSolutions/elearning,2020-04-14T12:15:50Z
FM-params-RTTS,19,https://github.com/sandraros/FM-params-RTTS,2020-04-05T00:30:27Z
pruebas_abapgit,18,https://github.com/sabangel/pruebas_abapgit,2020-04-03T19:48:18Z
selectionscreencontroller,17,https://github.com/MikeSidorochkin/selectionscreencontroller,2020-04-13T13:38:16Z
ABAPRestFullFioriBackend,16,https://github.com/eduardolinaresp/ABAPRestFullFioriBackend,2020-04-28T18:13:52Z
ABAPCLOUD,16,https://github.com/agozcel/ABAPCLOUD,2020-04-23T12:36:01Z
abap_scp,14,https://github.com/matt1029-zz/abap_scp,2020-04-30T12:01:14Z
zcclm_extended,13,https://github.com/RyabovAlex/zcclm_extended,2020-04-21T21:37:40Z
Single-Document-Class,13,https://github.com/dassharma/Single-Document-Class,2020-04-29T20:03:08Z
GameOfLife,13,https://github.com/soschlegel/GameOfLife,2020-04-25T08:02:49Z
Jenkins_integration,12,https://github.com/Sudheer-Abapgit/Jenkins_integration,2020-04-26T20:29:20Z
SAP-Online-Track-2020,12,https://github.com/hardyp/SAP-Online-Track-2020,2020-04-05T06:56:09Z
SAP-ISU-ZBRS_FFW_APPLICATION,11,https://github.com/A139359/SAP-ISU-ZBRS_FFW_APPLICATION,2020-04-07T00:02:39Z
SFLIGHT-ALV-Report,11,https://github.com/meliheren/SFLIGHT-ALV-Report,2020-04-01T12:02:21Z
eclipse_abapGit,11,https://github.com/vgonzcam/eclipse_abapGit,2020-04-01T10:27:14Z
ConstantsManager,11,https://github.com/jordirosa/ConstantsManager,2020-04-09T10:18:41Z
RAP,10,https://github.com/Jaldapa/RAP,2020-04-01T16:44:04Z
SAP_Cloud_TRL,9,https://github.com/mitrisoft/SAP_Cloud_TRL,2020-04-05T11:22:32Z
XMI-OO,9,https://github.com/sandraros/XMI-OO,2020-04-13T18:59:35Z
GIT_EDU,9,https://github.com/kingsapnw/GIT_EDU,2020-04-17T11:47:01Z
abap_restfull_cloud_example,9,https://github.com/devgen/abap_restfull_cloud_example,2020-04-18T11:31:06Z
SAP-ABAP-Lab2020A,8,https://github.com/eduardorasgado/SAP-ABAP-Lab2020A,2020-04-18T04:23:50Z
SFLIGHT-ALV-Report_2,8,https://github.com/meliheren/SFLIGHT-ALV-Report_2,2020-04-03T15:27:41Z
Ejercicio12,7,https://github.com/CarlosRoEs/Ejercicio12,2020-04-08T19:40:16Z
ABAP,7,https://github.com/agozcel/ABAP,2020-04-23T10:25:21Z
CAD_43_ZVGC_BEH,7,https://github.com/vgonzcam/CAD_43_ZVGC_BEH,2020-04-27T13:16:57Z
HelloWorld,7,https://github.com/scjuonline/HelloWorld,2020-04-19T17:55:43Z
abap-code-retreat,6,https://github.com/rayatus/abap-code-retreat,2020-04-26T11:44:46Z
abapGit_Test_02,6,https://github.com/SueWang25/abapGit_Test_02,2020-04-10T08:45:25Z
ABAP_GIT_PEP_HYD,6,https://github.com/sasidhar46/ABAP_GIT_PEP_HYD,2020-04-22T10:16:54Z
ejemploabapunit,6,https://github.com/sabangel/ejemploabapunit,2020-04-08T00:57:57Z
abapgit_workflow,6,https://github.com/sasidhar46/abapgit_workflow,2020-04-22T10:35:31Z
learning_ABAP,5,https://github.com/lucas-da-cruz/learning_ABAP,2020-04-29T01:27:17Z
abap_icf_demo,5,https://github.com/antonio-vaz/abap_icf_demo,2020-04-15T19:25:04Z
test-abaplint-interface,4,https://github.com/JohannesKonings/test-abaplint-interface,2020-04-19T14:13:44Z
newAbapGit,4,https://github.com/Aftab571/newAbapGit,2020-04-21T17:31:13Z
Sri_ABAP,4,https://github.com/srikanth-sap1260/Sri_ABAP,2020-04-23T19:03:25Z
tcode,4,https://github.com/sandraros/tcode,2020-04-28T16:41:59Z
ABAP_GIT_PEP2,3,https://github.com/sasidhar46/ABAP_GIT_PEP2,2020-04-24T08:00:16Z
ABAP_GIT_DEMO,3,https://github.com/sasidhar46/ABAP_GIT_DEMO,2020-04-29T09:20:05Z
apack10,3,https://github.com/sandraros/apack10,2020-04-18T08:43:52Z
20200429,3,https://github.com/ROBERTKAO/20200429,2020-04-29T01:35:16Z
apack1,3,https://github.com/sandraros/apack1,2020-04-18T08:43:30Z
ABAPHelloWorld,3,https://github.com/2littleF/ABAPHelloWorld,2020-04-08T09:46:45Z
remove_test,3,https://github.com/ROBERTKAO/remove_test,2020-04-16T09:05:01Z
tictactoe,3,https://github.com/HKAMUSINSKI/tictactoe,2020-04-25T20:21:34Z
public_test,3,https://github.com/ROBERTKAO/public_test,2020-04-28T10:32:09Z
ABAPGitTest,3,https://github.com/velu2020/ABAPGitTest,2020-04-28T11:35:21Z
apack111,2,https://github.com/sandraros/apack111,2020-04-18T19:24:38Z
apack101,2,https://github.com/sandraros/apack101,2020-04-18T19:24:09Z
apack11,2,https://github.com/sandraros/apack11,2020-04-18T19:23:49Z
ababgit,2,https://github.com/velu2020/ababgit,2020-04-28T10:06:49Z
apack100,2,https://github.com/sandraros/apack100,2020-04-18T08:44:13Z
wf,2,https://github.com/mhaopacheco/wf,2020-04-23T10:00:23Z
z_cl_enterprise_messaging,2,https://github.com/andrzejhalicki/z_cl_enterprise_messaging,2020-04-24T19:57:11Z
abapgit_wf,2,https://github.com/greatriver7/abapgit_wf,2020-04-14T00:25:49Z
AbapGit_Demo,2,https://github.com/velu2020/AbapGit_Demo,2020-04-28T11:17:14Z
abapgit_workflow,2,https://github.com/varunpathipaka/abapgit_workflow,2020-04-07T08:38:12Z
apack110,2,https://github.com/sandraros/apack110,2020-04-18T19:24:26Z
gitAbapWorkflow,1,https://github.com/Aftab571/gitAbapWorkflow,2020-04-20T14:54:17Z
abap_git_ak,1,https://github.com/khaireanand/abap_git_ak,2020-04-27T14:23:46Z
Test_Repo,1,https://github.com/palmathur/Test_Repo,2020-04-24T06:02:55Z
downport,9662,https://github.com/abapGit/downport,2020-05-31T17:40:43Z
upport,8718,https://github.com/abapGit/upport,2020-05-31T17:39:55Z
test-abap-aws-lambda,8013,https://github.com/JohannesKonings/test-abap-aws-lambda,2020-05-04T17:28:13Z
ABAPGIT,6119,https://github.com/jeevanrajv1901/ABAPGIT,2020-05-23T08:39:03Z
abap_hska,5259,https://github.com/soschlegel/abap_hska,2020-05-08T09:06:57Z
SRYA_extractor,3379,https://github.com/NovisEuforia/SRYA_extractor,2020-05-29T17:01:18Z
trip-kata,2150,https://github.com/GrantMynott/trip-kata,2020-05-19T12:57:15Z
YDK_CL_PLACEMENT,895,https://github.com/DKiyanov/YDK_CL_PLACEMENT,2020-05-03T16:36:04Z
ajson,852,https://github.com/sbcgua/ajson,2020-05-16T07:00:27Z
belts_craft_tennis_kata,544,https://github.com/floby-ip/belts_craft_tennis_kata,2020-05-22T12:12:15Z
ABAPRestCodeJam,427,https://github.com/foessleitnerj/ABAPRestCodeJam,2020-05-01T15:45:59Z
MBT-Logical-Object-Lister,257,https://github.com/Marc-Bernard-Tools/MBT-Logical-Object-Lister,2020-05-18T17:33:28Z
MBT-Transport-Request,323,https://github.com/Marc-Bernard-Tools/MBT-Transport-Request,2020-05-12T09:33:25Z
gcts01,273,https://github.com/dreamer-nv/gcts01,2020-05-27T14:21:16Z
abap_samples,245,https://github.com/MDagni/abap_samples,2020-05-11T09:22:19Z
MBT-Icon-Browser,195,https://github.com/Marc-Bernard-Tools/MBT-Icon-Browser,2020-05-18T17:31:59Z
s4_bootcamp,159,https://github.com/andytu1984/s4_bootcamp,2020-05-10T00:34:04Z
functionModule-RFC_READ_TABLE_V2,144,https://github.com/Keng-Sahachart/functionModule-RFC_READ_TABLE_V2,2020-05-28T07:56:40Z
YHSKA_09_HOMEWORK,127,https://github.com/trho96/YHSKA_09_HOMEWORK,2020-05-10T13:56:09Z
zaceeditor,122,https://github.com/maxfreck/zaceeditor,2020-05-28T19:03:36Z
YDK_LIST,117,https://github.com/DKiyanov/YDK_LIST,2020-05-18T15:28:24Z
Marc-Bernard-Tools-Versions,118,https://github.com/Marc-Bernard-Tools/Marc-Bernard-Tools-Versions,2020-05-18T15:55:46Z
cloud-abap-exchange-rates,103,https://github.com/SAP-samples/cloud-abap-exchange-rates,2020-05-07T15:45:04Z
opensap_writing_testable_code,102,https://github.com/sodogan/opensap_writing_testable_code,2020-05-29T18:22:24Z
abap_jwt_generator,79,https://github.com/abapChaoLiu/abap_jwt_generator,2020-05-09T02:11:00Z
simple_abap_logger,64,https://github.com/sodogan/simple_abap_logger,2020-05-27T07:00:56Z
abapREST,62,https://github.com/Karl1973/abapREST,2020-05-09T07:00:10Z
abapHomework03,60,https://github.com/webertim/abapHomework03,2020-05-10T13:45:25Z
abap,59,https://github.com/frasseli/abap,2020-05-20T13:02:36Z
abap_unit_expected_data_generator,57,https://github.com/alwinvandeput/abap_unit_expected_data_generator,2020-05-17T12:13:28Z
test1909,55,https://github.com/SergeyNazaretyan/test1909,2020-05-08T08:20:44Z
abaptools,50,https://github.com/liangzihua/abaptools,2020-05-25T10:25:54Z
Basic_ABAP_OO_eLearnings,49,https://github.com/npnnpn/Basic_ABAP_OO_eLearnings,2020-05-01T08:19:27Z
design-patterns-abap,49,https://github.com/aliaksei-dunets-public/design-patterns-abap,2020-05-05T11:41:20Z
abapgitrepo,46,https://github.com/sangita-p/abapgitrepo,2020-05-25T09:53:15Z
abap_2020,45,https://github.com/GTaskin/abap_2020,2020-05-09T12:38:52Z
WDYN,49,https://github.com/abapGit-tests/WDYN,2020-05-08T09:18:32Z
ALV-simplificado,46,https://github.com/edmilson-nascimento/ALV-simplificado,2020-05-02T16:06:42Z
zcx_return3,35,https://github.com/alwinvandeput/zcx_return3,2020-05-22T12:16:41Z
YDK_DBTAB_INDEXES,34,https://github.com/DKiyanov/YDK_DBTAB_INDEXES,2020-05-30T16:49:26Z
SAP-samples-abap-oo-basics,28,https://github.com/npnnpn/SAP-samples-abap-oo-basics,2020-05-01T09:09:27Z
abap-zmatrix,26,https://github.com/andretrump/abap-zmatrix,2020-05-12T20:37:05Z
Test_Focus4,25,https://github.com/MathiasLange/Test_Focus4,2020-05-29T11:23:05Z
ABAP,25,https://github.com/NicHahn/ABAP,2020-05-11T15:03:17Z
abap_hap_scp_book,23,https://github.com/ffaian/abap_hap_scp_book,2020-05-07T14:12:40Z
yhska14_ABAP_HOMEWORK,21,https://github.com/CodeSh33p/yhska14_ABAP_HOMEWORK,2020-05-15T14:35:48Z
ABAP_Homework,20,https://github.com/Pandaliha/ABAP_Homework,2020-05-10T13:29:08Z
testing_abapgit_private_1,20,https://github.com/uddeshya-agrawal-sap/testing_abapgit_private_1,2020-05-25T14:32:31Z
DSAG_ABAP_Dev_Days_2020_2,19,https://github.com/christianguenter2/DSAG_ABAP_Dev_Days_2020_2,2020-05-19T12:42:04Z
Quick_Create_Notification_ABAP,19,https://github.com/Lutzi3/Quick_Create_Notification_ABAP,2020-05-18T07:33:38Z
DSAG_ABAP_DEV_DAYS_2020_RAP2,19,https://github.com/freilinger/DSAG_ABAP_DEV_DAYS_2020_RAP2,2020-05-19T15:01:30Z
DSAG_ABAP_Dev_Days_2020,18,https://github.com/christianguenter2/DSAG_ABAP_Dev_Days_2020,2020-05-18T12:40:12Z
ABAP2020_GRUPPE01,17,https://github.com/13vi47h4n/ABAP2020_GRUPPE01,2020-05-11T12:44:24Z
testing_abapgit_public_1,16,https://github.com/uddeshya-agrawal-sap/testing_abapgit_public_1,2020-05-25T15:31:53Z
Abaps-S4HANA,18,https://github.com/jeribo/Abaps-S4HANA,2020-05-05T21:21:29Z
ZCAA361,15,https://github.com/soschlegel/ZCAA361,2020-05-18T11:36:49Z
HSKA-ABAP,15,https://github.com/paulnavid/HSKA-ABAP,2020-05-15T09:18:07Z
DSAG_ABAP_DEV_DAYS_2020_RAP1,15,https://github.com/freilinger/DSAG_ABAP_DEV_DAYS_2020_RAP1,2020-05-19T14:54:59Z
SDM_ZTABLE_TEST,14,https://github.com/Ryan-Roelofse/SDM_ZTABLE_TEST,2020-05-08T08:58:45Z
FioriApp,13,https://github.com/Pandaliha/FioriApp,2020-05-10T09:14:56Z
abap_hska,13,https://github.com/Kevin-Ludwig/abap_hska,2020-05-15T12:18:05Z
ZB2_EXPORT,13,https://github.com/benayas1/ZB2_EXPORT,2020-05-04T19:14:08Z
ABAPGIT_STEAMPUNK_TEST,12,https://github.com/termanico/ABAPGIT_STEAMPUNK_TEST,2020-05-10T10:06:01Z
convert_bracketstring_2_string,25,https://github.com/stekoester/convert_bracketstring_2_string,2020-05-14T18:18:25Z
ABAP_DEMO_GIT,12,https://github.com/harishl20/ABAP_DEMO_GIT,2020-05-29T12:08:56Z
ZCL_ABAP_UNIT_ASSERT,12,https://github.com/alwinvandeput/ZCL_ABAP_UNIT_ASSERT,2020-05-25T05:11:05Z
restfulABAP_YHSKA__12_Homework,12,https://github.com/jami211/restfulABAP_YHSKA__12_Homework,2020-05-15T13:25:45Z
discovery,11,https://github.com/druizmar/discovery,2020-05-14T06:21:13Z
test,11,https://github.com/davidjauernig/test,2020-05-26T13:38:05Z
ZGIT_INCREMENTAL,10,https://github.com/druizmar/ZGIT_INCREMENTAL,2020-05-11T11:10:20Z
HSKA_abap,10,https://github.com/Yurallua/HSKA_abap,2020-05-24T16:30:54Z
abap-zhash,10,https://github.com/andretrump/abap-zhash,2020-05-16T14:11:59Z
abapgit_samples,10,https://github.com/sodogan/abapgit_samples,2020-05-02T15:38:00Z
test-abap-aws-lambda-runtime,8,https://github.com/JohannesKonings/test-abap-aws-lambda-runtime,2020-05-08T19:12:47Z
SST-abapgit-workflow,8,https://github.com/biswasdebsubhra/SST-abapgit-workflow,2020-05-15T14:01:20Z
abapGit-TestTableMaintenance,8,https://github.com/goreraks/abapGit-TestTableMaintenance,2020-05-30T07:29:23Z
UnpackCustomizing,8,https://github.com/goreraks/UnpackCustomizing,2020-05-30T08:38:17Z
TEST_LONG_NAMES,8,https://github.com/mbtools-archive/TEST_LONG_NAMES,2020-05-12T15:45:30Z
ABAP_hska,7,https://github.com/Avocado1012/ABAP_hska,2020-05-10T13:02:35Z
Sales-Orders-BOPF-cockpit,7,https://github.com/lkornikov/Sales-Orders-BOPF-cockpit,2020-05-20T06:39:28Z
unit-testing-test,7,https://github.com/open-abap/unit-testing-test,2020-05-10T06:46:24Z
abap_ballog,7,https://github.com/ynabid/abap_ballog,2020-05-13T15:07:32Z
YDK_CL_MAIL_SEND,6,https://github.com/DKiyanov/YDK_CL_MAIL_SEND,2020-05-04T14:02:02Z
ABAP-Class-Factory,6,https://github.com/flotxi/ABAP-Class-Factory,2020-05-13T05:49:57Z
abap_date,12,https://github.com/MyLittleCrab/abap_date,2020-05-23T08:25:33Z
YDK_CREATE_DATA,5,https://github.com/DKiyanov/YDK_CREATE_DATA,2020-05-22T16:48:47Z
test_dm,4,https://github.com/davidjauernig/test_dm,2020-05-28T14:52:56Z
Abap_demo,4,https://github.com/harishl20/Abap_demo,2020-05-29T11:27:26Z
ABAP_EXCEL,4,https://github.com/Lex-Wang/ABAP_EXCEL,2020-05-22T06:59:49Z
ABAP-Class-ZCL_MANAGE_LOCK,4,https://github.com/fjourneau/ABAP-Class-ZCL_MANAGE_LOCK,2020-05-28T14:37:23Z
abap_test,3,https://github.com/ashutyson/abap_test,2020-05-19T09:37:47Z
oo_abap_examples,3,https://github.com/ivantyumenyev/oo_abap_examples,2020-05-18T06:37:08Z
ABAP_BRANCHES,2,https://github.com/sasidhar46/ABAP_BRANCHES,2020-05-07T07:53:15Z
CCM_AE_DEMO,2,https://github.com/bsachin/CCM_AE_DEMO,2020-05-21T09:41:36Z
zabapgit_workflow,2,https://github.com/jd-tutorials/zabapgit_workflow,2020-05-26T09:47:23Z
abapgit_demo,2,https://github.com/soschlegel/abapgit_demo,2020-05-09T12:04:21Z
CCMA_AE_DEMO_000,2,https://github.com/bsachin/CCMA_AE_DEMO_000,2020-05-20T15:47:03Z
abapgit,1,https://github.com/mahernandezsanchez/abapgit,2020-05-20T11:20:26Z
infosys_workshop,1,https://github.com/abinbaby-sap/infosys_workshop,2020-05-13T16:30:27Z
ABAP_GIT_TEST,1,https://github.com/jagritilakra/ABAP_GIT_TEST,2020-05-15T07:40:03Z
TestAggregation,1,https://github.com/Dminkouski/TestAggregation,2020-05-10T09:01:08Z
ABAPGitRepo,1,https://github.com/freilinger/ABAPGitRepo,2020-05-06T12:40:36Z
AETestDE,1,https://github.com/Draugr793/AETestDE,2020-05-21T05:57:27Z
abap_cld400,1,https://github.com/fgautier1/abap_cld400,2020-05-26T14:00:49Z
abapgit_workflow,1,https://github.com/sakshisingh04/abapgit_workflow,2020-05-01T06:26:44Z
DMOpenConnectorABAPSnowflake,28389,https://github.com/sabarna17/DMOpenConnectorABAPSnowflake,2020-06-21T11:31:08Z
ABAPGit,6359,https://github.com/shashi306/ABAPGit,2020-06-26T17:05:18Z
Saravana-Store,5188,https://github.com/Suri-Amburi/Saravana-Store,2020-06-23T05:34:09Z
abap-practice,1623,https://github.com/stonewm/abap-practice,2020-06-24T07:14:59Z
testgithubactions,461,https://github.com/eduardohfnascimento/testgithubactions,2020-06-08T21:34:07Z
WebABAP_samples,446,https://github.com/OlegBash599/WebABAP_samples,2020-06-15T11:38:40Z
abap-file-uploader,322,https://github.com/SAP-samples/abap-file-uploader,2020-06-18T17:33:26Z
M19-U87_ODATA,257,https://github.com/Teniente-dan/M19-U87_ODATA,2020-06-26T01:28:41Z
ZSAPLink,235,https://github.com/MikeSidorochkin/ZSAPLink,2020-06-19T15:27:04Z
abapgit_amar,209,https://github.com/akurane123/abapgit_amar,2020-06-13T23:02:03Z
ABAP_CI_CTS_TEST,190,https://github.com/VanishreeGV1/ABAP_CI_CTS_TEST,2020-06-25T13:18:23Z
adash-services,138,https://github.com/xinitrc86/adash-services,2020-06-14T11:26:32Z
gcts02,108,https://github.com/dreamer-nv/gcts02,2020-06-11T09:56:01Z
crossdeps,108,https://github.com/sbcgua/crossdeps,2020-06-16T20:20:13Z
abap-string-map,92,https://github.com/sbcgua/abap-string-map,2020-06-21T07:32:00Z
Temp,65,https://github.com/Lex-Wang/Temp,2020-06-09T01:33:43Z
abap_plugins,62,https://github.com/v1995al/abap_plugins,2020-06-08T07:09:37Z
ZSMG_DEBUG,60,https://github.com/MikeSidorochkin/ZSMG_DEBUG,2020-06-18T12:51:53Z
zh174_code_dojo,56,https://github.com/hendrik77/zh174_code_dojo,2020-06-14T18:43:16Z
abapDOC,48,https://github.com/indevo/abapDOC,2020-06-04T16:13:26Z
extensionin-SALESORDER,47,https://github.com/edmilson-nascimento/extensionin-SALESORDER,2020-06-16T16:12:57Z
ZAL11,47,https://github.com/MikeSidorochkin/ZAL11,2020-06-19T15:29:41Z
sap_bin,42,https://github.com/Jenjenn/sap_bin,2020-06-30T00:00:17Z
SapUi5displaySmartformasPdf,41,https://github.com/CAMILACAMIS/SapUi5displaySmartformasPdf,2020-06-04T19:19:29Z
ZRAP_MO,39,https://github.com/omarshal/ZRAP_MO,2020-06-19T12:06:42Z
GitHub,34,https://github.com/Valero8309/GitHub,2020-06-18T23:24:53Z
abap_injections,30,https://github.com/sodogan/abap_injections,2020-06-14T10:32:58Z
zca_log,29,https://github.com/bunzl/zca_log,2020-06-21T19:46:39Z
paralleloopta,28,https://github.com/thalesvb/paralleloopta,2020-06-17T21:01:19Z
push_delete_ddic_object,25,https://github.com/shubhamWaghmare-sap/push_delete_ddic_object,2020-06-01T10:19:34Z
SCP1_TOBJ,26,https://github.com/abapGit-tests/SCP1_TOBJ,2020-06-25T05:16:00Z
abapgit_issue_2744,21,https://github.com/bigld/abapgit_issue_2744,2020-06-24T09:24:10Z
ABAPGIT_ACC,21,https://github.com/GIT-REPOSITORY-TEST/ABAPGIT_ACC,2020-06-09T11:47:54Z
sap-event-handler,17,https://github.com/antonio-vaz/sap-event-handler,2020-06-30T05:05:44Z
M19-U87_CDS,13,https://github.com/Teniente-dan/M19-U87_CDS,2020-06-26T01:31:47Z
abaplint-test-text-elements,13,https://github.com/fabianlupa/abaplint-test-text-elements,2020-06-07T10:48:16Z
Code-Review,13,https://github.com/ABAPGIT-ACC/Code-Review,2020-06-30T12:43:15Z
GITHUB-Desktop,12,https://github.com/GIT-REPOSITORY-TEST/GITHUB-Desktop,2020-06-10T12:24:22Z
ZFLIGHT_REUSE_LIB,12,https://github.com/SCP-ABAP-WS/ZFLIGHT_REUSE_LIB,2020-06-19T10:19:43Z
ABAP-ZCL_XOT_TRXR_ZCO2O07,11,https://github.com/rosspaulrobinson/ABAP-ZCL_XOT_TRXR_ZCO2O07,2020-06-30T05:46:33Z
ABAP_7_5-Features,11,https://github.com/sodogan/ABAP_7_5-Features,2020-06-01T16:54:33Z
Online,11,https://github.com/GIT-REPOSITORY-TEST/Online,2020-06-23T10:00:30Z
SAP-IoT-controller,10,https://github.com/antonio-vaz/SAP-IoT-controller,2020-06-29T02:04:29Z
ABAP-Unit-test-dao,10,https://github.com/jschjoedt/ABAP-Unit-test-dao,2020-06-12T12:15:15Z
sapfioritools,8,https://github.com/albanleong/sapfioritools,2020-06-26T04:15:20Z
extended-ADT-console,7,https://github.com/sandraros/extended-ADT-console,2020-06-07T19:42:17Z
Hamurabi,7,https://github.com/Keller-Michael/Hamurabi,2020-06-21T08:27:08Z
zassert,6,https://github.com/xinitrc86/zassert,2020-06-15T10:11:12Z
TEST_DEMO,6,https://github.com/anagarcigm/TEST_DEMO,2020-06-09T08:15:06Z
Think180,6,https://github.com/JLante/Think180,2020-06-01T09:43:58Z
ABAP-Git-Test-On-SAP,5,https://github.com/ozkancinar/ABAP-Git-Test-On-SAP,2020-06-25T10:35:33Z
DEPLOY_TEST,5,https://github.com/druizmar/DEPLOY_TEST,2020-06-16T08:50:55Z
ZCG3Z,5,https://github.com/sandraros/ZCG3Z,2020-06-05T09:28:47Z
SAPRepo,5,https://github.com/sormita/SAPRepo,2020-06-03T05:25:16Z
ABAP-Z_UTIL_NW_EXPORT_DATA_TO_CSV,5,https://github.com/rosspaulrobinson/ABAP-Z_UTIL_NW_EXPORT_DATA_TO_CSV,2020-06-30T01:24:22Z
ABAPGIT_Local,5,https://github.com/GIT-REPOSITORY-TEST/ABAPGIT_Local,2020-06-10T10:10:04Z
ZSMG_JOBS,5,https://github.com/MikeSidorochkin/ZSMG_JOBS,2020-06-19T18:41:33Z
ZSCWN_NOTES_UPLOAD,5,https://github.com/babuilyas/ZSCWN_NOTES_UPLOAD,2020-06-19T09:01:02Z
cld400_W1,5,https://github.com/fgautier1/cld400_W1,2020-06-02T16:32:15Z
ABAPUnitTest,4,https://github.com/bdelangh/ABAPUnitTest,2020-06-24T17:43:30Z
TEST_APPLICATION_JOBS,4,https://github.com/bsachin/TEST_APPLICATION_JOBS,2020-06-18T14:31:52Z
ZFLIGHT_EVALUATION_00,4,https://github.com/SCP-ABAP-WS/ZFLIGHT_EVALUATION_00,2020-06-18T13:50:31Z
ddic_objs,4,https://github.com/shubhamWaghmare-sap/ddic_objs,2020-06-03T17:44:55Z
abap,3,https://github.com/niralaakkan/abap,2020-06-08T06:04:58Z
myFirstRepo,3,https://github.com/archer4sap/myFirstRepo,2020-06-09T05:47:41Z
abap,3,https://github.com/THM-MA/abap,2020-06-26T16:40:19Z
ABAPGIT---Online,3,https://github.com/GIT-REPOSITORY-TEST/ABAPGIT---Online,2020-06-23T07:29:17Z
attf_demo001,3,https://github.com/godsrulez/attf_demo001,2020-06-20T21:52:56Z
test,3,https://github.com/kvskesari/test,2020-06-26T21:52:00Z
SAP_CLD400,3,https://github.com/neooblaster/SAP_CLD400,2020-06-03T14:28:09Z
abapGitHubDemo,2,https://github.com/prakash13t/abapGitHubDemo,2020-06-22T07:00:05Z
Saravana,2,https://github.com/Suri-Amburi/Saravana,2020-06-23T05:35:06Z
ABAP-DESIGN-SAMPLES,2,https://github.com/MBartsch71/ABAP-DESIGN-SAMPLES,2020-06-06T06:36:35Z
CLASS_TEST,2,https://github.com/druizmar/CLASS_TEST,2020-06-08T11:03:39Z
abap_git_saplive_cld400,1,https://github.com/Boukermo/abap_git_saplive_cld400,2020-06-03T14:41:16Z
myFirstRepository,1,https://github.com/snehamore28/myFirstRepository,2020-06-09T05:47:53Z
abapgit_workflow,1,https://github.com/Sirine2/abapgit_workflow,2020-06-03T14:55:26Z
abapgit_workflow,1,https://github.com/uniks75/abapgit_workflow,2020-06-14T14:47:38Z
Jamalsrepository,0,https://github.com/P353810/Jamalsrepository,2020-06-09T05:48:17Z
ZMM01,5213,https://github.com/kirankrishna3github/ZMM01,2020-07-12T15:20:44Z
abapGit,4846,https://github.com/jitendra-git123/abapGit,2020-07-19T22:13:50Z
YTEST001,4653,https://github.com/weiroc/YTEST001,2020-07-06T01:24:37Z
Smart-Debugger,2422,https://github.com/ysichov/Smart-Debugger,2020-07-26T18:07:46Z
ZSOG_MM,1086,https://github.com/xtbirihan/ZSOG_MM,2020-07-04T12:24:04Z
ZSOG_FI,735,https://github.com/xtbirihan/ZSOG_FI,2020-07-04T11:36:57Z
abap-tags-backend,288,https://github.com/DevEpos/abap-tags-backend,2020-07-10T13:21:43Z
easy_abap,372,https://github.com/kirankrishna3github/easy_abap,2020-07-02T10:57:31Z
ztoad,204,https://github.com/marianfoo/ztoad,2020-07-30T08:08:27Z
abapgit_workflow,197,https://github.com/venbhavip/abapgit_workflow,2020-07-20T05:34:36Z
P-SLF4ABAP,175,https://github.com/mnemotron/P-SLF4ABAP,2020-07-22T19:47:16Z
ZSSI_UTIL,117,https://github.com/xtbirihan/ZSSI_UTIL,2020-07-04T10:53:44Z
WDCC,111,https://github.com/abapGit-tests/WDCC,2020-07-27T15:00:04Z
project-odense,83,https://github.com/SAP-archive/project-odense,2020-07-01T10:45:58Z
z001,77,https://github.com/weiroc/z001,2020-07-03T06:54:10Z
Calculator,61,https://github.com/thfiedler/Calculator,2020-07-03T08:17:50Z
ADT_TODO_Plugin_ABAP,56,https://github.com/AkyshBaymuhammedov/ADT_TODO_Plugin_ABAP,2020-07-18T11:42:18Z
ABAP_SOURCE,52,https://github.com/Yaluoo/ABAP_SOURCE,2020-07-16T05:50:42Z
ManagePurchase_V1,51,https://github.com/abapforgeeks/ManagePurchase_V1,2020-07-19T12:18:01Z
MPD,50,https://github.com/spcnow/MPD,2020-07-24T16:33:11Z
ABAP_demo,46,https://github.com/GB-JELINK/ABAP_demo,2020-07-16T02:36:13Z
cad_app_contactperson,46,https://github.com/anagarcigm/cad_app_contactperson,2020-07-21T12:54:15Z
AbapCloudZBK_SB_I_PRODUCT,45,https://github.com/alokranjanct333/AbapCloudZBK_SB_I_PRODUCT,2020-07-31T15:46:37Z
CDS-for-ABAPers,44,https://github.com/Technology-Enthusiast/CDS-for-ABAPers,2020-07-17T09:24:04Z
abap-http-agent,42,https://github.com/sbcgua/abap-http-agent,2020-07-05T09:52:10Z
Tabelas_ALV_SAP_ABAP,38,https://github.com/weslix/Tabelas_ALV_SAP_ABAP,2020-07-21T20:55:06Z
Salesorder,37,https://github.com/kaleshavalicpt/Salesorder,2020-07-11T19:29:49Z
gcts,32,https://github.com/Aravindkumarj/gcts,2020-07-31T05:13:53Z
AMS-Estimator,30,https://github.com/Sudipta-Sikder/AMS-Estimator,2020-07-09T08:28:34Z
ABAPKafkaProducer,23,https://github.com/yoklii-public/ABAPKafkaProducer,2020-07-28T20:29:21Z
restAPI,23,https://github.com/abdullahatan/restAPI,2020-07-04T16:37:35Z
gCTS,20,https://github.com/IkuHori/gCTS,2020-07-06T11:27:35Z
ABAP-Snippets,19,https://github.com/huang0303019/ABAP-Snippets,2020-07-11T17:04:39Z
scp_rap,18,https://github.com/VladimirErakovic/scp_rap,2020-07-16T20:26:32Z
abap-rest-api,18,https://github.com/biswasdebsubhra/abap-rest-api,2020-07-13T12:49:51Z
Z_S4_FI_PE_EACCOUNTING,17,https://github.com/adanigr/Z_S4_FI_PE_EACCOUNTING,2020-07-18T01:43:51Z
Review---Testing,16,https://github.com/ABAPGIT-ACC/Review---Testing,2020-07-01T07:36:57Z
test,16,https://github.com/bek202/test,2020-07-21T12:35:56Z
Adiabap_git,14,https://github.com/adi586/Adiabap_git,2020-07-15T09:38:31Z
Development,14,https://github.com/ABAPGIT-ACC/Development,2020-07-02T17:25:45Z
IDoc-with-ABAP-OOP,13,https://github.com/peyn/IDoc-with-ABAP-OOP,2020-07-24T09:44:26Z
TEST_SYNTAX_ERROR,9,https://github.com/mbtools-archive/TEST_SYNTAX_ERROR,2020-07-29T19:55:23Z
FUGR3,8,https://github.com/larshp/FUGR3,2020-07-22T06:00:42Z
Explosion_feedstock_ABAP4,8,https://github.com/melinmiguel/Explosion_feedstock_ABAP4,2020-07-08T18:13:26Z
abapgit_test_softtek,7,https://github.com/admmty05/abapgit_test_softtek,2020-07-24T16:45:33Z
Tipos_de_SELECT_ABAP,6,https://github.com/weslix/Tipos_de_SELECT_ABAP,2020-07-24T21:21:26Z
CommonRegexABAP,6,https://github.com/dmitry-zharinov/CommonRegexABAP,2020-07-26T13:38:33Z
ibe_abap,6,https://github.com/vikas-vishnoi/ibe_abap,2020-07-05T16:07:38Z
ZPACK_APPL,5,https://github.com/kvskesari/ZPACK_APPL,2020-07-03T05:06:37Z
ABAPTest,5,https://github.com/shubhamloni/ABAPTest,2020-07-16T06:39:04Z
sap-demo-textedit-wordwrap,5,https://github.com/sandraros/sap-demo-textedit-wordwrap,2020-07-24T14:37:53Z
TEST_EXCEPTIONS,5,https://github.com/mbtools-archive/TEST_EXCEPTIONS,2020-07-16T02:46:43Z
ForeignKeyChecks,4,https://github.com/goreraks/ForeignKeyChecks,2020-07-15T14:34:21Z
abapgitdemo2,4,https://github.com/thomas-ippisch/abapgitdemo2,2020-07-06T14:13:53Z
abapGitTestBranch,4,https://github.com/pokrakam/abapGitTestBranch,2020-07-30T09:19:11Z
abap-atc-utilities,4,https://github.com/jrodriguez-rc/abap-atc-utilities,2020-07-16T10:48:35Z
scp_rap2,4,https://github.com/VladimirErakovic/scp_rap2,2020-07-16T20:53:47Z
SOTRtest,3,https://github.com/pokrakam/SOTRtest,2020-07-24T07:57:57Z
ZPACK_DDIC,3,https://github.com/kvskesari/ZPACK_DDIC,2020-07-03T05:03:12Z
abapGitDemo,3,https://github.com/gova1505/abapGitDemo,2020-07-02T04:59:39Z
TRAN_Parameter,3,https://github.com/abapGit-tests/TRAN_Parameter,2020-07-01T14:55:22Z
abapgit_HANA,3,https://github.com/manumangal/abapgit_HANA,2020-07-30T05:01:33Z
TRAN_Variant,3,https://github.com/abapGit-tests/TRAN_Variant,2020-07-01T14:45:29Z
abapon-cloud,2,https://github.com/sangeeta-31/abapon-cloud,2020-07-09T04:41:20Z
TRAN_Report,2,https://github.com/abapGit-tests/TRAN_Report,2020-07-01T14:40:41Z
Test,1,https://github.com/moinkhan5/Test,2020-07-09T04:41:22Z
abap-git9,1,https://github.com/Nikiee9/abap-git9,2020-07-09T04:41:08Z
Soumyashree-Cloud,1,https://github.com/Soumyashree-cloud/Soumyashree-Cloud,2020-07-09T04:53:13Z
abapgit_workflow_01,1,https://github.com/Saulgbc/abapgit_workflow_01,2020-07-31T16:29:16Z
shail_git,1,https://github.com/shaileshworld/shail_git,2020-07-09T05:18:38Z
abapcloudtest,1,https://github.com/stym6294/abapcloudtest,2020-07-09T04:47:50Z
Z_ALV_SIMPLE_DISPLAY,1,https://github.com/zohaib194/Z_ALV_SIMPLE_DISPLAY,2020-07-10T13:09:23Z
abapgit,1,https://github.com/prasadgriet223/abapgit,2020-07-22T01:45:16Z
ZABAPTIRTHANKAR,24461,https://github.com/tcjgec2008/ZABAPTIRTHANKAR,2020-08-28T11:41:47Z
zzd530,527,https://github.com/gmahi/zzd530,2020-08-03T20:53:06Z
abap-dev-utilities,355,https://github.com/jrodriguez-rc/abap-dev-utilities,2020-08-06T16:43:59Z
MarkZ,197,https://github.com/MarkZde/MarkZ,2020-08-21T13:09:52Z
test_mono,156,https://github.com/jung-thomas/test_mono,2020-08-28T18:49:07Z
abap-qdrt,146,https://github.com/DevEpos/abap-qdrt,2020-08-13T14:09:51Z
Cloud-sap-rap-on-GitHub,144,https://github.com/anfisc/Cloud-sap-rap-on-GitHub,2020-08-31T18:04:37Z
ABAP-MVC-Model,117,https://github.com/HexClan-dev/ABAP-MVC-Model,2020-08-04T07:45:45Z
io1_zzd530,111,https://github.com/gmahi/io1_zzd530,2020-08-15T21:34:52Z
ABAP-Programming-Model-for-Fiori_V1,109,https://github.com/nameisnagendra/ABAP-Programming-Model-for-Fiori_V1,2020-08-07T15:34:29Z
AT-RT,103,https://github.com/CCM-GCTS/AT-RT,2020-08-11T06:55:37Z
Cloud,95,https://github.com/kush1438/Cloud,2020-08-26T10:18:35Z
abap-fm-logger,88,https://github.com/hhelibeb/abap-fm-logger,2020-08-06T13:21:39Z
abapgit_workflow1,77,https://github.com/swadhinbharat/abapgit_workflow1,2020-08-14T06:28:13Z
ABAP-Programming-Model-for-Fiori,74,https://github.com/nameisnagendra/ABAP-Programming-Model-for-Fiori,2020-08-03T06:14:54Z
ZBAS,64,https://github.com/cape-/ZBAS,2020-08-14T17:57:42Z
abap_cloud,62,https://github.com/gzuzhp/abap_cloud,2020-08-07T03:50:11Z
ABAP_Filemanager,57,https://github.com/alopezv74/ABAP_Filemanager,2020-08-31T15:41:48Z
ABAP-Search-DB-Views,50,https://github.com/juansebastiansoto/ABAP-Search-DB-Views,2020-08-24T12:28:27Z
BTP-59_SAP_ABAP_Cloud,41,https://github.com/Logali-Group/BTP-59_SAP_ABAP_Cloud,2020-08-13T13:38:50Z
abap_rap,37,https://github.com/gzuzhp/abap_rap,2020-08-27T00:38:13Z
RAP,36,https://github.com/vivekgacharya/RAP,2020-08-26T15:20:36Z
RFC_TOOLS,35,https://github.com/xamafe/RFC_TOOLS,2020-08-23T00:29:40Z
G-CTS,32,https://github.com/DEF100/G-CTS,2020-08-12T17:26:41Z
count_words,32,https://github.com/zibbirply/count_words,2020-08-13T15:43:07Z
prueba-cds,27,https://github.com/VGordillo-Resulto/prueba-cds,2020-08-14T12:36:38Z
abap_scp,25,https://github.com/Logali-Group/abap_scp,2020-08-25T10:46:18Z
FB03_ATTACHMENT,25,https://github.com/nirav487/FB03_ATTACHMENT,2020-08-03T07:40:26Z
adso_gen_load,31,https://github.com/zpartner/adso_gen_load,2020-08-21T10:30:00Z
Abaptest1,23,https://github.com/Bigisbig/Abaptest1,2020-08-13T09:23:47Z
ABAPComponents,23,https://github.com/hapejot/ABAPComponents,2020-08-20T06:27:10Z
ABAPtddCourse,22,https://github.com/parmeet22/ABAPtddCourse,2020-08-31T15:41:49Z
ABAP,21,https://github.com/KundanGandhi/ABAP,2020-08-06T19:30:16Z
abap_zcm_simple,20,https://github.com/amacdexp/abap_zcm_simple,2020-08-24T08:06:39Z
AbapLesson,20,https://github.com/Lysenko96/AbapLesson,2020-08-14T15:52:14Z
Abap_rest,19,https://github.com/mallireddy21/Abap_rest,2020-08-14T04:58:17Z
rest_abap,18,https://github.com/s7oev/rest_abap,2020-08-11T06:40:40Z
localization-toolkit-s4hana-cloud-pedimento-number-for-mexico,18,https://github.com/SAP-archive/localization-toolkit-s4hana-cloud-pedimento-number-for-mexico,2020-08-26T18:10:40Z
zmacros,14,https://github.com/AntonSikidin/zmacros,2020-08-19T08:19:18Z
TEST_ABAP_GIT,13,https://github.com/niggo1992/TEST_ABAP_GIT,2020-08-13T15:21:04Z
abapgit_workflow,13,https://github.com/amalaravind123/abapgit_workflow,2020-08-18T03:09:45Z
ZIAS_SCIM_REST_API,12,https://github.com/agiguere/ZIAS_SCIM_REST_API,2020-08-13T20:54:45Z
youtube-abap,11,https://github.com/brandoncaulfield/youtube-abap,2020-08-04T09:50:14Z
ABAPTEST,11,https://github.com/GlassesWu/ABAPTEST,2020-08-19T06:39:41Z
featureswitch,11,https://github.com/uxkjaer/featureswitch,2020-08-13T05:24:02Z
gctsdemo,11,https://github.com/Aravindkumarj/gctsdemo,2020-08-07T17:17:41Z
Excel_Output,9,https://github.com/reyemsaibot/Excel_Output,2020-08-15T18:36:46Z
fixed_vals,9,https://github.com/edmilson-nascimento/fixed_vals,2020-08-26T17:01:38Z
abap_memstore,8,https://github.com/Sinphree/abap_memstore,2020-08-08T23:16:14Z
alv-tree-split,7,https://github.com/CarlosRoEs/alv-tree-split,2020-08-31T15:57:29Z
Download-Request,7,https://github.com/VictorXisto/Download-Request,2020-08-03T22:49:42Z
word_count,7,https://github.com/LeonovychD/word_count,2020-08-13T14:43:08Z
newtestrepo,5,https://github.com/sangita-p/newtestrepo,2020-08-27T09:21:09Z
testing-test,5,https://github.com/larshp/testing-test,2020-08-27T06:43:31Z
ABAP,5,https://github.com/SANJEEVSHARMA35/ABAP,2020-08-21T16:57:49Z
MVC_REPORT_TEMPLATE,5,https://github.com/dmitry-zharinov/MVC_REPORT_TEMPLATE,2020-08-07T12:48:21Z
conversion_exit,4,https://github.com/tricktresor/conversion_exit,2020-08-13T10:28:29Z
abapOpenReviewDeps,3,https://github.com/germanysources/abapOpenReviewDeps,2020-08-10T11:45:30Z
ZWB_W3MI,3,https://github.com/monty79/ZWB_W3MI,2020-08-24T21:33:55Z
ABAP,3,https://github.com/gopalkhandelwal/ABAP,2020-08-18T09:41:41Z
CLD400_AX00_R,3,https://github.com/fgautier1/CLD400_AX00_R,2020-08-24T18:01:36Z
ztcode_by_tabname,3,https://github.com/AntonSikidin/ztcode_by_tabname,2020-08-24T14:04:41Z
ABAP,3,https://github.com/lopezpappalardo/ABAP,2020-08-14T14:30:02Z
CLD400_AX00_1,2,https://github.com/fgautier1/CLD400_AX00_1,2020-08-26T08:25:48Z
Count_Words,2,https://github.com/Baran-Kaya/Count_Words,2020-08-20T13:51:24Z
abap_onpremise,2,https://github.com/Logali-Group/abap_onpremise,2020-08-28T10:11:03Z
word_count,2,https://github.com/hendrik77/word_count,2020-08-13T14:42:36Z
TSH_OFFLine,2,https://github.com/srihari12069/TSH_OFFLine,2020-08-03T11:59:13Z
abapgit_cloud,2,https://github.com/Archanaparv/abapgit_cloud,2020-08-06T08:21:07Z
word_count_km,2,https://github.com/kushalmokashi/word_count_km,2020-08-13T15:10:50Z
abapgit_worflow_TT01,1,https://github.com/RSegaux/abapgit_worflow_TT01,2020-08-28T14:26:37Z
accentureabap,1,https://github.com/uditupadhayay/accentureabap,2020-08-06T07:58:26Z
shp_MM,1,https://github.com/devender55/shp_MM,2020-08-21T12:40:21Z
abapdemo,1,https://github.com/lohith1403/abapdemo,2020-08-06T08:00:29Z
ZABAPCLOUD,1,https://github.com/Krishnaraokila/ZABAPCLOUD,2020-08-06T08:01:51Z
abapgit1312,1,https://github.com/jananinataraj1312/abapgit1312,2020-08-06T08:03:07Z
SCP_ABAP,1,https://github.com/gairikacharya/SCP_ABAP,2020-08-06T21:20:54Z
ZMANO_001,1,https://github.com/manojit50085/ZMANO_001,2020-08-06T10:21:35Z
teched2020-DEV268,8227,https://github.com/SAP-archive/teched2020-DEV268,2020-09-14T11:40:45Z
abap.livecoding,5678,https://github.com/soschlegel/abap.livecoding,2020-09-04T08:26:13Z
open-abap-core,1549,https://github.com/open-abap/open-abap-core,2020-09-30T15:56:18Z
Abap,1381,https://github.com/Sundeep1204/Abap,2020-09-25T15:36:08Z
tenniskata,616,https://github.com/mastanca/tenniskata,2020-09-17T18:19:45Z
ZXLSX_WORKBENCH,436,https://github.com/monty79/ZXLSX_WORKBENCH,2020-09-18T10:45:15Z
managed-data-services-odata,371,https://github.com/cadaxo/managed-data-services-odata,2020-09-28T08:55:01Z
tree_template,345,https://github.com/tricktresor/tree_template,2020-09-10T17:14:03Z
managed-data-services-api,264,https://github.com/cadaxo/managed-data-services-api,2020-09-28T08:55:26Z
shubh,231,https://github.com/skondekar/shubh,2020-09-18T08:20:02Z
ABAP_scripts,207,https://github.com/davidvela/ABAP_scripts,2020-09-28T19:14:33Z
abap-proxy-sap-pi,205,https://github.com/VictorXisto/abap-proxy-sap-pi,2020-09-08T18:26:51Z
ALV_PATTERN,181,https://github.com/Sgudkov/ALV_PATTERN,2020-09-28T08:40:27Z
zjyy,160,https://github.com/hsh826/zjyy,2020-09-30T09:30:32Z
ZTest,157,https://github.com/SaravananS1113/ZTest,2020-09-08T12:09:55Z
mvp-salv-table-container-abap,156,https://github.com/ivantyumenyev/mvp-salv-table-container-abap,2020-09-05T09:35:19Z
Zalv_generate,131,https://github.com/Limiter-hao/Zalv_generate,2020-09-29T08:39:58Z
zkrk_emp,135,https://github.com/ravikishore1979/zkrk_emp,2020-09-29T12:11:43Z
abapdoc_confluence_export,123,https://github.com/jrodriguez-rc/abapdoc_confluence_export,2020-09-02T15:56:36Z
zreport_monitor,122,https://github.com/Limiter-hao/zreport_monitor,2020-09-25T08:15:08Z
ZRGGBR000,112,https://github.com/SaravananS1113/ZRGGBR000,2020-09-14T05:24:55Z
ZXXX_R_DB_EXPORT_IMPORT,11,https://github.com/mraht-abap-tools/ZXXX_R_DB_EXPORT_IMPORT,2020-09-11T08:10:22Z
abap_project_tracking,94,https://github.com/duoergui/abap_project_tracking,2020-09-25T03:43:45Z
mvp-salv-table-abap,81,https://github.com/ivantyumenyev/mvp-salv-table-abap,2020-09-09T06:42:08Z
Demo,66,https://github.com/SaravananS1113/Demo,2020-09-09T05:22:08Z
rishi_rap_batch1,64,https://github.com/abapforgeeks/rishi_rap_batch1,2020-09-25T07:02:23Z
AbapCharacteristics,58,https://github.com/lovalace/AbapCharacteristics,2020-09-17T08:38:22Z
Demo,58,https://github.com/murugesh80/Demo,2020-09-16T10:41:31Z
SAP_RAP,54,https://github.com/jesus-hernan/SAP_RAP,2020-09-01T04:20:46Z
ABAP_IF_RECORD,52,https://github.com/ClaudDeng/ABAP_IF_RECORD,2020-09-20T16:39:10Z
abapGit-Repository-Notification,49,https://github.com/bigld/abapGit-Repository-Notification,2020-09-20T09:37:06Z
ABAP_TOOLS,44,https://github.com/ClaudDeng/ABAP_TOOLS,2020-09-20T16:38:00Z
Short-codes,38,https://github.com/joharog/Short-codes,2020-09-04T14:42:12Z
cld400_30sep,34,https://github.com/michaelnicholls/cld400_30sep,2020-09-30T01:26:51Z
multi_header_grid,30,https://github.com/tricktresor/multi_header_grid,2020-09-08T17:56:56Z
zsmw0,26,https://github.com/monty79/zsmw0,2020-09-16T06:29:40Z
zlib-test,23,https://github.com/open-abap/zlib-test,2020-09-27T10:57:37Z
abap-appl-log,22,https://github.com/kaman-thah/abap-appl-log,2020-09-29T07:53:46Z
web-edition,21,https://github.com/abapGit/web-edition,2020-09-15T15:21:48Z
Objects_in_package,20,https://github.com/Sgudkov/Objects_in_package,2020-09-22T12:22:43Z
ABAP-SQL-CONSOLE,18,https://github.com/hand7666/ABAP-SQL-CONSOLE,2020-09-07T02:53:48Z
customer-material-management-abap,15,https://github.com/gregorwolf/customer-material-management-abap,2020-09-12T20:43:40Z
Modi_Test_Abap_Travel,15,https://github.com/Modi1990/Modi_Test_Abap_Travel,2020-09-03T13:09:08Z
git-historical-extract,12,https://github.com/abapGit/git-historical-extract,2020-09-20T05:57:40Z
abap_workflow,12,https://github.com/SIVAPM2682/abap_workflow,2020-09-11T07:55:05Z
GitBranch_Demo,12,https://github.com/sapworld249/GitBranch_Demo,2020-09-22T01:41:58Z
Demogithub,9,https://github.com/sapworld249/Demogithub,2020-09-21T19:28:03Z
test-app,9,https://github.com/frankjentsch/test-app,2020-09-30T22:06:26Z
zjfm_abapgit_test,8,https://github.com/julmue/zjfm_abapgit_test,2020-09-17T11:34:54Z
imroabapgit3,7,https://github.com/sangita-p/imroabapgit3,2020-09-10T08:56:19Z
abap_demo_test,6,https://github.com/dreitagebart/abap_demo_test,2020-09-02T13:23:10Z
Demo,6,https://github.com/Jbcshadow/Demo,2020-09-21T03:33:54Z
abapFEImage,5,https://github.com/mahesh0431/abapFEImage,2020-09-30T21:06:24Z
inwerken-debug-workshop,5,https://github.com/kaman-thah/inwerken-debug-workshop,2020-09-10T12:03:14Z
CMOD,4,https://github.com/abapGit-tests/CMOD,2020-09-25T05:20:30Z
decision-tree,4,https://github.com/shivanandab/decision-tree,2020-09-10T04:49:32Z
dynamical_fcat,4,https://github.com/Sgudkov/dynamical_fcat,2020-09-24T05:48:41Z
testing_ag2,3,https://github.com/Lsubatin/testing_ag2,2020-09-25T02:25:10Z
GitHub_OAuth2_Test,3,https://github.com/abapChaoLiu/GitHub_OAuth2_Test,2020-09-04T14:48:16Z
OOABAP,2,https://github.com/nikhilmishraa/OOABAP,2020-09-13T19:39:15Z
cld400_ex10,2,https://github.com/michaelnicholls/cld400_ex10,2020-09-08T04:37:13Z
test2,2,https://github.com/Michac2/test2,2020-09-30T16:31:32Z
Sagar_rep,2,https://github.com/sagarkme/Sagar_rep,2020-09-17T04:37:49Z
simple-xml,2,https://github.com/edmilson-nascimento/simple-xml,2020-09-08T14:22:10Z
TEST,2,https://github.com/michalkonopa/TEST,2020-09-30T19:08:28Z
Sample_gitrepo,2,https://github.com/mohd-azhar/Sample_gitrepo,2020-09-17T07:45:04Z
abap_exceptions,2,https://github.com/soschlegel/abap_exceptions,2020-09-08T09:44:16Z
ABAPGitExample,2,https://github.com/BChainDemo/ABAPGitExample,2020-09-26T18:10:55Z
ztest09,1,https://github.com/mayur0989/ztest09,2020-09-17T04:37:49Z
anbu_rep,1,https://github.com/anbum10/anbu_rep,2020-09-17T04:37:48Z
abapGit_4Testing,1,https://github.com/MasoudAghadavoodi/abapGit_4Testing,2020-09-28T07:51:14Z
ABAP-IoC-Simple,1,https://github.com/SergeiFefilov/ABAP-IoC-Simple,2020-09-19T19:29:17Z
SHAILSCPREP,1,https://github.com/spangtey1/SHAILSCPREP,2020-09-17T04:37:49Z
nikihl_R1,1,https://github.com/nikhshar/nikihl_R1,2020-09-17T04:37:47Z
find_load_ballog,1,https://github.com/Sgudkov/find_load_ballog,2020-09-24T06:04:35Z
rg_gitrepo,1,https://github.com/guptaravi01/rg_gitrepo,2020-09-17T04:37:49Z
IR_git,1,https://github.com/Ishita2691/IR_git,2020-09-17T04:37:54Z
ABAP,1,https://github.com/kelvzxu/ABAP,2020-09-15T03:32:46Z
ritz_rep,1,https://github.com/ritwikag90/ritz_rep,2020-09-17T04:38:06Z
git_repo,1,https://github.com/pranita0311/git_repo,2020-09-17T04:38:49Z
pooja_rep,1,https://github.com/guptap/pooja_rep,2020-09-17T04:45:56Z
abap_,1,https://github.com/sraishtha/abap_,2020-09-17T04:40:29Z
ak_repository,1,https://github.com/akankshagarg1707/ak_repository,2020-09-17T04:37:51Z
ababgit_workflow,1,https://github.com/PkaFi/ababgit_workflow,2020-09-01T10:07:43Z
test_repos,1,https://github.com/antrikshdeep/test_repos,2020-09-17T04:37:52Z
abap-platform-rap-workshops,158730,https://github.com/SAP-samples/abap-platform-rap-workshops,2020-10-12T18:39:23Z
teched2020-DAT262,13619,https://github.com/SAP-archive/teched2020-DAT262,2020-10-19T15:32:28Z
ZOTC,9956,https://github.com/manu02323/ZOTC,2020-10-19T19:43:42Z
addict,3282,https://github.com/keremkoseoglu/addict,2020-10-16T13:44:38Z
ticksys,3399,https://github.com/keremkoseoglu/ticksys,2020-10-21T08:11:49Z
abaplib-appdemo,1715,https://github.com/mbtools/abaplib-appdemo,2020-10-02T16:10:35Z
ZDDIC_FINDER,387,https://github.com/coreline/ZDDIC_FINDER,2020-10-22T09:41:15Z
zawc_portal,264,https://github.com/Tarrandurham/zawc_portal,2020-10-21T07:15:13Z
ABAP_DATA_OBJECT,186,https://github.com/mastroh72/ABAP_DATA_OBJECT,2020-10-25T16:47:31Z
Abap,169,https://github.com/joseandresgithub/Abap,2020-10-30T12:28:39Z
abapGitcustomizing,163,https://github.com/FreHu/abapGitcustomizing,2020-10-21T12:26:23Z
scp_abap_trial,158,https://github.com/jrodriguez-rc/scp_abap_trial,2020-10-24T10:05:54Z
AbapGitHub_RAP,146,https://github.com/laxmanbosch/AbapGitHub_RAP,2020-10-20T09:56:28Z
dbtab-down-and-upload,143,https://github.com/frankjentsch/dbtab-down-and-upload,2020-10-31T18:18:51Z
sap_abap,127,https://github.com/zohaib194/sap_abap,2020-10-07T13:34:04Z
CAD_ORDERSHOP,123,https://github.com/anagarcigm/CAD_ORDERSHOP,2020-10-23T11:47:22Z
sap_rap_course,100,https://github.com/gabrielbaca/sap_rap_course,2020-10-27T02:56:14Z
rishi_rap_batch1,94,https://github.com/imvgsthe1/rishi_rap_batch1,2020-10-03T03:59:10Z
openSAP-RAP,85,https://github.com/pokrakam/openSAP-RAP,2020-10-27T16:04:31Z
ZRAP_OS_LP,82,https://github.com/i302574/ZRAP_OS_LP,2020-10-28T11:57:26Z
abapcloud007,80,https://github.com/rogertaylor/abapcloud007,2020-10-27T14:52:00Z
openSAP_RAP,74,https://github.com/noelbaez/openSAP_RAP,2020-10-26T15:54:25Z
sap-ca-cts-worklist-abap-v2,66,https://github.com/blahbap/sap-ca-cts-worklist-abap-v2,2020-10-13T13:44:16Z
ZNYPEACCENREP,63,https://github.com/gmalew/ZNYPEACCENREP,2020-10-19T19:20:36Z
simbal,63,https://github.com/keremkoseoglu/simbal,2020-10-11T14:29:33Z
ABAP-openSAP-RAP-Nov-2020,61,https://github.com/gaydov/ABAP-openSAP-RAP-Nov-2020,2020-10-29T19:19:34Z
sap-edluz_backend,54,https://github.com/tomasanchez/sap-edluz_backend,2020-10-21T12:33:25Z
ABAP-HeadFirstDesignPatterns,52,https://github.com/gaydov/ABAP-HeadFirstDesignPatterns,2020-10-19T16:26:28Z
SAP-Send-EMail,51,https://github.com/FatihSengul/SAP-Send-EMail,2020-10-10T07:00:37Z
abap_sap,72,https://github.com/p741633/abap_sap,2020-10-18T05:04:46Z
ZDATALOAD,50,https://github.com/JcNick/ZDATALOAD,2020-10-09T06:28:45Z
Rishi_RAP_OnPremise,44,https://github.com/abapforgeeks/Rishi_RAP_OnPremise,2020-10-09T00:45:11Z
ABAP-SCP,38,https://github.com/mojeda-git/ABAP-SCP,2020-10-27T16:16:46Z
ABAP_CLOUD,37,https://github.com/jesus-hernan/ABAP_CLOUD,2020-10-10T19:33:31Z
SAP_ABAP_RAP,37,https://github.com/jesus-hernan/SAP_ABAP_RAP,2020-10-10T19:57:21Z
RAP_Training,37,https://github.com/jbhagatUTG/RAP_Training,2020-10-09T06:43:40Z
Building_Apps_with_RAP,36,https://github.com/nomssi/Building_Apps_with_RAP,2020-10-27T21:28:49Z
todo_action_test,35,https://github.com/tricktresor/todo_action_test,2020-10-19T19:23:54Z
abap_scp,32,https://github.com/cristianp01/abap_scp,2020-10-12T22:05:16Z
abap_scp,32,https://github.com/alfonsomalfa/abap_scp,2020-10-19T11:13:15Z
AbapUtil,43,https://github.com/pauloadferrraz/AbapUtil,2020-10-07T00:30:41Z
TEST_CHANGED,32,https://github.com/mbtools-archive/TEST_CHANGED,2020-10-06T15:16:19Z
ABAP_SCP_MQ,31,https://github.com/mariitaqd/ABAP_SCP_MQ,2020-10-19T22:51:44Z
CAD_PRICE,31,https://github.com/anagarcigm/CAD_PRICE,2020-10-23T11:46:52Z
abap_scp,31,https://github.com/edutec23/abap_scp,2020-10-23T05:35:54Z
rap_demo,30,https://github.com/karanchopras/rap_demo,2020-10-27T10:15:36Z
ABAP_SCP,30,https://github.com/nahuel777/ABAP_SCP,2020-10-17T16:14:26Z
SAP_ABAP_RAP_UMGD,28,https://github.com/jesus-hernan/SAP_ABAP_RAP_UMGD,2020-10-10T20:00:34Z
RAPCourse,27,https://github.com/angel-palacios/RAPCourse,2020-10-30T01:12:03Z
InderRepository,26,https://github.com/inderfromSAP/InderRepository,2020-10-02T13:24:18Z
abap_SCP,26,https://github.com/jm2011ng/abap_SCP,2020-10-21T14:41:14Z
abaplib-libdemo,26,https://github.com/mbtools/abaplib-libdemo,2020-10-02T14:07:16Z
open-location-code-abap,24,https://github.com/andrew-barnard/open-location-code-abap,2020-10-04T01:32:58Z
CSV-Output,24,https://github.com/reyemsaibot/CSV-Output,2020-10-27T09:04:42Z
event-app,22,https://github.com/frankjentsch/event-app,2020-10-04T12:00:41Z
copia-anexo-gos,21,https://github.com/Luan-Victor/copia-anexo-gos,2020-10-21T14:41:32Z
RISHI_RAP_QUERIES,20,https://github.com/abapforgeeks/RISHI_RAP_QUERIES,2020-10-17T03:58:30Z
gst-e-invoicing-sap,19,https://github.com/sujianalytics/gst-e-invoicing-sap,2020-10-12T06:44:00Z
opensap-cp13,17,https://github.com/larshp/opensap-cp13,2020-10-19T11:44:11Z
openSAP_RAP,17,https://github.com/christianguenter2/openSAP_RAP,2020-10-30T20:53:05Z
Rishi_Test,15,https://github.com/laxmanbosch/Rishi_Test,2020-10-21T07:55:52Z
ABAPLINTED,14,https://github.com/Pruebas-test/ABAPLINTED,2020-10-15T11:08:35Z
ABAP_CLOUD_RENTING,13,https://github.com/jesus-hernan/ABAP_CLOUD_RENTING,2020-10-10T20:08:17Z
openSAP_RAP_Course,13,https://github.com/MBartsch71/openSAP_RAP_Course,2020-10-28T18:57:42Z
Import_CTE_xml,13,https://github.com/ailsonluis/Import_CTE_xml,2020-10-31T22:58:40Z
abap-01,13,https://github.com/duescha/abap-01,2020-10-27T21:04:00Z
SIA1Error,13,https://github.com/shubhamWaghmare-sap/SIA1Error,2020-10-10T07:53:48Z
abapgit_workflow,12,https://github.com/mitra2483/abapgit_workflow,2020-10-19T16:10:55Z
SAP-ABAP,12,https://github.com/NicolasRiveros/SAP-ABAP,2020-10-30T00:41:11Z
ABAP-Objects,10,https://github.com/tkasperski/ABAP-Objects,2020-10-26T10:25:22Z
FUGR4,10,https://github.com/larshp/FUGR4,2020-10-12T11:03:40Z
ABAP-MVC-OOP,10,https://github.com/ruthiel/ABAP-MVC-OOP,2020-10-03T11:54:32Z
test,8,https://github.com/dhaneshindore/test,2020-10-12T07:50:40Z
Easy-ABAP-Selection-Screen,6,https://github.com/namas1994/Easy-ABAP-Selection-Screen,2020-10-19T14:42:25Z
flponprem-themerestriction,6,https://github.com/thalesvb/flponprem-themerestriction,2020-10-28T20:48:21Z
ZABAP_CSV_PARSER,5,https://github.com/omarshal/ZABAP_CSV_PARSER,2020-10-15T12:17:56Z
ZVGC_TEST_RAP_RFC,5,https://github.com/vgonzcam/ZVGC_TEST_RAP_RFC,2020-10-09T12:42:04Z
abapShmPerfTest,5,https://github.com/pokrakam/abapShmPerfTest,2020-10-06T13:28:27Z
ZTESTABAP2,5,https://github.com/razins/ZTESTABAP2,2020-10-26T11:28:38Z
abapgitStandaloneGenerate,5,https://github.com/jrodriguez-rc/abapgitStandaloneGenerate,2020-10-23T08:41:01Z
CLAS_APACK,4,https://github.com/abapGit-tests/CLAS_APACK,2020-10-12T19:02:45Z
simpleABAPTask,4,https://github.com/cspilker/simpleABAPTask,2020-10-19T15:39:13Z
ztest,3,https://github.com/manu02323/ztest,2020-10-19T21:32:33Z
shubh,3,https://github.com/sbkondekar/shubh,2020-10-01T16:12:29Z
ZABAPGIT,3,https://github.com/manu02323/ZABAPGIT,2020-10-21T14:55:55Z
TEST_SWITCH_BRANCH,3,https://github.com/mbtools-archive/TEST_SWITCH_BRANCH,2020-10-28T01:12:10Z
CONFPM04_A,3,https://github.com/pmeleven/CONFPM04_A,2020-10-17T13:38:17Z
ABAP,2,https://github.com/shekarkcs/ABAP,2020-10-06T08:51:24Z
testagapgit,2,https://github.com/arpit8105/testagapgit,2020-10-22T06:46:43Z
ZTESTGIT,2,https://github.com/manu02323/ZTESTGIT,2020-10-21T16:55:19Z
abapgit_test,2,https://github.com/carstenschroeder/abapgit_test,2020-10-24T15:30:28Z
TEST_DEMO,2,https://github.com/Pruebas-test/TEST_DEMO,2020-10-08T12:24:28Z
test-bg,2,https://github.com/fabianlupa/test-bg,2020-10-20T07:21:23Z
GITHUB_DEMO_ONPREMISE,2,https://github.com/abapforgeeks/GITHUB_DEMO_ONPREMISE,2020-10-18T03:35:58Z
ABAPs,1,https://github.com/ReinholdMr/ABAPs,2020-10-31T09:46:17Z
GITHUB_SCP,1,https://github.com/asthanagithub/GITHUB_SCP,2020-10-22T04:28:28Z
ZHNGITHUB,1,https://github.com/hareeshnarla/ZHNGITHUB,2020-10-22T04:59:06Z
ABAPCloud,1,https://github.com/ManishUI5/ABAPCloud,2020-10-22T04:28:33Z
ZABAPGIT,1,https://github.com/JcNick/ZABAPGIT,2020-10-09T02:19:50Z
abapgit-singha,1,https://github.com/anurag2403-source/abapgit-singha,2020-10-22T04:31:35Z
ZOCT2020,1,https://github.com/yashavantjadhav/ZOCT2020,2020-10-14T11:34:59Z
ABAPGit_GTS1673,1,https://github.com/shridharkhosur/ABAPGit_GTS1673,2020-10-28T12:41:02Z
abapgit_workflow,1,https://github.com/hbrahi1/abapgit_workflow,2020-10-25T17:22:08Z
GIT_HUB_SCP,1,https://github.com/rajeshpulime/GIT_HUB_SCP,2020-10-22T04:28:30Z
abapgit_wfkb,1,https://github.com/kotipallib/abapgit_wfkb,2020-10-22T04:29:40Z
bharti-gitrep,1,https://github.com/bharti-arora/bharti-gitrep,2020-10-22T04:32:47Z
sahaj_001,1,https://github.com/sahajkoroth/sahaj_001,2020-10-13T18:27:57Z
acc_cloud,1,https://github.com/kaundinyaekta/acc_cloud,2020-10-22T04:29:47Z
abapgit_paas,1,https://github.com/srinivasvanjarana/abapgit_paas,2020-10-22T04:40:51Z
abap-git,1,https://github.com/mahendra121/abap-git,2020-10-06T08:12:36Z
Coaching,8445,https://github.com/MaddinJay/Coaching,2020-11-20T15:47:43Z
CoronaContactTracing,7633,https://github.com/soschlegel/CoronaContactTracing,2020-11-22T11:42:22Z
zoerten,1323,https://github.com/onurerten1/zoerten,2020-11-29T15:03:06Z
ibpracticecode,971,https://github.com/gmahi/ibpracticecode,2020-11-20T12:54:21Z
IITP4,845,https://github.com/ux2on/IITP4,2020-11-17T13:47:18Z
DevelopingSolutions2.0BKP2019,708,https://github.com/ChristopherNicolasSMM/DevelopingSolutions2.0BKP2019,2020-11-19T13:32:03Z
StudiHubApp,661,https://github.com/nicmohr/StudiHubApp,2020-11-01T09:27:17Z
belt-craft-orange-tennis-kata,614,https://github.com/guillaumemonge/belt-craft-orange-tennis-kata,2020-11-17T23:44:27Z
abap-openapi,540,https://github.com/Priyankchauhan23/abap-openapi,2020-11-27T09:20:03Z
SBB---Trichter-Tool,471,https://github.com/scanezal18/SBB---Trichter-Tool,2020-11-23T08:14:13Z
zcl_log_util,416,https://github.com/neooblaster/zcl_log_util,2020-11-10T10:26:15Z
Rest_Communication_SAP,366,https://github.com/lytonsilva/Rest_Communication_SAP,2020-11-17T14:33:57Z
ajson_mirror,339,https://github.com/abapGit/ajson_mirror,2020-11-24T08:38:55Z
abap,310,https://github.com/gollamudi/abap,2020-11-29T16:33:16Z
RKDevelopments,295,https://github.com/koradaramjee789/RKDevelopments,2020-11-28T03:34:29Z
ZOOPS,257,https://github.com/Yashavant/ZOOPS,2020-11-04T12:04:31Z
ABAP-Examples,242,https://github.com/AndreaBorgia-Abo/ABAP-Examples,2020-11-21T20:55:51Z
abap-advent-2020,219,https://github.com/joltdx/abap-advent-2020,2020-11-18T10:27:09Z
sap_gateway,190,https://github.com/germanysources/sap_gateway,2020-11-22T12:03:48Z
AoC_2020,189,https://github.com/MBartsch71/AoC_2020,2020-11-28T07:58:33Z
legorap,187,https://github.com/vishnucta/legorap,2020-11-10T16:53:42Z
zotct_utils,175,https://github.com/openTCT/zotct_utils,2020-11-11T23:26:07Z
abap-mapa-comparatio,166,https://github.com/ailsonluis/abap-mapa-comparatio,2020-11-02T12:59:30Z
OpenSAP_CP13,142,https://github.com/zetkawawpl/OpenSAP_CP13,2020-11-01T09:54:03Z
abap-advent-2020,136,https://github.com/larshp/abap-advent-2020,2020-11-30T15:42:43Z
abap-advent-2020-template,131,https://github.com/larshp/abap-advent-2020-template,2020-11-13T09:44:36Z
abap-alv-oo,126,https://github.com/ailsonluis/abap-alv-oo,2020-11-01T00:49:28Z
ABAP-Simple-Async-Framework,117,https://github.com/MikeSidorochkin/ABAP-Simple-Async-Framework,2020-11-27T15:29:04Z
abap-utils,117,https://github.com/stockbal/abap-utils,2020-11-27T16:44:16Z
elimina-conclui-requisicao-compra,110,https://github.com/Luan-Victor/elimina-conclui-requisicao-compra,2020-11-05T18:19:21Z
legorapdraft,109,https://github.com/vishnucta/legorapdraft,2020-11-14T17:25:53Z
abap-code,96,https://github.com/LHSAVOKI/abap-code,2020-11-22T14:06:06Z
ZFINAL_PROJECT1,93,https://github.com/zfam1990/ZFINAL_PROJECT1,2020-11-02T12:24:14Z
abapGitDemo,92,https://github.com/ravishankarojha/abapGitDemo,2020-11-18T09:40:20Z
openapi_cad,86,https://github.com/anagarcigm/openapi_cad,2020-11-24T13:47:15Z
osrap,81,https://github.com/jcailan/osrap,2020-11-02T13:26:33Z
StudiHubApp,79,https://github.com/nicholasmohr-studihub/StudiHubApp,2020-11-02T17:26:50Z
defect-management-core,78,https://github.com/crazio/defect-management-core,2020-11-11T11:09:59Z
ZPDYNMAS,75,https://github.com/Define2017/ZPDYNMAS,2020-11-27T13:49:22Z
altera-pacote-objeto-request,73,https://github.com/Luan-Victor/altera-pacote-objeto-request,2020-11-03T14:49:04Z
MyProject,72,https://github.com/vineetrrakesh/MyProject,2020-11-07T06:31:01Z
ZBC_JAY,68,https://github.com/Yashavant/ZBC_JAY,2020-11-04T11:45:30Z
COURSE-RAP,67,https://github.com/NICKO-Data/COURSE-RAP,2020-11-01T13:11:47Z
sap-rap-course,66,https://github.com/attilaberencsi/sap-rap-course,2020-11-17T09:56:52Z
abap-advent-2019,62,https://github.com/larshp/abap-advent-2019,2020-11-13T11:30:39Z
ZRAP_opensap,61,https://github.com/kaysap/ZRAP_opensap,2020-11-19T07:57:06Z
SAP-RESTful-ABAP-Programming-Model,59,https://github.com/AlexAnth/SAP-RESTful-ABAP-Programming-Model,2020-11-02T06:48:59Z
ABAP_DATA_CLASSES,48,https://github.com/MBartsch71/ABAP_DATA_CLASSES,2020-11-14T12:09:50Z
rap,43,https://github.com/karacasenol/rap,2020-11-06T10:38:08Z
RAP_OpenSap,40,https://github.com/Sergillob/RAP_OpenSap,2020-11-09T08:46:04Z
os_cp13_m,40,https://github.com/stevanic/os_cp13_m,2020-11-12T23:14:18Z
openSAP_RAP_managed,38,https://github.com/freilinger/openSAP_RAP_managed,2020-11-16T12:55:18Z
abap,38,https://github.com/AllAboutALV/abap,2020-11-25T22:42:58Z
rapopensapm,38,https://github.com/gmahi/rapopensapm,2020-11-12T09:21:40Z
ABAP_Contab_Doc_FI,36,https://github.com/irodrigob/ABAP_Contab_Doc_FI,2020-11-11T10:11:20Z
UnitTest,36,https://github.com/Stephane27480/UnitTest,2020-11-14T12:14:08Z
ABAP-RAP-MANAGED,35,https://github.com/Punith-Babu-032/ABAP-RAP-MANAGED,2020-11-01T16:59:23Z
ZWEBDYNPRO_DEMO,34,https://github.com/monty79/ZWEBDYNPRO_DEMO,2020-11-17T09:52:00Z
rap_opensap,34,https://github.com/swadhinbharat/rap_opensap,2020-11-15T12:32:30Z
abapgit_cloud,33,https://github.com/3LTECH/abapgit_cloud,2020-11-07T10:45:28Z
MYABAP_SCP,33,https://github.com/dbdiazm/MYABAP_SCP,2020-11-25T00:24:48Z
rap_task,33,https://github.com/PeterChain/rap_task,2020-11-14T16:15:51Z
ABAP_development_course,32,https://github.com/bobxu/ABAP_development_course,2020-11-03T11:11:15Z
SCP_Trial_OpenSAP_Managed,31,https://github.com/berkegunenc/SCP_Trial_OpenSAP_Managed,2020-11-18T16:24:31Z
RAP,30,https://github.com/rptr369/RAP,2020-11-17T16:11:22Z
OpenSAP_RAP,28,https://github.com/galaskarr/OpenSAP_RAP,2020-11-08T16:06:29Z
abapgit_workflow,27,https://github.com/darro2017/abapgit_workflow,2020-11-09T17:37:24Z
RAP_MANAGED_SAP_HELP,27,https://github.com/infosagar/RAP_MANAGED_SAP_HELP,2020-11-01T16:59:23Z
ZRAP_TRAVEL_MODE,27,https://github.com/mmarkvillanueva/ZRAP_TRAVEL_MODE,2020-11-09T09:22:33Z
1909RAP,27,https://github.com/vineetrrakesh/1909RAP,2020-11-17T13:08:01Z
ZRAP_TRAVEL_U_MODE,25,https://github.com/mmarkvillanueva/ZRAP_TRAVEL_U_MODE,2020-11-10T00:20:08Z
gcts-ci,22,https://github.com/Aravindkumarj/gcts-ci,2020-11-17T16:51:43Z
openSAP_RAP_unmanaged,21,https://github.com/freilinger/openSAP_RAP_unmanaged,2020-11-16T14:08:19Z
transfer_abapgit,21,https://github.com/tricktresor/transfer_abapgit,2020-11-24T16:25:58Z
rapopensapu,21,https://github.com/gmahi/rapopensapu,2020-11-12T10:45:23Z
favorite_objects,19,https://github.com/lohid/favorite_objects,2020-11-19T13:31:47Z
RAP_OpenSap_Unmanaged,18,https://github.com/Sergillob/RAP_OpenSap_Unmanaged,2020-11-09T14:43:41Z
Arqueotipo,18,https://github.com/anagarcigm/Arqueotipo,2020-11-04T14:39:40Z
abapgit_serv_provider,18,https://github.com/snapIBR/abapgit_serv_provider,2020-11-05T11:49:12Z
os_cp13_u,18,https://github.com/stevanic/os_cp13_u,2020-11-12T23:38:31Z
rap_U_demo,18,https://github.com/karanchopras/rap_U_demo,2020-11-15T07:13:51Z
SCP_Trial_OpenSAP_Unmanaged,18,https://github.com/berkegunenc/SCP_Trial_OpenSAP_Unmanaged,2020-11-18T16:32:11Z
RAPTravelUnmanaged,17,https://github.com/angel-palacios/RAPTravelUnmanaged,2020-11-10T22:00:33Z
ZRISHI_TRAPP_MANAGE_NOV20,17,https://github.com/abapforgeeks/ZRISHI_TRAPP_MANAGE_NOV20,2020-11-29T04:36:10Z
ws-abap-cloud,16,https://github.com/lars-kal/ws-abap-cloud,2020-11-12T16:09:31Z
abap-ZID_REPO_DIFF,16,https://github.com/indevo/abap-ZID_REPO_DIFF,2020-11-02T15:00:47Z
SAP-RAP,16,https://github.com/etosin/SAP-RAP,2020-11-05T20:35:08Z
ABAP_RAP_OPENSAP,15,https://github.com/nahuel777/ABAP_RAP_OPENSAP,2020-11-03T01:03:18Z
abap_clone,15,https://github.com/amalaravind123/abap_clone,2020-11-17T15:49:00Z
RAP_OpenSAP,15,https://github.com/karacasenol/RAP_OpenSAP,2020-11-22T19:18:49Z
RAP_W4,14,https://github.com/rptr369/RAP_W4,2020-11-17T16:21:34Z
ABAP,14,https://github.com/nirvanacafe/ABAP,2020-11-02T01:18:02Z
abaprestful_tuto,14,https://github.com/galaskarr/abaprestful_tuto,2020-11-08T15:58:22Z
abap-ZID_QPP,13,https://github.com/indevo/abap-ZID_QPP,2020-11-02T15:17:31Z
AL11_move_files_easy,12,https://github.com/alfagama/AL11_move_files_easy,2020-11-05T21:10:05Z
SAP-Tutorial,12,https://github.com/TimGallion/SAP-Tutorial,2020-11-22T16:43:41Z
abapgit,12,https://github.com/tiwai-rahul/abapgit,2020-11-18T10:27:03Z
ABAPGit_Repo_GSS_G1S,12,https://github.com/VanishreeGV1/ABAPGit_Repo_GSS_G1S,2020-11-04T11:15:03Z
abapgit_1,11,https://github.com/rosy-gilbertrani/abapgit_1,2020-11-18T05:04:52Z
abap_callbacks_post,11,https://github.com/sbcgua/abap_callbacks_post,2020-11-28T10:26:00Z
Finance_Rep_2,11,https://github.com/Aravindkumarj/Finance_Rep_2,2020-11-19T15:35:23Z
gilded_rose,10,https://github.com/MatteoDeveloper/gilded_rose,2020-11-21T13:44:33Z
abap-advent-2020,9,https://github.com/christianguenter2/abap-advent-2020,2020-11-15T10:38:13Z
ABAP_ZALVREPORT,9,https://github.com/ClaudDeng/ABAP_ZALVREPORT,2020-11-29T10:15:35Z
consume_rest_api_in_abap,9,https://github.com/s7oev/consume_rest_api_in_abap,2020-11-20T21:01:00Z
zrap_bosa,9,https://github.com/sanderboers/zrap_bosa,2020-11-16T22:03:15Z
TEST_INCL_W_KEY,7,https://github.com/mbtools-archive/TEST_INCL_W_KEY,2020-11-11T13:20:58Z
ZRAP_TRAVEL_E_MG,7,https://github.com/gmahi/ZRAP_TRAVEL_E_MG,2020-11-16T20:40:09Z
ydk_message_util,7,https://github.com/DKiyanov/ydk_message_util,2020-11-15T13:30:48Z
AbapGitDemo,7,https://github.com/sreejuonline/AbapGitDemo,2020-11-18T07:48:40Z
abapgit_wf2,6,https://github.com/darro2017/abapgit_wf2,2020-11-17T19:22:28Z
ztest,6,https://github.com/Heisenberg027/ztest,2020-11-26T12:59:27Z
abap,6,https://github.com/KubaMiszcz/abap,2020-11-24T16:26:48Z
ABAP-basic-tools,6,https://github.com/aOri69/ABAP-basic-tools,2020-11-20T06:27:06Z
abapClosureTest,6,https://github.com/pokrakam/abapClosureTest,2020-11-10T14:33:54Z
CustomEntityRAP,5,https://github.com/vineetrrakesh/CustomEntityRAP,2020-11-21T14:08:45Z
RAPCourseExtended,5,https://github.com/angel-palacios/RAPCourseExtended,2020-11-30T16:43:43Z
SCP_Trial_Extension,5,https://github.com/berkegunenc/SCP_Trial_Extension,2020-11-18T16:34:15Z
NAURA_Test,5,https://github.com/GlassesWu/NAURA_Test,2020-11-06T07:05:39Z
abapgit,4,https://github.com/flva1011/abapgit,2020-11-22T12:48:09Z
AbapToTheFuture,4,https://github.com/Isra40/AbapToTheFuture,2020-11-05T11:49:27Z
TestMimeRepositoryApi,4,https://github.com/sapdevsam/TestMimeRepositoryApi,2020-11-21T16:18:24Z
sapbw_tgbot,4,https://github.com/aleksandrgordienko/sapbw_tgbot,2020-11-25T19:35:24Z
SAP_ABAP,3,https://github.com/heng1986325/SAP_ABAP,2020-11-17T09:19:53Z
zcl_ztestmode3_mpc_ext,3,https://github.com/mmarkvillanueva/zcl_ztestmode3_mpc_ext,2020-11-11T13:31:22Z
AbapTest,3,https://github.com/Shampyn/AbapTest,2020-11-02T21:34:47Z
egitim1,3,https://github.com/eray01/egitim1,2020-11-09T19:06:43Z
abap-ZID_ADOBE,3,https://github.com/indevo/abap-ZID_ADOBE,2020-11-02T15:15:11Z
ABAPGitRepo1,2,https://github.com/VanishreeGV1/ABAPGitRepo1,2020-11-02T09:04:05Z
badi_implementation_for_CVA,2,https://github.com/thfiedler/badi_implementation_for_CVA,2020-11-13T09:46:55Z
ZGK_AOC,2,https://github.com/vrajasekaran-gk/ZGK_AOC,2020-11-30T10:50:38Z
ABAPGit,2,https://github.com/alokranjanct333/ABAPGit,2020-11-02T08:37:34Z
ABAP_DEVSOL,2,https://github.com/ChristopherNicolasSMM/ABAP_DEVSOL,2020-11-19T12:22:45Z
to_be_deleted,3,https://github.com/shubhamWaghmare-sap/to_be_deleted,2020-11-09T13:23:59Z
abap-git-sample,1,https://github.com/miyasuta/abap-git-sample,2020-11-12T06:55:32Z
ABAP_COFFEE_EXAMPLE,0,https://github.com/marciodiasti/ABAP_COFFEE_EXAMPLE,2020-11-18T12:41:13Z
workingwithlegacy,1593,https://github.com/edu05/workingwithlegacy,2020-12-09T13:15:28Z
SAP-Practice,933,https://github.com/suraj95/SAP-Practice,2020-12-16T13:23:10Z
zfi_glmaster,576,https://github.com/sougatach/zfi_glmaster,2020-12-12T23:26:55Z
ABAPGIT,527,https://github.com/Sharma2020-tech/ABAPGIT,2020-12-21T18:20:54Z
FIORI_TESTING,522,https://github.com/ludecke/FIORI_TESTING,2020-12-28T22:16:36Z
abap,481,https://github.com/urcm/abap,2020-12-23T20:10:31Z
HR_DME,311,https://github.com/ysichov/HR_DME,2020-12-07T13:11:56Z
AdventOfCode2020,297,https://github.com/nadiasacara/AdventOfCode2020,2020-12-11T13:52:18Z
ZABAPLAB,238,https://github.com/moonbye-abap/ZABAPLAB,2020-12-05T05:45:08Z
Beca_SAP-2020,228,https://github.com/jtv215/Beca_SAP-2020,2020-12-10T19:22:42Z
ZUML_DIAGRAM,216,https://github.com/coreline/ZUML_DIAGRAM,2020-12-23T13:16:57Z
Advent_of_Code_2020,196,https://github.com/hendrik77/Advent_of_Code_2020,2020-12-02T21:44:51Z
ZC8A_001,193,https://github.com/OlegBash599/ZC8A_001,2020-12-31T15:56:29Z
VariScan,188,https://github.com/striezl/VariScan,2020-12-17T11:34:42Z
substituir-tag-documento-word,165,https://github.com/Luan-Victor/substituir-tag-documento-word,2020-12-27T03:18:35Z
gilded_rose,149,https://github.com/CiozZ/gilded_rose,2020-12-05T10:58:16Z
adventofcode_2020,142,https://github.com/julianschmuckli/adventofcode_2020,2020-12-02T22:08:20Z
ABAP,138,https://github.com/alex2880s/ABAP,2020-12-22T12:12:11Z
sap-fringe,119,https://github.com/eabdiel/sap-fringe,2020-12-01T12:29:31Z
abap-advent-2020,117,https://github.com/g-back/abap-advent-2020,2020-12-01T08:19:55Z
SUSICADS1248,109,https://github.com/anagarcigm/SUSICADS1248,2020-12-14T13:45:50Z
Readsoft-oneline-SAP-connector,108,https://github.com/JackGraus/Readsoft-oneline-SAP-connector,2020-12-29T04:16:30Z
zdev,89,https://github.com/attilaberencsi/zdev,2020-12-30T16:28:58Z
alv-popup-tabela-generica,81,https://github.com/Luan-Victor/alv-popup-tabela-generica,2020-12-26T02:42:41Z
INTERSTELLAR,72,https://github.com/ABAPDUDE/INTERSTELLAR,2020-12-30T15:41:23Z
imroLearningEvaluatorDev,65,https://github.com/sangita-p/imroLearningEvaluatorDev,2020-12-23T10:53:17Z
obtem-documento-dms-por-ordem,61,https://github.com/Luan-Victor/obtem-documento-dms-por-ordem,2020-12-28T03:01:52Z
bapi-kp06,56,https://github.com/Luan-Victor/bapi-kp06,2020-12-10T17:29:20Z
openSAP_cp13,56,https://github.com/ibarbaric/openSAP_cp13,2020-12-08T07:05:59Z
RAP_AssetRetirementObligation,52,https://github.com/lohid/RAP_AssetRetirementObligation,2020-12-16T12:54:17Z
pdftron-ui5-odata,51,https://github.com/cordjastram/pdftron-ui5-odata,2020-12-27T17:12:59Z
ABAP,49,https://github.com/suraseehanat/ABAP,2020-12-02T06:43:26Z
ABAP-Generic-Parser,156,https://github.com/sandraros/ABAP-Generic-Parser,2020-12-15T06:00:33Z
sap-po,37,https://github.com/wyunze/sap-po,2020-12-03T02:32:12Z
shdb-call-transaction,37,https://github.com/Luan-Victor/shdb-call-transaction,2020-12-08T20:16:34Z
Abap-Restful-test,36,https://github.com/evrenn/Abap-Restful-test,2020-12-30T21:32:59Z
jungwoohan92,33,https://github.com/micol92/jungwoohan92,2020-12-14T00:37:01Z
RAP_HARDWARESTORE,31,https://github.com/anagarcigm/RAP_HARDWARESTORE,2020-12-10T17:39:32Z
criar-csv,31,https://github.com/Luan-Victor/criar-csv,2020-12-18T03:15:02Z
zrap_travel_mik,31,https://github.com/mk496/zrap_travel_mik,2020-12-02T04:14:36Z
utilitarios-valor,29,https://github.com/Luan-Victor/utilitarios-valor,2020-12-16T01:58:59Z
SOAP_Odata_Service,29,https://github.com/zfam1990/SOAP_Odata_Service,2020-12-23T19:34:00Z
RAPGIT_CLONE_XXX,28,https://github.com/amalaravind123/RAPGIT_CLONE_XXX,2020-12-17T08:17:42Z
rap_opensap-listrep,27,https://github.com/simjl/rap_opensap-listrep,2020-12-23T15:08:29Z
st-gr-openSAP-RAP-ZRAP_TRAVEL_4711,27,https://github.com/st-gr/st-gr-openSAP-RAP-ZRAP_TRAVEL_4711,2020-12-01T02:20:51Z
abap-advent-2020,26,https://github.com/smb/abap-advent-2020,2020-12-01T12:10:09Z
TechEd2020-DEV260,25,https://github.com/SunnyArbeit/TechEd2020-DEV260,2020-12-19T08:18:23Z
abap-rap-teambuilder,25,https://github.com/jwmolenaar/abap-rap-teambuilder,2020-12-08T15:44:04Z
SK,23,https://github.com/swatikarki-hub/SK,2020-12-17T05:19:34Z
TechEd2020-DEV268,22,https://github.com/SunnyArbeit/TechEd2020-DEV268,2020-12-19T10:58:42Z
SAPTeched2020---DEV268,21,https://github.com/hendrik77/SAPTeched2020---DEV268,2020-12-09T08:33:51Z
abap-zcyk,21,https://github.com/andretrump/abap-zcyk,2020-12-22T10:35:03Z
abap_quotation_purchase,17,https://github.com/ailsonluis/abap_quotation_purchase,2020-12-03T14:48:26Z
rap_opensap-brownfield,17,https://github.com/simjl/rap_opensap-brownfield,2020-12-23T15:14:44Z
st-gr-openSAP-RAP-ZRAP_TRAVEL_4711_U,17,https://github.com/st-gr/st-gr-openSAP-RAP-ZRAP_TRAVEL_4711_U,2020-12-01T02:27:40Z
ZRAP_TRAVEL_U_MIK,17,https://github.com/mk496/ZRAP_TRAVEL_U_MIK,2020-12-02T04:26:56Z
ABAP_BTCH,16,https://github.com/ClaudDeng/ABAP_BTCH,2020-12-02T13:26:04Z
abap_scp,15,https://github.com/srjuanpabell2/abap_scp,2020-12-13T22:17:12Z
sitist2020,13,https://github.com/keremkoseoglu/sitist2020,2020-12-10T10:47:26Z
htgw,13,https://github.com/T0B1A5H/htgw,2020-12-06T18:38:42Z
zCICC,13,https://github.com/hsh826/zCICC,2020-12-07T04:35:56Z
DED,12,https://github.com/DEF100/DED,2020-12-16T09:11:32Z
RISHI_UM_TRAPP_NOV2020,12,https://github.com/abapforgeeks/RISHI_UM_TRAPP_NOV2020,2020-12-12T22:53:49Z
SHARED_OBJECTS,10,https://github.com/Holle-0815/SHARED_OBJECTS,2020-12-18T09:44:30Z
abap_sha3,10,https://github.com/CINick72/abap_sha3,2020-12-17T16:36:18Z
ABAP-CRC16,9,https://github.com/IsraelCarlos/ABAP-CRC16,2020-12-15T14:35:26Z
ABAP_EASY2LOG,8,https://github.com/AES0P/ABAP_EASY2LOG,2020-12-22T02:54:59Z
ZTEST,8,https://github.com/SteinWo02/ZTEST,2020-12-13T19:17:01Z
SUSH,8,https://github.com/abapGit-tests/SUSH,2020-12-14T09:46:33Z
RAP_CLONE_XXX,8,https://github.com/amalaravind123/RAP_CLONE_XXX,2020-12-14T10:24:05Z
zrishi_um_query_nov20,7,https://github.com/abapforgeeks/zrishi_um_query_nov20,2020-12-19T04:04:44Z
OpenSAP-cp13,7,https://github.com/SunnyArbeit/OpenSAP-cp13,2020-12-19T11:19:31Z
sap_error_search,7,https://github.com/soschlegel/sap_error_search,2020-12-16T16:14:44Z
ZBC_HELLO,6,https://github.com/Yashavant/ZBC_HELLO,2020-12-10T06:52:35Z
ABAP_JSON,6,https://github.com/ClaudDeng/ABAP_JSON,2020-12-01T03:46:22Z
ABAP_Leetcode,6,https://github.com/OMardil/ABAP_Leetcode,2020-12-21T20:57:59Z
abaplint-bugz,6,https://github.com/sbcgua/abaplint-bugz,2020-12-12T09:02:39Z
openSAP-RAP-4711-ZRAP_TRAVEL_4711_E,5,https://github.com/st-gr/openSAP-RAP-4711-ZRAP_TRAVEL_4711_E,2020-12-01T02:32:53Z
rap,5,https://github.com/mk496/rap,2020-12-01T04:48:54Z
rap_opensap-extension,5,https://github.com/simjl/rap_opensap-extension,2020-12-23T15:19:41Z
neptune-hande-on-ajax,5,https://github.com/joltdx/neptune-hande-on-ajax,2020-12-29T07:09:52Z
ABAP_OFFICE,4,https://github.com/ClaudDeng/ABAP_OFFICE,2020-12-01T03:54:48Z
abap-jira-client,4,https://github.com/Goala/abap-jira-client,2020-12-11T14:23:03Z
sk_abapgit_test,3,https://github.com/sahajkoroth/sk_abapgit_test,2020-12-25T20:08:07Z
adventofcode-2020-abap,3,https://github.com/christofferberg79/adventofcode-2020-abap,2020-12-13T14:39:36Z
ABAP_GIT_12_17,3,https://github.com/alokranjanct333/ABAP_GIT_12_17,2020-12-17T06:23:01Z
Santa_Claus_and_Christmas_Elves,3,https://github.com/Keller-Michael/Santa_Claus_and_Christmas_Elves,2020-12-06T14:27:38Z
ZTESTABAP3,3,https://github.com/razins/ZTESTABAP3,2020-12-18T15:23:17Z
abap_git,2,https://github.com/justinislin/abap_git,2020-12-10T15:11:51Z
ZTEST100,2,https://github.com/moonbye-abap/ZTEST100,2020-12-02T11:39:08Z
fiori-plugin-app-info-backend,2,https://github.com/team-ovly/fiori-plugin-app-info-backend,2020-12-02T20:49:59Z
githubtest2,2,https://github.com/htuna3/githubtest2,2020-12-31T07:04:12Z
zrishi_github_demov1,2,https://github.com/abapforgeeks/zrishi_github_demov1,2020-12-19T03:46:59Z
abapgit_workflow,1,https://github.com/YoungSeoYoo/abapgit_workflow,2020-12-02T03:01:44Z
zgk_abapgit,1,https://github.com/vrajasekaran-gk/zgk_abapgit,2020-12-09T12:01:22Z
abapgit,1,https://github.com/Mahendra969/abapgit,2020-12-07T13:37:22Z
abap-scp-test,1,https://github.com/jwmolenaar/abap-scp-test,2020-12-08T15:19:44Z
Repeat_inbound_idoc,1,https://github.com/Sgudkov/Repeat_inbound_idoc,2020-12-15T09:05:36Z
zrishi_demo,1,https://github.com/abapforgeeks/zrishi_demo,2020-12-18T17:45:50Z
zconcurrency_api,1246,https://github.com/victorizbitskiy/zconcurrency_api,2021-01-09T19:42:50Z
abap-openapi,1129,https://github.com/abap-openapi/abap-openapi,2021-01-19T16:03:52Z
string_search,1175,https://github.com/prst9916/string_search,2021-01-27T22:25:09Z
CVI,957,https://github.com/RobertVit/CVI,2021-01-12T14:13:54Z
TSCREEN,919,https://github.com/AES0P/TSCREEN,2021-01-18T10:50:08Z
cvi_tools,424,https://github.com/RobertVit/cvi_tools,2021-01-12T14:56:37Z
TALV,322,https://github.com/AES0P/TALV,2021-01-18T10:45:54Z
ExtensionSample-ABAPSteampunk,316,https://github.com/lechnerc77/ExtensionSample-ABAPSteampunk,2021-01-05T13:42:21Z
abapMQDaemons,315,https://github.com/se38/abapMQDaemons,2021-01-29T08:22:40Z
ZPRM_INTEGRATION,286,https://github.com/xtbirihan/ZPRM_INTEGRATION,2021-01-19T13:51:32Z
ABAPGIT_Container,227,https://github.com/ju851han/ABAPGIT_Container,2021-01-09T12:31:09Z
abap-trace-tender,182,https://github.com/abap-observability-tools/abap-trace-tender,2021-01-19T16:26:11Z
dump_info,153,https://github.com/appknight/dump_info,2021-01-13T18:37:12Z
BW_Section_n_Blocks,143,https://github.com/i025126/BW_Section_n_Blocks,2021-01-27T16:08:54Z
BO_TDF_V2,106,https://github.com/shubhamWaghmare-sap/BO_TDF_V2,2021-01-08T04:56:51Z
ZABAP_S3,106,https://github.com/chiaruz/ZABAP_S3,2021-01-21T13:48:09Z
ABAP_TRANSLATION_HUB,88,https://github.com/DerGuteWolf/ABAP_TRANSLATION_HUB,2021-01-31T20:12:08Z
ZAPLO_PROJECT,80,https://github.com/zfam1990/ZAPLO_PROJECT,2021-01-01T19:20:14Z
ABAP-2-CODE-CHARTA,77,https://github.com/BenjaminWeisheit/ABAP-2-CODE-CHARTA,2021-01-25T12:27:12Z
DAS,73,https://github.com/ShyamBorgikar/DAS,2021-01-09T09:49:55Z
ZVGC_MOD,60,https://github.com/vgonzcam/ZVGC_MOD,2021-01-26T14:53:53Z
ABAP-ContainerService,55,https://github.com/lu851mer/ABAP-ContainerService,2021-01-28T16:06:33Z
RAP2,45,https://github.com/peterli-code/RAP2,2021-01-29T00:21:25Z
ABAP-Pr-fungsaufgabe,39,https://github.com/JanKurtz/ABAP-Pr-fungsaufgabe,2021-01-28T16:05:24Z
ZCOVIDRAP,34,https://github.com/xtbirihan/ZCOVIDRAP,2021-01-18T11:54:47Z
material_classification,33,https://github.com/JulikaKovaleva/material_classification,2021-01-20T08:20:46Z
EXAMPLE_PUR,32,https://github.com/mojeda-git/EXAMPLE_PUR,2021-01-26T19:37:29Z
DEMO1,31,https://github.com/mojeda-git/DEMO1,2021-01-27T23:53:47Z
SAP_ALV_LAYOUT_DOWNLOAD_UPLOAD,28,https://github.com/Martin-Preiss/SAP_ALV_LAYOUT_DOWNLOAD_UPLOAD,2021-01-03T09:31:47Z
ABAP_VAULT,28,https://github.com/chiaruz/ABAP_VAULT,2021-01-22T09:19:02Z
ZRAPM,27,https://github.com/peterli-code/ZRAPM,2021-01-29T21:17:19Z
ZQRCODE,26,https://github.com/monty79/ZQRCODE,2021-01-19T07:53:07Z
BW_Check_Tool,26,https://github.com/i025126/BW_Check_Tool,2021-01-28T14:03:08Z
Objects-logs-APP,24,https://github.com/Shampyn/Objects-logs-APP,2021-01-24T19:44:13Z
LD1,22,https://github.com/RobertVit/LD1,2021-01-12T12:46:44Z
S4D435_2021,21,https://github.com/zabi-salehi/S4D435_2021,2021-01-29T15:42:19Z
zbirthdays,20,https://github.com/attilaberencsi/zbirthdays,2021-01-26T19:31:29Z
S4D430__,18,https://github.com/zabi-salehi/S4D430__,2021-01-27T13:52:06Z
abap-date-utility,18,https://github.com/joltdx/abap-date-utility,2021-01-06T15:17:20Z
ZRAPU,17,https://github.com/peterli-code/ZRAPU,2021-01-29T21:18:35Z
S4D430,17,https://github.com/Julian-alber/S4D430,2021-01-27T13:38:44Z
awd,17,https://github.com/s7oev/awd,2021-01-22T16:52:19Z
HANASideCar,15,https://github.com/se38/HANASideCar,2021-01-15T14:19:19Z
git_host_apis,14,https://github.com/abapGit/git_host_apis,2021-01-18T09:47:08Z
GS_RAP_HandsOn_1,14,https://github.com/IvanPudelka/GS_RAP_HandsOn_1,2021-01-12T08:14:18Z
AdventofCode-2020,13,https://github.com/serdarbeden/AdventofCode-2020,2021-01-06T17:48:46Z
set_tadir,13,https://github.com/larshp/set_tadir,2021-01-19T13:17:16Z
FUGR_lxe,12,https://github.com/abapGit-tests/FUGR_lxe,2021-01-15T20:30:19Z
NSPC,12,https://github.com/abapGit-tests/NSPC,2021-01-19T19:38:50Z
RAPManaged,11,https://github.com/vishalkwatra/RAPManaged,2021-01-13T10:03:01Z
TEST_DIFF,11,https://github.com/mbtools-archive/TEST_DIFF,2021-01-09T17:28:35Z
SAP-Cloud-Trail---ABAP-,10,https://github.com/NirmalKumarCG/SAP-Cloud-Trail---ABAP-,2021-01-25T08:41:14Z
calculator,10,https://github.com/LeonBurkhardt/calculator,2021-01-14T18:54:06Z
ZBUSINESSPARTNER_API,10,https://github.com/xtbirihan/ZBUSINESSPARTNER_API,2021-01-17T13:18:24Z
abap_www_templates,10,https://github.com/JulikaKovaleva/abap_www_templates,2021-01-19T12:43:20Z
AbapCloud,9,https://github.com/vishalkwatra/AbapCloud,2021-01-13T05:14:11Z
ALV_with_IDA_example,9,https://github.com/Keller-Michael/ALV_with_IDA_example,2021-01-31T09:00:44Z
travel,10,https://github.com/swadhinbharat/travel,2021-01-11T10:24:46Z
hierarchy,9,https://github.com/anagarcigm/hierarchy,2021-01-29T13:45:56Z
abagit,8,https://github.com/sundar-elangovan/abagit,2021-01-22T01:49:29Z
ZABAPGITSUPER,8,https://github.com/ZPIvan/ZABAPGITSUPER,2021-01-19T08:53:03Z
PROG_lxe,9,https://github.com/abapGit-tests/PROG_lxe,2021-01-15T20:29:23Z
ABAP_design_pattern_Factory,12,https://github.com/JozsefSzikszai/ABAP_design_pattern_Factory,2021-01-13T15:27:02Z
tennis_kata_in_abap,6,https://github.com/fredverheul/tennis_kata_in_abap,2021-01-06T11:00:23Z
Useful_notes,6,https://github.com/Sgudkov/Useful_notes,2021-01-29T07:22:58Z
ZRAPX,5,https://github.com/peterli-code/ZRAPX,2021-01-29T21:19:37Z
sapmass_systemalias,5,https://github.com/oninsomnus/sapmass_systemalias,2021-01-22T22:58:57Z
ABAP_Date_Operation,5,https://github.com/JozsefSzikszai/ABAP_Date_Operation,2021-01-21T20:36:23Z
Demo,4,https://github.com/SAPPROFI/Demo,2021-01-06T15:14:41Z
abapgit_eclipse,3,https://github.com/prst9916/abapgit_eclipse,2021-01-28T00:08:42Z
parallel_testing,3,https://github.com/devopsteam85/parallel_testing,2021-01-20T10:18:04Z
ag-bug2,3,https://github.com/sbcgua/ag-bug2,2021-01-23T14:20:08Z
ABAP_CODE,3,https://github.com/aliuppal/ABAP_CODE,2021-01-11T21:13:13Z
ABAP_AMDP_open_vendor_invoices,5,https://github.com/JozsefSzikszai/ABAP_AMDP_open_vendor_invoices,2021-01-26T20:51:36Z
blog_abap_jobs,2,https://github.com/pawelwiejkut/blog_abap_jobs,2021-01-23T12:14:19Z
TEST_STAGE,2,https://github.com/mbtools-archive/TEST_STAGE,2021-01-11T22:09:16Z
ag-bug1,2,https://github.com/sbcgua/ag-bug1,2021-01-09T15:31:17Z
ABAP_String_operations,2,https://github.com/JozsefSzikszai/ABAP_String_operations,2021-01-15T13:46:08Z
TEST_DEVOPS,1,https://github.com/devopsteam85/TEST_DEVOPS,2021-01-20T09:36:02Z
abapgit-workflow,1,https://github.com/niloofar-flothkoetter/abapgit-workflow,2021-01-19T13:24:23Z
sap-sm30-userinfo,0,https://github.com/viniciustavanoferreira/sap-sm30-userinfo,2021-01-14T22:22:48Z
generated-github,28454,https://github.com/abap-openapi/generated-github,2021-02-03T08:20:19Z
ABAPToTheFuture04,17068,https://github.com/hardyp/ABAPToTheFuture04,2021-02-10T06:10:30Z
ABAP-Templates,3903,https://github.com/alexalmeidabr/ABAP-Templates,2021-02-03T17:29:57Z
abap_graphql,3265,https://github.com/dreitagebart/abap_graphql,2021-02-10T13:41:46Z
BOPF,1577,https://github.com/alexalmeidabr/BOPF,2021-02-16T16:20:30Z
abap-file-formats,1361,https://github.com/SAP/abap-file-formats,2021-02-16T08:03:50Z
abapgit-review-example,1201,https://github.com/abapGit/abapgit-review-example,2021-02-05T12:45:26Z
ABAPGitRepo,1011,https://github.com/trost1/ABAPGitRepo,2021-02-14T11:26:54Z
chapter456,962,https://github.com/trost1/chapter456,2021-02-18T21:54:45Z
ws-abap-classic,850,https://github.com/lars-kal/ws-abap-classic,2021-02-10T14:08:56Z
NBS_POCO,719,https://github.com/PavelBelski00/NBS_POCO,2021-02-19T09:39:16Z
Tennis-Refactoring-Kata,705,https://github.com/lpglovo/Tennis-Refactoring-Kata,2021-02-12T10:52:14Z
Developments-SC,539,https://github.com/sharmaalok2482/Developments-SC,2021-02-16T08:54:49Z
Import-Export_XML,338,https://github.com/Ziomalina/Import-Export_XML,2021-02-19T11:15:10Z
AbapGenerator,307,https://github.com/OberstVonGatow/AbapGenerator,2021-02-25T12:32:09Z
zcl_xml_lite,205,https://github.com/neooblaster/zcl_xml_lite,2021-02-10T14:03:20Z
MBT-Listcube,153,https://github.com/Marc-Bernard-Tools/MBT-Listcube,2021-02-03T17:14:52Z
Abap-M19,128,https://github.com/leofcg/Abap-M19,2021-02-17T16:46:15Z
abap-parameters,127,https://github.com/jrodriguez-rc/abap-parameters,2021-02-14T08:07:17Z
gCTS_DEMO,124,https://github.com/Nikhil1984/gCTS_DEMO,2021-02-10T14:06:33Z
SAP-DEV-Objects,103,https://github.com/Shampyn/SAP-DEV-Objects,2021-02-09T14:09:21Z
gcts03,92,https://github.com/dreamer-nv/gcts03,2021-02-16T20:14:06Z
InfoObjectTools,84,https://github.com/i025126/InfoObjectTools,2021-02-03T14:26:44Z
sap_service_example,79,https://github.com/nuve-platform/sap_service_example,2021-02-24T18:46:28Z
leanabapcode,78,https://github.com/hothhua/leanabapcode,2021-02-26T03:13:49Z
ABAP_Git,61,https://github.com/AliciaPreisegger/ABAP_Git,2021-02-09T10:58:01Z
Test_4496,60,https://github.com/JanisB-AT/Test_4496,2021-02-09T19:57:45Z
WWIBE119_ABAP_Git,60,https://github.com/LauraM2/WWIBE119_ABAP_Git,2021-02-09T11:00:27Z
transpiler-perf1,47,https://github.com/abaplint/transpiler-perf1,2021-02-02T08:27:56Z
WWIBE119BE_ABAP,47,https://github.com/ReinhardGSchneider/WWIBE119BE_ABAP,2021-02-09T10:59:35Z
ABAP_git,39,https://github.com/serapyigit/ABAP_git,2021-02-09T11:07:10Z
RESP_CODE,39,https://github.com/ALTdchavarria/RESP_CODE,2021-02-02T02:40:31Z
test_package,38,https://github.com/Petchimuthu017/test_package,2021-02-22T06:38:42Z
ZZRCE_TEST,37,https://github.com/alinaguminski/ZZRCE_TEST,2021-02-15T06:53:29Z
BW_block_n_section_main,35,https://github.com/i025126/BW_block_n_section_main,2021-02-04T10:45:45Z
ABAP-OO-BASICS,34,https://github.com/MarianKanev/ABAP-OO-BASICS,2021-02-28T21:33:16Z
mydd,31,https://github.com/hapejot/mydd,2021-02-18T22:02:54Z
abapGit_test,30,https://github.com/ciction/abapGit_test,2021-02-10T12:52:24Z
ABAP_SCP,30,https://github.com/edmang32/ABAP_SCP,2021-02-02T00:41:30Z
RISHI_RAP_PO_M_FEB21,29,https://github.com/abapforgeeks/RISHI_RAP_PO_M_FEB21,2021-02-20T17:05:08Z
SAPDX21_00,27,https://github.com/SAPDX21GCTS/SAPDX21_00,2021-02-20T08:42:19Z
Restful_FLIGHT_App,26,https://github.com/mathur-dev/Restful_FLIGHT_App,2021-02-14T01:25:17Z
abapgit,26,https://github.com/Petchimuthu017/abapgit,2021-02-15T07:26:49Z
CUSTOM_DMEE,25,https://github.com/Akarinfcb/CUSTOM_DMEE,2021-02-17T13:05:42Z
CaseStudy,24,https://github.com/rahulsankla1809/CaseStudy,2021-02-16T11:53:50Z
YFCO_PCC_PLAN_COST,22,https://github.com/Tanxiaoqing/YFCO_PCC_PLAN_COST,2021-02-26T07:51:39Z
ZACCHARMO,22,https://github.com/alinaguminski/ZACCHARMO,2021-02-15T07:03:44Z
Demo_Script,20,https://github.com/Petchimuthu017/Demo_Script,2021-02-18T11:06:21Z
ABAP-GIT-DEMO,20,https://github.com/S0015898287/ABAP-GIT-DEMO,2021-02-09T14:35:31Z
AbapSpatial,19,https://github.com/se38/AbapSpatial,2021-02-16T16:55:27Z
ABAP_PROG,19,https://github.com/Petchimuthu017/ABAP_PROG,2021-02-17T11:57:48Z
ZDEMO2,17,https://github.com/mojeda-git/ZDEMO2,2021-02-10T00:22:52Z
TEST_EMPTY_OBJECTS,17,https://github.com/mbtools-archive/TEST_EMPTY_OBJECTS,2021-02-28T20:14:16Z
MyDemoApp,16,https://github.com/RobertGornik/MyDemoApp,2021-02-23T08:22:28Z
RapDemoUnmanaged,16,https://github.com/ciction/RapDemoUnmanaged,2021-02-23T08:22:32Z
ABAP-exercises,16,https://github.com/plamenaab/ABAP-exercises,2021-02-12T11:51:25Z
ABAP-AR-Document-Legal-Number,16,https://github.com/juansebastiansoto/ABAP-AR-Document-Legal-Number,2021-02-17T20:32:53Z
ABAP_quiz_and_paint_game,16,https://github.com/Keller-Michael/ABAP_quiz_and_paint_game,2021-02-07T16:19:47Z
ABAPENTWICKLUNG18,15,https://github.com/Ferrum2605/ABAPENTWICKLUNG18,2021-02-09T11:00:07Z
ABAP-Cloud-Examples,14,https://github.com/AndreaBorgia-Abo/ABAP-Cloud-Examples,2021-02-09T15:55:21Z
ERPAnpassung,13,https://github.com/tina-t2000/ERPAnpassung,2021-02-09T10:53:38Z
SolarDate_convert_LunarDate,13,https://github.com/Define2017/SolarDate_convert_LunarDate,2021-02-08T14:38:41Z
restful-app-unmanaged,11,https://github.com/mathur-dev/restful-app-unmanaged,2021-02-15T02:12:59Z
ABAPGIT,11,https://github.com/AsankaDL/ABAPGIT,2021-02-14T13:42:24Z
yar_dev,11,https://github.com/guaraviton/yar_dev,2021-02-25T17:40:11Z
AbapGraph,11,https://github.com/se38/AbapGraph,2021-02-18T10:37:30Z
abapGit-tests-fix-4515,10,https://github.com/sandraros/abapGit-tests-fix-4515,2021-02-20T16:45:12Z
ZGITTESTE1,9,https://github.com/araujo-alexdias/ZGITTESTE1,2021-02-18T13:59:16Z
git_demo,9,https://github.com/rohit11-m/git_demo,2021-02-16T09:26:40Z
auto-refresh,10,https://github.com/edmilson-nascimento/auto-refresh,2021-02-26T12:41:24Z
sap-abap,8,https://github.com/jmspmontenegro/sap-abap,2021-02-25T13:44:38Z
Global-Rep,8,https://github.com/ranjit19/Global-Rep,2021-02-03T14:31:01Z
ABAP_DHBW,8,https://github.com/larahorvath/ABAP_DHBW,2021-02-09T10:57:47Z
ydk_screen_container,7,https://github.com/DKiyanov/ydk_screen_container,2021-02-07T17:55:06Z
abap-00,7,https://github.com/probikov01/abap-00,2021-02-28T17:36:55Z
TEST_SOTR,7,https://github.com/mbtools-archive/TEST_SOTR,2021-02-01T14:56:04Z
abapgit-workflow,7,https://github.com/beyondsince1983/abapgit-workflow,2021-02-17T03:05:29Z
ALV_MULTI_HEADER,6,https://github.com/ysichov/ALV_MULTI_HEADER,2021-02-18T10:36:05Z
ZGITCUSTOM,5,https://github.com/fvcostagit/ZGITCUSTOM,2021-02-03T21:55:40Z
AbapToTheFuture,5,https://github.com/MathiasLange/AbapToTheFuture,2021-02-01T07:50:47Z
ENHO-INCLUDES,5,https://github.com/abapGit-tests/ENHO-INCLUDES,2021-02-20T20:11:18Z
ZABAPGITDEMO,5,https://github.com/rohit11-m/ZABAPGITDEMO,2021-02-17T21:35:09Z
bdc_sample,4,https://github.com/NirmalKumarCG/bdc_sample,2021-02-02T14:08:22Z
abap-salv-simple-template,6,https://github.com/kaplinav/abap-salv-simple-template,2021-02-10T10:06:47Z
Steampunk-Playground,4,https://github.com/AndyGitHubSteampunk/Steampunk-Playground,2021-02-05T09:15:45Z
abapgit_repo1,3,https://github.com/gaurav1621/abapgit_repo1,2021-02-12T06:23:24Z
abapgit_prog_text_elements,3,https://github.com/yellappam/abapgit_prog_text_elements,2021-02-10T02:56:00Z
git_test,3,https://github.com/vinitharaj84/git_test,2021-02-25T13:08:23Z
YABAPGIT_PKG1,3,https://github.com/yellappam/YABAPGIT_PKG1,2021-02-18T05:27:54Z
printing_to_abap_console,3,https://github.com/s7oev/printing_to_abap_console,2021-02-01T15:57:19Z
ABAP,3,https://github.com/bastimaa/ABAP,2021-02-09T10:53:49Z
TEST_RESET_LOCAL,3,https://github.com/mbtools-archive/TEST_RESET_LOCAL,2021-02-12T00:02:05Z
ABAP-Development,2,https://github.com/MrThomminator/ABAP-Development,2021-02-09T10:53:55Z
AbapCloudRep,2,https://github.com/ojallipallisai898/AbapCloudRep,2021-02-23T06:54:13Z
abapgit,2,https://github.com/gkallai/abapgit,2021-02-23T09:10:55Z
Cloud,2,https://github.com/karimulla8/Cloud,2021-02-23T09:52:07Z
abap-hello,2,https://github.com/a-fas/abap-hello,2021-02-23T08:18:09Z
YABAPGIT_PKG2,2,https://github.com/yellappam/YABAPGIT_PKG2,2021-02-18T05:30:59Z
Samplegit,2,https://github.com/nrshruthi/Samplegit,2021-02-23T09:45:08Z
ABAP_design_pattern_Template,2,https://github.com/JozsefSzikszai/ABAP_design_pattern_Template,2021-02-01T13:32:04Z
stepapp,2,https://github.com/probikov01/stepapp,2021-02-28T21:37:57Z
deneme_Abp3,1,https://github.com/erdisevran/deneme_Abp3,2021-02-09T08:47:25Z
ZDEV,1,https://github.com/alinaguminski/ZDEV,2021-02-15T06:33:21Z
zdemo2,1,https://github.com/soschlegel/zdemo2,2021-02-09T13:03:34Z
ABAP-Git,1,https://github.com/melissahoerberg/ABAP-Git,2021-02-10T09:34:09Z
TestRepo1,0,https://github.com/TestSK2021/TestRepo1,2021-02-01T15:46:49Z
logistics-business-network-gtt-standardapps-samples,54870,https://github.com/SAP-samples/logistics-business-network-gtt-standardapps-samples,2021-03-11T17:51:46Z
git-sandbox-abap2xlsx,25338,https://github.com/sandraros/git-sandbox-abap2xlsx,2021-03-19T07:38:55Z
DI_ABAP_Integration,15672,https://github.com/BM285/DI_ABAP_Integration,2021-03-03T09:38:43Z
ABAP_ALL,8249,https://github.com/amit3kumar/ABAP_ALL,2021-03-01T21:26:47Z
zyvz_my_repo,2043,https://github.com/34267094342/zyvz_my_repo,2021-03-14T19:11:34Z
Backgrn_Frmwrk_case_study,1281,https://github.com/Prateeek12/Backgrn_Frmwrk_case_study,2021-03-16T11:43:39Z
abap-code-search-tools,547,https://github.com/DevEpos/abap-code-search-tools,2021-03-09T13:39:59Z
abapgit-workflow,523,https://github.com/alejandromanas/abapgit-workflow,2021-03-01T09:41:02Z
zotcttr_ef,369,https://github.com/openTCT/zotcttr_ef,2021-03-22T18:20:49Z
abap,234,https://github.com/dolmac1/abap,2021-03-13T16:34:31Z
KR_POSTCODE,230,https://github.com/boy0korea/KR_POSTCODE,2021-03-24T22:42:59Z
sap_excel,171,https://github.com/lohid/sap_excel,2021-03-08T14:15:50Z
abap-app-framework,158,https://github.com/dreitagebart/abap-app-framework,2021-03-05T14:38:17Z
bw_trfn_tester,157,https://github.com/pawelwiejkut/bw_trfn_tester,2021-03-15T14:38:42Z
abapgit-workflow,104,https://github.com/LFONTAINE80/abapgit-workflow,2021-03-09T15:57:19Z
ABAP_RAP_TRIAL,93,https://github.com/SagarInvenio/ABAP_RAP_TRIAL,2021-03-24T14:14:06Z
ABAP-Language-Syntax,92,https://github.com/abapPM/ABAP-Language-Syntax,2021-03-02T13:55:11Z
s4hana-security,85,https://github.com/rafaelferrarifonseca/s4hana-security,2021-03-09T12:15:18Z
abap-puzzles,73,https://github.com/joltdx/abap-puzzles,2021-03-05T14:24:54Z
improving-quality-ABAP-code,67,https://github.com/Apress/improving-quality-ABAP-code,2021-03-18T12:21:03Z
json-via-call-transformation,56,https://github.com/sandraros/json-via-call-transformation,2021-03-06T09:11:49Z
code-sap-abap,54,https://github.com/yasinnaal/code-sap-abap,2021-03-31T09:59:55Z
abapgit_xml_stripper_plugin,54,https://github.com/sbcgua/abapgit_xml_stripper_plugin,2021-03-04T15:19:58Z
CodeKata,52,https://github.com/andy-bar/CodeKata,2021-03-22T18:01:09Z
abap-git,50,https://github.com/ankush-29/abap-git,2021-03-25T05:54:16Z
gCTS,48,https://github.com/igormuntoreanu/gCTS,2021-03-11T15:15:51Z
ABAPtest,36,https://github.com/alanpeloton/ABAPtest,2021-03-22T09:09:02Z
s4d435,33,https://github.com/hammerce/s4d435,2021-03-24T14:55:22Z
newfordtest,33,https://github.com/Aravindkumarj/newfordtest,2021-03-12T15:40:28Z
sap-env,32,https://github.com/gcts-poc/sap-env,2021-03-23T22:34:38Z
ZVGC_TEST_CADCALL,29,https://github.com/vgonzcam/ZVGC_TEST_CADCALL,2021-03-24T12:17:53Z
RAP_TRAVEL_APP,52,https://github.com/shahrukhbhat/RAP_TRAVEL_APP,2021-03-09T17:19:32Z
RAP_OpenSAP_Week3,28,https://github.com/SuuSuu9280/RAP_OpenSAP_Week3,2021-03-23T14:44:08Z
sapdx21_02,25,https://github.com/SAPDX21GCTS1/sapdx21_02,2021-03-19T10:47:43Z
HES_624-1_SAP_ABAP_Dev,23,https://github.com/khrid/HES_624-1_SAP_ABAP_Dev,2021-03-24T09:59:31Z
performance-test,21,https://github.com/abapGit/performance-test,2021-03-16T16:36:59Z
SAPDX21_05,20,https://github.com/ovcharev/SAPDX21_05,2021-03-19T09:59:08Z
SAPDX21_14,20,https://github.com/SAPDX21GCTS/SAPDX21_14,2021-03-19T09:54:53Z
SAPDX21_33,20,https://github.com/ITyapochkin/SAPDX21_33,2021-03-19T10:44:26Z
CEI_GCTS,19,https://github.com/stubbini/CEI_GCTS,2021-03-19T15:03:26Z
ABAPFuck,19,https://github.com/SRBConsultingTeam/ABAPFuck,2021-03-24T12:06:32Z
RAP_TRAVEL_BROWNFIELD,18,https://github.com/shahrukhbhat/RAP_TRAVEL_BROWNFIELD,2021-03-09T17:33:18Z
SAPDX21_24,18,https://github.com/kulikutkonos/SAPDX21_24,2021-03-19T10:45:41Z
SAPDX21_99,18,https://github.com/SAPDX21GCTS/SAPDX21_99,2021-03-15T09:55:31Z
SAPDX21_23,17,https://github.com/No0N/SAPDX21_23,2021-03-19T09:55:08Z
SAPDX21_39,17,https://github.com/rush7ka/SAPDX21_39,2021-03-19T10:31:26Z
SAPDX21_40,17,https://github.com/SAPDX21GCTS/SAPDX21_40,2021-03-19T09:52:33Z
SAPDX21_04,17,https://github.com/Egor-Muratov/SAPDX21_04,2021-03-19T10:02:45Z
SAPDX21_26,16,https://github.com/dufaev/SAPDX21_26,2021-03-19T10:00:02Z
SAPDX21_20,16,https://github.com/SAPDX21GCTS/SAPDX21_20,2021-03-19T10:35:42Z
abapgit_table_view_maitenance,16,https://github.com/filak-sap/abapgit_table_view_maitenance,2021-03-21T21:17:30Z
SAPDX21_34,15,https://github.com/SAPDX21GCTS/SAPDX21_34,2021-03-19T10:28:01Z
travel_managed,15,https://github.com/Ram-Praneeth/travel_managed,2021-03-31T14:57:50Z
abap-git,15,https://github.com/SwamiKalagiri/abap-git,2021-03-09T17:20:20Z
abap-code,14,https://github.com/mak08123/abap-code,2021-03-20T15:41:27Z
TEST_MODIFY,14,https://github.com/mbtools-archive/TEST_MODIFY,2021-03-12T14:56:40Z
RAP_TRAVEL,14,https://github.com/zfrk/RAP_TRAVEL,2021-03-30T20:08:08Z
ABAP-GIT-SETUP,13,https://github.com/shrawani-quantiphi/ABAP-GIT-SETUP,2021-03-25T14:50:37Z
ABAP_HANA,13,https://github.com/20kunkun/ABAP_HANA,2021-03-28T02:21:27Z
ABAP-Unit-Learning-session,12,https://github.com/AndreaBorgia-Abo/ABAP-Unit-Learning-session,2021-03-28T09:26:02Z
YLAN_TRANSLATE,12,https://github.com/forUI5/YLAN_TRANSLATE,2021-03-22T08:55:12Z
AG_Tests,11,https://github.com/ed-holland/AG_Tests,2021-03-26T08:17:47Z
API-SAP,15,https://github.com/kawaii2876/API-SAP,2021-03-26T04:28:38Z
Cool_kids,10,https://github.com/hendrik77/Cool_kids,2021-03-03T22:56:35Z
breaking_bad,9,https://github.com/abap-code-dojo/breaking_bad,2021-03-19T12:08:47Z
gcts_auth_test,9,https://github.com/dreamer-nv/gcts_auth_test,2021-03-17T08:22:01Z
ABAP-Puzzles,8,https://github.com/suynwa/ABAP-Puzzles,2021-03-21T11:58:49Z
flponprem-pwa,8,https://github.com/thalesvb/flponprem-pwa,2021-03-19T21:28:21Z
ZRAPCDS_BASIC,8,https://github.com/ashish9patel/ZRAPCDS_BASIC,2021-03-15T15:31:09Z
abap,7,https://github.com/MahmoudKassem/abap,2021-03-22T08:32:19Z
ABAPDemo,7,https://github.com/narayanan17/ABAPDemo,2021-03-08T10:37:02Z
SAP_faturamento_hoje,7,https://github.com/cirojunior/SAP_faturamento_hoje,2021-03-20T07:15:57Z
condicao-preco-vk11,7,https://github.com/Luan-Victor/condicao-preco-vk11,2021-03-23T02:46:17Z
test_repo,6,https://github.com/wongfj/test_repo,2021-03-10T02:52:08Z
DemoABAP,6,https://github.com/ARW93/DemoABAP,2021-03-04T14:57:41Z
Configuration-Tree-Path,6,https://github.com/peyn/Configuration-Tree-Path,2021-03-01T15:03:45Z
singleton,6,https://github.com/edmilson-nascimento/singleton,2021-03-26T15:10:54Z
ABAP-Casino,6,https://github.com/waleedbinkhalid74/ABAP-Casino,2021-03-19T13:57:50Z
ABAP_Sudoku_Solver,9,https://github.com/JozsefSzikszai/ABAP_Sudoku_Solver,2021-03-28T09:53:29Z
popup-get-values,5,https://github.com/edmilson-nascimento/popup-get-values,2021-03-24T14:43:45Z
SAP_ruptura_estoque,5,https://github.com/cirojunior/SAP_ruptura_estoque,2021-03-20T06:59:54Z
RAP_Travel_Extension_Scenario,5,https://github.com/shahrukhbhat/RAP_Travel_Extension_Scenario,2021-03-09T17:28:12Z
test2,5,https://github.com/Petchimuthu017/test2,2021-03-26T13:20:09Z
wat-abap,5,https://github.com/thalesvb/wat-abap,2021-03-30T20:42:18Z
RAP_OpenSAP_Week5,5,https://github.com/SuuSuu9280/RAP_OpenSAP_Week5,2021-03-23T14:38:34Z
abapgit-wokflow,4,https://github.com/zhou120592/abapgit-wokflow,2021-03-31T10:25:19Z
abapgithubDemo,4,https://github.com/narayanan17/abapgithubDemo,2021-03-05T12:03:03Z
abapgit_transport_issue,4,https://github.com/abinbaby-sap/abapgit_transport_issue,2021-03-08T07:27:41Z
ABAP_JIRA,4,https://github.com/AsankaDL/ABAP_JIRA,2021-03-10T03:56:14Z
abapgit_unsupported,4,https://github.com/yellappam/abapgit_unsupported,2021-03-02T09:42:10Z
abapgit-workflow,4,https://github.com/zachary-zhang-zyx/abapgit-workflow,2021-03-31T02:09:59Z
abap_auth_utils,3,https://github.com/germanysources/abap_auth_utils,2021-03-08T15:29:40Z
ABAP_Basics,3,https://github.com/ashish32patel/ABAP_Basics,2021-03-22T19:41:47Z
abapfulldemo,3,https://github.com/narayanan17/abapfulldemo,2021-03-10T10:07:52Z
SAP_calculo_otif,3,https://github.com/cirojunior/SAP_calculo_otif,2021-03-20T06:34:27Z
memory-id,3,https://github.com/edmilson-nascimento/memory-id,2021-03-31T15:37:29Z
Explore-ABAP,3,https://github.com/sapdevsam/Explore-ABAP,2021-03-24T09:07:07Z
ABAPGIT_TEST,2,https://github.com/ashish9patel/ABAPGIT_TEST,2021-03-14T13:17:56Z
REPORSITORY1,2,https://github.com/vboggula/REPORSITORY1,2021-03-23T11:41:25Z
ztest_onpremisev1,2,https://github.com/abapforgeeks/ztest_onpremisev1,2021-03-13T03:31:30Z
REPO_25MAR2021,2,https://github.com/dilmahi/REPO_25MAR2021,2021-03-25T21:06:20Z
abapgit-workflow,2,https://github.com/hmura-sys/abapgit-workflow,2021-03-18T10:39:41Z
narcissistic_numbers_abap,2,https://github.com/faroshtaha/narcissistic_numbers_abap,2021-03-20T15:08:07Z
Z119JJJ,2,https://github.com/Zeratos11/Z119JJJ,2021-03-15T15:50:46Z
abapgit,1,https://github.com/PrasannaJampani/abapgit,2021-03-04T12:04:36Z
abapgit-workflow,1,https://github.com/muhamadnazimabubakar/abapgit-workflow,2021-03-31T11:08:40Z
test,1,https://github.com/ayushgupta02/test,2021-03-10T18:10:54Z
SKABAPGIT,1,https://github.com/SK-2014/SKABAPGIT,2021-03-13T15:15:11Z
RAP,1,https://github.com/saketz/RAP,2021-03-08T13:04:36Z
abapgit,1,https://github.com/S0006578114/abapgit,2021-03-09T07:23:23Z
abap-lab,1,https://github.com/christofferberg79/abap-lab,2021-03-28T08:35:30Z
fiori-elements-opensap,65929,https://github.com/SAP-samples/fiori-elements-opensap,2021-04-26T17:03:20Z
TripServiceKata,1580,https://github.com/a-27m/TripServiceKata,2021-04-14T19:13:14Z
SDM_01,1449,https://github.com/Ryan-Roelofse/SDM_01,2021-04-29T10:24:54Z
ZYB_SD_EXIT,834,https://github.com/anc1bu/ZYB_SD_EXIT,2021-04-20T04:39:44Z
ZPOS,794,https://github.com/etlnibn/ZPOS,2021-04-15T13:20:12Z
ODIN,792,https://github.com/71tech/ODIN,2021-04-12T19:45:32Z
CCMAPP_DEMO,738,https://github.com/bsachin/CCMAPP_DEMO,2021-04-12T11:59:36Z
git_abap,732,https://github.com/hqmxlyx/git_abap,2021-04-27T07:28:29Z
tennis-exo-refacto,574,https://github.com/Belvrondil56/tennis-exo-refacto,2021-04-26T08:55:17Z
abap-752-git,529,https://github.com/Rashabhi10/abap-752-git,2021-04-13T13:22:15Z
abaplint-Ext-for-abapGit,498,https://github.com/Marc-Bernard-Tools/abaplint-Ext-for-abapGit,2021-04-23T19:20:18Z
XL_Workbench,219,https://github.com/MalikovAlisher/XL_Workbench,2021-04-20T06:23:03Z
ZSECGNP,139,https://github.com/jiriehrlich/ZSECGNP,2021-04-30T21:52:12Z
sd_pricing,125,https://github.com/Punit18091982/sd_pricing,2021-04-29T06:01:52Z
AttachmentCommentODataService,124,https://github.com/aditheos/AttachmentCommentODataService,2021-04-15T13:06:59Z
ZSPAS,122,https://github.com/jmsolera/ZSPAS,2021-04-03T11:15:39Z
ZLAN_ACC,118,https://github.com/forUI5/ZLAN_ACC,2021-04-06T02:15:55Z
exp_col_in_alv,113,https://github.com/stekoester/exp_col_in_alv,2021-04-28T19:48:09Z
abapTableCompare,74,https://github.com/cavabap/abapTableCompare,2021-04-27T10:02:48Z
ALM,66,https://github.com/vineetrrakesh/ALM,2021-04-19T10:43:01Z
abap-cmis-client-sample,62,https://github.com/SAP-samples/abap-cmis-client-sample,2021-04-30T18:47:39Z
exp_col_in_salv,56,https://github.com/stekoester/exp_col_in_salv,2021-04-29T19:24:33Z
abap-aws-sigv4,45,https://github.com/tmhew/abap-aws-sigv4,2021-04-28T03:23:36Z
ZMLA_TUTORIALS,44,https://github.com/MathiasLange/ZMLA_TUTORIALS,2021-04-27T08:51:16Z
ZMLA_SALV_DEMO,40,https://github.com/MathiasLange/ZMLA_SALV_DEMO,2021-04-27T08:18:56Z
abap-examples,38,https://github.com/dustinkredmond/abap-examples,2021-04-07T11:59:37Z
rap-opensap,38,https://github.com/zfrk/rap-opensap,2021-04-27T11:34:23Z
abap_scp,34,https://github.com/NRamirezs/abap_scp,2021-04-13T23:40:50Z
CaseStudy,29,https://github.com/suddapalliajay/CaseStudy,2021-04-14T06:33:00Z
DBlinkRTE,28,https://github.com/devbreath/DBlinkRTE,2021-04-18T07:54:04Z
gcts_test,25,https://github.com/Murges/gcts_test,2021-04-08T19:10:15Z
learning_webservices,24,https://github.com/armariusz/learning_webservices,2021-04-26T18:46:34Z
DCG,23,https://github.com/devbreath/DCG,2021-04-06T15:00:07Z
Z_CCM_EX_01,23,https://github.com/bsachin/Z_CCM_EX_01,2021-04-12T12:37:39Z
RAP_CALENDAR,22,https://github.com/zfrk/RAP_CALENDAR,2021-04-08T06:05:44Z
abapgit-shikha,22,https://github.com/ShikhaS7H/abapgit-shikha,2021-04-08T14:34:15Z
abap_replatform,21,https://github.com/Punit18091982/abap_replatform,2021-04-28T10:49:29Z
freelance_1,21,https://github.com/balafiori2020/freelance_1,2021-04-06T16:38:39Z
bp,18,https://github.com/Ennowulff/bp,2021-04-15T16:56:16Z
abap_examples,18,https://github.com/jugosoft/abap_examples,2021-04-27T12:29:43Z
wildcard,18,https://github.com/abap-code-dojo/wildcard,2021-04-15T11:58:03Z
zrap-travel-jp10,17,https://github.com/julieplummer20/zrap-travel-jp10,2021-04-21T08:13:30Z
ZFKD_GCTS_TEST2,17,https://github.com/I021259/ZFKD_GCTS_TEST2,2021-04-24T13:20:32Z
gcts_demo_new,15,https://github.com/kiaradeleon/gcts_demo_new,2021-04-22T15:40:55Z
CustomCodeMigrationDemo-Reuse,13,https://github.com/SETBLR/CustomCodeMigrationDemo-Reuse,2021-04-12T14:37:26Z
CCMS,13,https://github.com/Alacarion/CCMS,2021-04-23T11:22:21Z
learn_cloud_agit,13,https://github.com/armariusz/learn_cloud_agit,2021-04-25T13:06:36Z
cds_training,12,https://github.com/armariusz/cds_training,2021-04-25T19:57:48Z
abap-type-to-json-schema,9,https://github.com/abap-openapi/abap-type-to-json-schema,2021-04-30T10:44:32Z
Z_CCM_EPM,7,https://github.com/bsachin/Z_CCM_EPM,2021-04-12T13:03:31Z
abap-basis-code,7,https://github.com/erickjvallejo/abap-basis-code,2021-04-07T18:51:35Z
CustomCodeMigration-Z_CCM_EX_150,7,https://github.com/SETBLR/CustomCodeMigration-Z_CCM_EX_150,2021-04-12T14:40:18Z
XML-Relationship,7,https://github.com/faroshtaha/XML-Relationship,2021-04-05T12:44:05Z
CDS_TEST,6,https://github.com/SuuSuu9280/CDS_TEST,2021-04-09T04:39:06Z
abap,4,https://github.com/saikurra1304/abap,2021-04-29T10:10:33Z
XSLT-tests-in-ABAP,4,https://github.com/sandraros/XSLT-tests-in-ABAP,2021-04-04T15:29:07Z
ZXLWB,3,https://github.com/MalikovAlisher/ZXLWB,2021-04-09T10:32:33Z
ZZZ_21,3,https://github.com/HappyCyborg/ZZZ_21,2021-04-11T19:47:55Z
abapgit,3,https://github.com/hqmxlyx/abapgit,2021-04-27T01:23:29Z
abapgit-starbug-coffee,3,https://github.com/bztoy/abapgit-starbug-coffee,2021-04-12T06:51:27Z
abapgit_markdown_poc,3,https://github.com/xvercruysse/abapgit_markdown_poc,2021-04-01T12:33:51Z
FUGR_with_def_Auths,3,https://github.com/abapGit-tests/FUGR_with_def_Auths,2021-04-12T15:31:28Z
dynamical_popup,2,https://github.com/Sgudkov/dynamical_popup,2021-04-09T08:06:53Z
HelloWorld,2,https://github.com/SHADEKU/HelloWorld,2021-04-07T17:16:14Z
POSITION_SM30,2,https://github.com/Sgudkov/POSITION_SM30,2021-04-02T06:27:49Z
Language_DE,2,https://github.com/abapGit-tests/Language_DE,2021-04-22T19:44:08Z
Hello_ABAP,2,https://github.com/MFoege/Hello_ABAP,2021-04-20T06:53:43Z
MTO_ABAP,2,https://github.com/tomiczekm/MTO_ABAP,2021-04-08T11:23:08Z
abapgit-workflow,1,https://github.com/gregory5975/abapgit-workflow,2021-04-30T13:16:40Z
learn_abapgit,1,https://github.com/armariusz/learn_abapgit,2021-04-20T19:44:17Z
Abap,1,https://github.com/robjuliano/Abap,2021-04-19T23:56:39Z
SAP_Studies,1,https://github.com/Bea-Jae-Kyeong/SAP_Studies,2021-04-20T01:35:00Z
MyExerciseT05-200,1,https://github.com/klueze88/MyExerciseT05-200,2021-04-29T09:43:39Z
abapgit-workflow,1,https://github.com/taufisma/abapgit-workflow,2021-04-10T06:00:13Z
abapgit-workflow,1,https://github.com/nperis/abapgit-workflow,2021-04-03T18:24:51Z
abapgit-workflow,1,https://github.com/abhijitdeshmukh-LTI/abapgit-workflow,2021-04-15T11:16:10Z
ABAPGIT,8505,https://github.com/873040/ABAPGIT,2021-05-08T06:32:18Z
note,8407,https://github.com/woaff/note,2021-05-29T16:05:35Z
abaplint-app-performance,3882,https://github.com/heliconialabs/abaplint-app-performance,2021-05-27T12:46:51Z
abap-unit-tests-by-example,2227,https://github.com/Ennowulff/abap-unit-tests-by-example,2021-05-11T09:11:40Z
abap-i18n-checker,1633,https://github.com/stockbal/abap-i18n-checker,2021-05-15T16:20:53Z
abap-platform-code-samples-cloud,1490,https://github.com/SAP-samples/abap-platform-code-samples-cloud,2021-05-19T15:28:24Z
ZINUS-ZSD,921,https://github.com/erpsarang/ZINUS-ZSD,2021-05-28T14:20:01Z
abap,545,https://github.com/petersomerssap/abap,2021-05-30T20:32:26Z
ZABAP,463,https://github.com/kirankrishna3github/ZABAP,2021-05-13T06:23:41Z
ABAP,228,https://github.com/873040/ABAP,2021-05-08T06:48:19Z
abapApplCntl,205,https://github.com/abapTools/abapApplCntl,2021-05-25T12:00:00Z
Skyscend,198,https://github.com/Nikhil1984/Skyscend,2021-05-24T08:11:38Z
ZMasterclass_SAPLAND,158,https://github.com/raaleksandr/ZMasterclass_SAPLAND,2021-05-22T08:27:36Z
zspool_pdf,159,https://github.com/victorizbitskiy/zspool_pdf,2021-05-06T20:32:18Z
abap-object-analysis-tools,131,https://github.com/stockbal/abap-object-analysis-tools,2021-05-08T16:16:07Z
XML-Monitoring-Report,119,https://github.com/faroshtaha/XML-Monitoring-Report,2021-05-26T16:38:37Z
WorkItem-Display,116,https://github.com/aditheos/WorkItem-Display,2021-05-15T05:43:11Z
ZFred_abap_1,92,https://github.com/FredK71/ZFred_abap_1,2021-05-02T20:54:38Z
Recipe-Update,89,https://github.com/faroshtaha/Recipe-Update,2021-05-21T08:26:32Z
pdws,87,https://github.com/pokrakam/pdws,2021-05-05T20:36:51Z
abap-platform-code-samples-standard,86,https://github.com/SAP-samples/abap-platform-code-samples-standard,2021-05-19T15:33:30Z
gateway-odata-v4,69,https://github.com/SAP-samples/gateway-odata-v4,2021-05-19T15:23:38Z
ECC-ABAP-QUE,66,https://github.com/MarkRodrigues/ECC-ABAP-QUE,2021-05-06T02:11:38Z
S9Dtrial,62,https://github.com/SAPTrial/S9Dtrial,2021-05-07T12:47:59Z
abap-iitb,59,https://github.com/AnujKaithwas/abap-iitb,2021-05-26T02:45:28Z
abap_email_building_framework,56,https://github.com/alwinvandeput/abap_email_building_framework,2021-05-13T12:15:41Z
abap_scp_course,51,https://github.com/oninsomnus/abap_scp_course,2021-05-04T22:29:33Z
ABAP,39,https://github.com/leandro-miguel/ABAP,2021-05-18T22:00:05Z
abap_amount_formatting_with_currency_symbol,39,https://github.com/alwinvandeput/abap_amount_formatting_with_currency_symbol,2021-05-24T10:59:43Z
cloud-abap-event-mesh-api,36,https://github.com/SAP-samples/cloud-abap-event-mesh-api,2021-05-05T17:14:09Z
BAPI_SALESORDER_CHANGE,34,https://github.com/edmilson-nascimento/BAPI_SALESORDER_CHANGE,2021-05-12T17:27:43Z
abapSynergyCAReuse,34,https://github.com/skeuker/abapSynergyCAReuse,2021-05-06T10:05:04Z
abapGit,32,https://github.com/GithubLIMF/abapGit,2021-05-17T07:37:06Z
abap_devdays2021,31,https://github.com/soschlegel/abap_devdays2021,2021-05-10T09:52:51Z
chtest1,28,https://github.com/chlai0725/chtest1,2021-05-23T06:24:49Z
sap_reis_parallel_reporting,27,https://github.com/rayatus/sap_reis_parallel_reporting,2021-05-11T13:46:44Z
z21,26,https://github.com/aemrei/z21,2021-05-24T13:24:02Z
ZHLDY_CNT,25,https://github.com/santyt/ZHLDY_CNT,2021-05-11T13:42:49Z
abap,23,https://github.com/stma1057/abap,2021-05-22T07:22:26Z
erp_connect_extensions,27,https://github.com/medius-group/erp_connect_extensions,2021-05-06T08:57:03Z
codocu,20,https://github.com/inwerken/codocu,2021-05-04T14:08:14Z
ABAP,14,https://github.com/FFelixFish/ABAP,2021-05-27T01:45:35Z
abap-files-dir-control,13,https://github.com/elvisseguraa/abap-files-dir-control,2021-05-28T06:04:45Z
abap_compare_itabs,11,https://github.com/intese/abap_compare_itabs,2021-05-12T13:28:28Z
SRM-User-Update-Report,9,https://github.com/faroshtaha/SRM-User-Update-Report,2021-05-27T10:15:04Z
testgcts,8,https://github.com/sbasischeck/testgcts,2021-05-21T22:29:44Z
TEST_UNUSED,8,https://github.com/mbtools-archive/TEST_UNUSED,2021-05-18T10:45:50Z
ZTLCN_XLS,7,https://github.com/valihan/ZTLCN_XLS,2021-05-12T05:11:40Z
Academia_ABAP-UI5,7,https://github.com/FabioMendoncaft/Academia_ABAP-UI5,2021-05-15T20:52:18Z
abap-selection-screen-templates,5,https://github.com/elvisseguraa/abap-selection-screen-templates,2021-05-27T05:04:47Z
SCMON_SOLUTION,5,https://github.com/jrasmussen1/SCMON_SOLUTION,2021-05-25T13:14:42Z
object-oriented-ABAP-practices,5,https://github.com/luzlloveras/object-oriented-ABAP-practices,2021-05-10T22:05:30Z
abapgit_workflow,5,https://github.com/NitinKant126/abapgit_workflow,2021-05-11T18:31:23Z
abap-sample,4,https://github.com/sapsumikko/abap-sample,2021-05-15T22:18:44Z
S4TEST,4,https://github.com/jaydeepgiri-goswami/S4TEST,2021-05-17T18:28:33Z
selective_pull_w_sub_package_b6s,4,https://github.com/shubhamWaghmare-sap/selective_pull_w_sub_package_b6s,2021-05-30T10:47:41Z
abap_exceptions,4,https://github.com/ivantyumenyev/abap_exceptions,2021-05-19T17:01:09Z
zcl_file_utils,4,https://github.com/intese/zcl_file_utils,2021-05-27T15:31:54Z
read_susg_data,3,https://github.com/SaschaWaechter/read_susg_data,2021-05-11T14:07:31Z
abap-write-report-flights,3,https://github.com/elvisseguraa/abap-write-report-flights,2021-05-29T17:49:08Z
testAbap,2,https://github.com/sioh/testAbap,2021-05-18T12:39:04Z
TEST01,2,https://github.com/asymmca/TEST01,2021-05-21T11:49:25Z
selective_pull_w_sub_package,2,https://github.com/shubhamWaghmare-sap/selective_pull_w_sub_package,2021-05-25T07:25:25Z
abapgit-workflow,1,https://github.com/sapsumikko/abapgit-workflow,2021-05-08T21:23:45Z
abap_utils,1,https://github.com/tomrau/abap_utils,2021-05-16T09:18:56Z
ABAP_OOP_Poly,1,https://github.com/drakth/ABAP_OOP_Poly,2021-05-13T04:31:07Z
fiori_elements_exercises,63108,https://github.com/coolbyte154-hacks/fiori_elements_exercises,2021-06-29T11:10:36Z
SAP-samples-fiori-elements-opensap,13044,https://github.com/FYansen/SAP-samples-fiori-elements-opensap,2021-06-18T16:31:35Z
ZALL-E10,7028,https://github.com/abapGitAdmin/ZALL-E10,2021-06-01T09:11:14Z
CaseStudy-Target,2510,https://github.com/r3sm/CaseStudy-Target,2021-06-22T00:48:27Z
abapgit-workflow,1316,https://github.com/salman0621/abapgit-workflow,2021-06-14T05:11:57Z
GIT_STAR,537,https://github.com/BhavinShah01/GIT_STAR,2021-06-11T13:52:40Z
Mirror-AJSON,452,https://github.com/Marc-Bernard-Tools/Mirror-AJSON,2021-06-15T09:33:46Z
ABAP,321,https://github.com/MenghsuanLiu/ABAP,2021-06-23T05:24:48Z
Mirror-STRINGMAP,256,https://github.com/Marc-Bernard-Tools/Mirror-STRINGMAP,2021-06-21T09:03:16Z
gctsR,136,https://github.com/AsankaDL/gctsR,2021-06-14T21:35:20Z
ABAP2XLSX_HELPER,126,https://github.com/boy0korea/ABAP2XLSX_HELPER,2021-06-11T14:40:05Z
zrfcread,108,https://github.com/srijan9864/zrfcread,2021-06-20T14:18:55Z
export-import-vx,99,https://github.com/sandraros/export-import-vx,2021-06-06T11:23:41Z
zrap_travel_fw,98,https://github.com/riese123/zrap_travel_fw,2021-06-22T06:29:34Z
ZMEDEPIA_MDG_UTILITIES,88,https://github.com/selmayalcin/ZMEDEPIA_MDG_UTILITIES,2021-06-09T08:34:10Z
dab_custom_btp_abap_common,76,https://github.com/aliaksei-dunets-public/dab_custom_btp_abap_common,2021-06-28T14:50:30Z
RAP_Course,68,https://github.com/shwetasharma-2103/RAP_Course,2021-06-15T09:34:34Z
demo-sap-piper,57,https://github.com/dszortyka/demo-sap-piper,2021-06-03T13:04:58Z
abapOpenChecks-Steampunk,40,https://github.com/abapOpenChecks/abapOpenChecks-Steampunk,2021-06-25T06:38:36Z
KR_OTR,39,https://github.com/boy0korea/KR_OTR,2021-06-09T01:34:05Z
jak-test,38,https://github.com/SebastianWolf-SAP/jak-test,2021-06-15T14:02:33Z
abap-in-eclipse-abap,36,https://github.com/Apress/abap-in-eclipse-abap,2021-06-14T15:17:26Z
AbapCodeMetricsToFile,36,https://github.com/matthewdjb/AbapCodeMetricsToFile,2021-06-30T09:45:00Z
test1,36,https://github.com/funkydev-sap/test1,2021-06-25T15:54:33Z
rap_movies,34,https://github.com/soschlegel/rap_movies,2021-06-25T05:27:46Z
ZOSP_ABAP_CODE,28,https://github.com/omarsp1/ZOSP_ABAP_CODE,2021-06-19T21:07:33Z
ABAP-practice,27,https://github.com/luzlloveras/ABAP-practice,2021-06-03T18:44:42Z
abapnono,31,https://github.com/Ennowulff/abapnono,2021-06-04T11:44:44Z
ZR_NEW_SYNTAX,25,https://github.com/SaschaWaechter/ZR_NEW_SYNTAX,2021-06-03T15:45:37Z
dab_custom_btp_abap_plantuml_api,23,https://github.com/aliaksei-dunets-public/dab_custom_btp_abap_plantuml_api,2021-06-28T14:48:53Z
Abap-practicas,20,https://github.com/luzlloveras/Abap-practicas,2021-06-03T19:06:19Z
RAP_BTP_Prac,18,https://github.com/smuhsb/RAP_BTP_Prac,2021-06-05T09:17:04Z
dab_custom_btp_abap_ddic_object,18,https://github.com/aliaksei-dunets-public/dab_custom_btp_abap_ddic_object,2021-06-28T14:33:29Z
ZSY_MDGBP,17,https://github.com/selmayalcin/ZSY_MDGBP,2021-06-09T12:33:27Z
ZMM_IMPAIRMENT,16,https://github.com/valihan/ZMM_IMPAIRMENT,2021-06-30T06:19:40Z
ZAGPACKAGE,14,https://github.com/selmayalcin/ZAGPACKAGE,2021-06-11T11:11:03Z
ABAP_INSTALL_CHECK,11,https://github.com/boy0korea/ABAP_INSTALL_CHECK,2021-06-11T14:33:16Z
abapforum_knobel,10,https://github.com/christianguenter2/abapforum_knobel,2021-06-24T16:40:30Z
MB53-new-fields,7,https://github.com/edmilson-nascimento/MB53-new-fields,2021-06-08T17:11:18Z
ABAP-OBJECT-ORIENTED,6,https://github.com/luzlloveras/ABAP-OBJECT-ORIENTED,2021-06-22T14:21:52Z
abap_unit_test_Example,6,https://github.com/uxkjaer/abap_unit_test_Example,2021-06-17T02:46:48Z
ABAP-report,5,https://github.com/luzlloveras/ABAP-report,2021-06-07T19:09:10Z
ABAP_CLOUD,5,https://github.com/anslemarnolda/ABAP_CLOUD,2021-06-08T13:43:58Z
ATCCheckSamples,5,https://github.com/thfiedler/ATCCheckSamples,2021-06-01T13:33:37Z
SAP-salv-sablon,5,https://github.com/r2bo4/SAP-salv-sablon,2021-06-10T06:25:49Z
abapgit,4,https://github.com/rcdesarrollo/abapgit,2021-06-11T16:21:54Z
zsy_programs,4,https://github.com/selmayalcin/zsy_programs,2021-06-08T08:44:07Z
abap-dynamic-table-flights,4,https://github.com/elvisseguraa/abap-dynamic-table-flights,2021-06-01T17:41:44Z
abapgit-first,3,https://github.com/aishu015/abapgit-first,2021-06-11T04:48:06Z
CalculatorPlugin,3,https://github.com/thfiedler/CalculatorPlugin,2021-06-01T12:51:23Z
zgit_demo_repo,3,https://github.com/rcdesarrollo/zgit_demo_repo,2021-06-11T16:32:23Z
sergio-paton,3,https://github.com/sergio-paton/sergio-paton,2021-06-22T15:33:44Z
PM-Kesinti-Suresi-bos-gelme-durumu,3,https://github.com/r2bo4/PM-Kesinti-Suresi-bos-gelme-durumu,2021-06-09T14:49:10Z
NumenDemo21,2,https://github.com/rboninineto/NumenDemo21,2021-06-07T16:08:38Z
abapgit01,2,https://github.com/dreamer-nv/abapgit01,2021-06-02T12:58:36Z
abapgit-workflow,1,https://github.com/pappu21198mehta/abapgit-workflow,2021-06-11T04:54:45Z
demo,8764,https://github.com/ankitvit1/demo,2021-07-27T14:24:14Z
BASFIORI,7918,https://github.com/Manish5788/BASFIORI,2021-07-19T09:19:17Z
ABAP,4844,https://github.com/deepakjoshy/ABAP,2021-07-25T15:08:10Z
kata-trip-service,1601,https://github.com/yaelle6/kata-trip-service,2021-07-12T07:06:32Z
DevOps_HCL,1218,https://github.com/abhilashhaa/DevOps_HCL,2021-07-22T12:02:12Z
Trading-platform-ABAP,793,https://github.com/FieryElectron/Trading-platform-ABAP,2021-07-25T20:27:35Z
sap-usi-logging-api,776,https://github.com/SchwarzIT/sap-usi-logging-api,2021-07-06T09:15:31Z
kata-tennis,746,https://github.com/pherrymason/kata-tennis,2021-07-30T10:36:31Z
ood-2021-07-24-solid-workshop,745,https://github.com/bomb0069/ood-2021-07-24-solid-workshop,2021-07-24T04:54:42Z
Tennis-Refactoring-Kata,689,https://github.com/binhyul/Tennis-Refactoring-Kata,2021-07-05T03:20:04Z
refactor-test,625,https://github.com/akshat-ilen/refactor-test,2021-07-25T17:56:18Z
ABAP_Workflow-Engine,341,https://github.com/irodrigob/ABAP_Workflow-Engine,2021-07-09T07:30:20Z
waylift-refactor,315,https://github.com/jeffy-mathew/waylift-refactor,2021-07-23T01:27:59Z
ALL_ROUND_SEARCH_HELP,182,https://github.com/boy0korea/ALL_ROUND_SEARCH_HELP,2021-07-05T08:01:07Z
waylit-refactor-test,162,https://github.com/edgerunner/waylit-refactor-test,2021-07-27T15:08:00Z
ZWD_CALENDAR_VH,132,https://github.com/boy0korea/ZWD_CALENDAR_VH,2021-07-02T06:52:10Z
ABAP_NEW,129,https://github.com/madan-bandaru/ABAP_NEW,2021-07-17T16:16:40Z
WBS_20210712_FL,127,https://github.com/walibens/WBS_20210712_FL,2021-07-12T13:47:30Z
General-repository,126,https://github.com/Philipakn/General-repository,2021-07-28T20:15:25Z
sap-usi-exception,123,https://github.com/SchwarzIT/sap-usi-exception,2021-07-06T09:20:06Z
ZSOF,113,https://github.com/bluebaby1/ZSOF,2021-07-27T06:06:31Z
abap2json,111,https://github.com/boy0korea/abap2json,2021-07-04T15:01:33Z
sap-usi-authority-check,89,https://github.com/SchwarzIT/sap-usi-authority-check,2021-07-06T09:18:52Z
ABAP4,76,https://github.com/mauriziobotto75/ABAP4,2021-07-27T09:52:29Z
SAP,62,https://github.com/Qodepress/SAP,2021-07-15T17:10:51Z
ZRAP_1234,58,https://github.com/sebasgoldberg/ZRAP_1234,2021-07-13T19:49:54Z
Performance-Weeks,49,https://github.com/MaddinJay/Performance-Weeks,2021-07-19T13:01:49Z
Nizard_Melliti_20210712_FL,39,https://github.com/nizard-melliti/Nizard_Melliti_20210712_FL,2021-07-12T19:07:43Z
abap-hacks-n-tips,37,https://github.com/enginakdeniz/abap-hacks-n-tips,2021-07-05T13:17:15Z
abapgit,35,https://github.com/anj2007/abapgit,2021-07-21T01:36:56Z
ztest,31,https://github.com/ghosh3/ztest,2021-07-05T10:30:44Z
SAPBTP_TEST,30,https://github.com/babanraj/SAPBTP_TEST,2021-07-07T04:21:12Z
zrap_travel_u_fw,29,https://github.com/riese123/zrap_travel_u_fw,2021-07-16T06:33:16Z
ASE,26,https://github.com/nizard-melliti/ASE,2021-07-21T08:08:34Z
platzi_abap_01,22,https://github.com/perezjuang/platzi_abap_01,2021-07-21T00:33:50Z
OBIONE-KENOBI,21,https://github.com/ABAPDUDE/OBIONE-KENOBI,2021-07-22T15:08:43Z
abap-switch,20,https://github.com/jrodriguez-rc/abap-switch,2021-07-22T17:28:24Z
PADAWAN,20,https://github.com/ABAPDUDE/PADAWAN,2021-07-06T14:40:45Z
rapmgit,18,https://github.com/SaiNithesh/rapmgit,2021-07-03T09:55:25Z
test,17,https://github.com/sapui5-exercises/test,2021-07-14T15:11:03Z
Cloud,16,https://github.com/nagendraverma-k/Cloud,2021-07-06T04:01:34Z
ALV_Report,14,https://github.com/gleilsonalves/ALV_Report,2021-07-22T19:14:02Z
sintaxe_abap,13,https://github.com/ismarads/sintaxe_abap,2021-07-11T17:58:10Z
SAP-ABAP,10,https://github.com/eraygokcen/SAP-ABAP,2021-07-15T18:35:47Z
abap-tasty-json,10,https://github.com/fatihpense/abap-tasty-json,2021-07-05T19:28:54Z
ZWD_INPUT_SPACE_FOR_HISTORY,8,https://github.com/boy0korea/ZWD_INPUT_SPACE_FOR_HISTORY,2021-07-15T12:51:32Z
time-stamp,9,https://github.com/edmilson-nascimento/time-stamp,2021-07-28T18:44:57Z
ZCOVJ_SEBEST,8,https://github.com/valihan/ZCOVJ_SEBEST,2021-07-22T06:02:49Z
repo_w_TR_for_X08,7,https://github.com/shubhamWaghmare-sap/repo_w_TR_for_X08,2021-07-25T06:34:27Z
download-spool,6,https://github.com/edmilson-nascimento/download-spool,2021-07-29T22:03:33Z
OO-ABAP,6,https://github.com/muhamednasr/OO-ABAP,2021-07-04T19:04:28Z
unit_test_playground,5,https://github.com/sbcgua/unit_test_playground,2021-07-02T15:26:00Z
ABAPCourse101,5,https://github.com/MrYenThanh/ABAPCourse101,2021-07-01T18:07:10Z
abapgit-workflow,4,https://github.com/tiangesophia/abapgit-workflow,2021-07-07T13:22:41Z
ABAP_REP,4,https://github.com/madan-bandaru/ABAP_REP,2021-07-13T13:50:51Z
abapGit,3,https://github.com/andersonmeng1993/abapGit,2021-07-01T08:59:20Z
demo1,3,https://github.com/grahamrobbo/demo1,2021-07-20T01:38:25Z
ABAP_Public1,3,https://github.com/madan-bandaru/ABAP_Public1,2021-07-12T01:51:39Z
SRC_INTERNAL_TABLE,3,https://github.com/vesi-alaignelet/SRC_INTERNAL_TABLE,2021-07-21T22:27:29Z
ZABAPGIT_HELLOWORLD,2,https://github.com/vamakhin/ZABAPGIT_HELLOWORLD,2021-07-04T17:36:00Z
ABAPGIT_ALENA,2,https://github.com/AlenaKrakhaleva/ABAPGIT_ALENA,2021-07-07T12:29:28Z
abapgit-demo,2,https://github.com/eduardhab/abapgit-demo,2021-07-19T09:25:48Z
Design-Patterns,2,https://github.com/ABAPMachine/Design-Patterns,2021-07-27T00:04:07Z
sap-abap,1,https://github.com/AppleMango2021/sap-abap,2021-07-20T03:38:54Z
abapclass,1,https://github.com/spk2amit/abapclass,2021-07-14T08:56:52Z
AbbaAP-ABAP,1,https://github.com/prabhu2599/AbbaAP-ABAP,2021-07-20T05:46:47Z
abapGit_I04,1,https://github.com/andersonmeng1993/abapGit_I04,2021-07-01T09:09:07Z
zshrabapgit,0,https://github.com/Shreya93/zshrabapgit,2021-07-23T05:53:00Z
abapgitcode,6367,https://github.com/vishalkwatra/abapgitcode,2021-08-23T06:59:00Z
HCL-DevOps-V1,6071,https://github.com/abhilashhaa/HCL-DevOps-V1,2021-08-09T21:09:35Z
Project_2021,3122,https://github.com/JungDS/Project_2021,2021-08-09T01:51:20Z
abap2json_demo,2696,https://github.com/boy0korea/abap2json_demo,2021-08-26T01:03:59Z
SAPGCTS_DEMO_S4E,1328,https://github.com/VijayRao2021/SAPGCTS_DEMO_S4E,2021-08-31T17:29:01Z
HCL-DevOPs-V2,764,https://github.com/abhilashhaa/HCL-DevOPs-V2,2021-08-30T21:15:06Z
devtoberfest-2021-security-coding-challenge,506,https://github.com/SAP-archive/devtoberfest-2021-security-coding-challenge,2021-08-25T16:17:32Z
OpenSAPDemo,359,https://github.com/abhilashhaa/OpenSAPDemo,2021-08-02T07:22:16Z
CFOP_ABAP,330,https://github.com/Jack-Liang/CFOP_ABAP,2021-08-18T12:15:36Z
Refactoring_Example_02,312,https://github.com/C5257884/Refactoring_Example_02,2021-08-10T14:29:03Z
zxlwb_workbench,303,https://github.com/mityafmabap/zxlwb_workbench,2021-08-11T07:33:29Z
ABAP_Notificaciones_Push,300,https://github.com/irodrigob/ABAP_Notificaciones_Push,2021-08-20T11:12:37Z
Coopercitrus,295,https://github.com/iMilazzo/Coopercitrus,2021-08-05T12:38:41Z
New,238,https://github.com/HCL-Abhi/New,2021-08-16T12:22:16Z
HCL-DevOps-V,190,https://github.com/abhilashhaa/HCL-DevOps-V,2021-08-10T09:19:12Z
zthread,169,https://github.com/xinitrc86/zthread,2021-08-25T10:57:45Z
ZHR_FI_TV_REQ_ODATA,102,https://github.com/batodorzhiev/ZHR_FI_TV_REQ_ODATA,2021-08-19T13:42:30Z
SW_padawan_master,77,https://github.com/AlenaKrakhaleva/SW_padawan_master,2021-08-12T15:12:42Z
abapWorkflow,76,https://github.com/egorKazit/abapWorkflow,2021-08-20T21:54:28Z
ABAP_PROJECTS,74,https://github.com/Kennyor13/ABAP_PROJECTS,2021-08-13T09:39:52Z
Vendors,68,https://github.com/vidyadharg/Vendors,2021-08-13T07:17:04Z
purchase-order-maintenance-service,65,https://github.com/raphaelhalmas/purchase-order-maintenance-service,2021-08-16T18:01:53Z
SAP-S4Hana-Anbindung-an-RESTful-API-von-FirmaX,64,https://github.com/danijelos/SAP-S4Hana-Anbindung-an-RESTful-API-von-FirmaX,2021-08-02T11:52:03Z
ZABAP,57,https://github.com/xiaofeng520/ZABAP,2021-08-12T06:44:24Z
ZWD_DROPDOWN_WITH_SEARCHHELP,57,https://github.com/boy0korea/ZWD_DROPDOWN_WITH_SEARCHHELP,2021-08-10T05:53:53Z
S42020Click-Collect,56,https://github.com/skeuker/S42020Click-Collect,2021-08-07T04:28:47Z
ABAP,53,https://github.com/umait39/ABAP,2021-08-18T13:56:26Z
HCL_DevOps_V1,51,https://github.com/HCL-Techno/HCL_DevOps_V1,2021-08-10T09:58:39Z
ZWD_VALUE_HELP_ADPATOR,48,https://github.com/boy0korea/ZWD_VALUE_HELP_ADPATOR,2021-08-06T04:06:39Z
ZHR_GRADE_ODATA,43,https://github.com/batodorzhiev/ZHR_GRADE_ODATA,2021-08-19T13:50:31Z
unit-test-test,40,https://github.com/larshp/unit-test-test,2021-08-08T11:21:58Z
ABAP_ALV_WITH_IDA,38,https://github.com/JungDS/ABAP_ALV_WITH_IDA,2021-08-11T09:04:24Z
JUST4FUN,37,https://github.com/ABAPDUDE/JUST4FUN,2021-08-19T12:02:43Z
ABAP-Critical-Object-Check,36,https://github.com/vonglan/ABAP-Critical-Object-Check,2021-08-20T15:37:55Z
Masterthesis,33,https://github.com/DanielDanger/Masterthesis,2021-08-12T09:08:25Z
ABAP_BD30,32,https://github.com/Kwok-Yeung/ABAP_BD30,2021-08-30T13:27:41Z
currencydownload,24,https://github.com/Postavka/currencydownload,2021-08-14T14:19:41Z
ZHR_MYREQUEST_ODATA,24,https://github.com/batodorzhiev/ZHR_MYREQUEST_ODATA,2021-08-19T13:47:28Z
Query-as-Infoprovider-QIP,21,https://github.com/almean/Query-as-Infoprovider-QIP,2021-08-02T16:00:47Z
ABAPCodeSearchTool,13,https://github.com/MKrame/ABAPCodeSearchTool,2021-08-25T10:11:30Z
zbc401_abap_objects,12,https://github.com/dvontress73/zbc401_abap_objects,2021-08-18T01:29:06Z
SQL-native,12,https://github.com/edmilson-nascimento/SQL-native,2021-08-31T12:02:56Z
APAB_BACKUP,12,https://github.com/Kwok-Yeung/APAB_BACKUP,2021-08-30T11:34:49Z
ZWD_CODE_SCANNER,13,https://github.com/boy0korea/ZWD_CODE_SCANNER,2021-08-24T06:04:59Z
abapGit_4899,9,https://github.com/pokrakam/abapGit_4899,2021-08-16T14:22:49Z
gcts_sap,9,https://github.com/wlacaze-git/gcts_sap,2021-08-12T17:39:04Z
ABAP-ZSENDMAIL_WITH_BCS,11,https://github.com/asabino2/ABAP-ZSENDMAIL_WITH_BCS,2021-08-18T17:13:20Z
SHOW_MERGED_PDF,6,https://github.com/Sgudkov/SHOW_MERGED_PDF,2021-08-02T07:54:00Z
ABAPObjectOriented,6,https://github.com/ABAPMachine/ABAPObjectOriented,2021-08-07T01:46:40Z
Integrated-Data-Access,6,https://github.com/TH50016548/Integrated-Data-Access,2021-08-29T05:53:44Z
ABAP-Codes,16,https://github.com/emtrn/ABAP-Codes,2021-08-06T11:16:52Z
ZTAT_ODATA,5,https://github.com/cortedteate/ZTAT_ODATA,2021-08-19T16:32:34Z
Set,5,https://github.com/Postavka/Set,2021-08-12T19:50:22Z
abapgit-workflow,5,https://github.com/adityaharsono/abapgit-workflow,2021-08-30T11:29:19Z
ABAP_OO-DB_CONNECTION,5,https://github.com/muhamednasr/ABAP_OO-DB_CONNECTION,2021-08-31T13:53:06Z
ABAPOnCloud,4,https://github.com/ABAPMachine/ABAPOnCloud,2021-08-01T17:45:50Z
Stack,4,https://github.com/Postavka/Stack,2021-08-05T16:13:34Z
Hello-World,3,https://github.com/vicwang1919/Hello-World,2021-08-08T06:50:45Z
abap-migo-detail-new_tab,3,https://github.com/elvisseguraa/abap-migo-detail-new_tab,2021-08-27T04:41:26Z
abapGit,2,https://github.com/redleaves214/abapGit,2021-08-06T02:33:12Z
Z_REPO,2,https://github.com/anshikasingh12/Z_REPO,2021-08-13T06:48:02Z
masterdata_req_delete,2,https://github.com/pawelwiejkut/masterdata_req_delete,2021-08-09T11:09:26Z
abapgit-ar,1,https://github.com/ANROY21/abapgit-ar,2021-08-13T05:50:58Z
z_po,1,https://github.com/anshikasingh12/z_po,2021-08-13T06:05:58Z
hello-world,1,https://github.com/hiranyabu/hello-world,2021-08-25T10:46:58Z
abapgit4,1,https://github.com/mayurisn/abapgit4,2021-08-13T05:25:39Z
TEST_ABAPGIT,1,https://github.com/arifinlaps/TEST_ABAPGIT,2021-08-03T00:42:05Z
Z_SUBMIT_RFC,0,https://github.com/almean/Z_SUBMIT_RFC,2021-08-02T15:51:24Z
Citrosuco,4595,https://github.com/sapagro/Citrosuco,2021-09-16T23:08:59Z
abap,1468,https://github.com/exercism/abap,2021-09-30T15:13:58Z
Citro-PROG-ENHO-MSG,1165,https://github.com/sapagro/Citro-PROG-ENHO-MSG,2021-09-17T12:46:03Z
GctsSAP,839,https://github.com/Syedcbl/GctsSAP,2021-09-13T12:56:17Z
abapGit-,547,https://github.com/burakozctn/abapGit-,2021-09-01T10:27:17Z
zpack01,541,https://github.com/germangonzalezm/zpack01,2021-09-14T13:28:58Z
ABAPParallelizationService,357,https://github.com/BiberM/ABAPParallelizationService,2021-09-13T19:34:03Z
ZFPM_TOOLS,303,https://github.com/boy0korea/ZFPM_TOOLS,2021-09-28T07:23:18Z
Mirror-LOGGER,282,https://github.com/Marc-Bernard-Tools/Mirror-LOGGER,2021-09-14T20:33:17Z
gCTS,273,https://github.com/dmiralles2021/gCTS,2021-09-23T14:34:44Z
aff_mirror,265,https://github.com/abapGit/aff_mirror,2021-09-06T13:53:09Z
Citrosuco-CLAS-e-TRAN,236,https://github.com/sapagro/Citrosuco-CLAS-e-TRAN,2021-09-17T14:39:18Z
Accenture_Tools,220,https://github.com/riccardofresi/Accenture_Tools,2021-09-02T12:32:19Z
abap_db_preparator,189,https://github.com/ABAP-prep/abap_db_preparator,2021-09-29T13:54:14Z
easyHtmlEmail,169,https://github.com/DryDumbHead/easyHtmlEmail,2021-09-29T20:09:22Z
abap-reports,166,https://github.com/sSimonAbt/abap-reports,2021-09-17T09:43:54Z
ZREST,154,https://github.com/sabangel/ZREST,2021-09-30T20:40:20Z
Qmetry-Testing-Repo,146,https://github.com/mrinalkasyap-qmetry/Qmetry-Testing-Repo,2021-09-27T08:25:42Z
AbapgitADT,143,https://github.com/jmmunozba/AbapgitADT,2021-09-17T07:54:37Z
rap-auction-model,124,https://github.com/tsudd/rap-auction-model,2021-09-28T12:16:30Z
trip-service-kata-master,113,https://github.com/jonayrb/trip-service-kata-master,2021-09-29T06:23:50Z
dsv,89,https://github.com/edmilson-nascimento/dsv,2021-09-03T00:01:45Z
abapHtmlButton,88,https://github.com/abapTools/abapHtmlButton,2021-09-02T09:46:27Z
ABAP,54,https://github.com/Luis-Aquino/ABAP,2021-09-27T11:51:47Z
ZFI_ALLOC_LEDGS_DIFFS_TOPRD_GR,82,https://github.com/ekekakos/ZFI_ALLOC_LEDGS_DIFFS_TOPRD_GR,2021-09-03T17:59:27Z
Bus-Booking-Grp2,81,https://github.com/mushrifshahreyar/Bus-Booking-Grp2,2021-09-11T12:57:40Z
DesignPatternsInAbap,81,https://github.com/xtbirihan/DesignPatternsInAbap,2021-09-08T12:45:16Z
abap-protobuf,79,https://github.com/heliconialabs/abap-protobuf,2021-09-08T05:13:12Z
zbobt,79,https://github.com/bizhuka/zbobt,2021-09-10T12:29:13Z
zStockAnalysis,70,https://github.com/pcdinis/zStockAnalysis,2021-09-11T21:43:42Z
ABAP,75,https://github.com/vladkirov/ABAP,2021-09-30T12:26:55Z
abapgit-ru,63,https://github.com/pipurush/abapgit-ru,2021-09-13T19:42:01Z
ZWD_INSTANT_POPUP,63,https://github.com/boy0korea/ZWD_INSTANT_POPUP,2021-09-09T07:38:19Z
ZRAPCOURSE,62,https://github.com/JcNick/ZRAPCOURSE,2021-09-10T02:43:38Z
sap-usi,63,https://github.com/SchwarzIT/sap-usi,2021-09-21T08:56:20Z
openSAP_ABAP_RAP,58,https://github.com/rchudziak/openSAP_ABAP_RAP,2021-09-17T12:36:16Z
RAP-Test,54,https://github.com/JaneHuang1234/RAP-Test,2021-09-22T06:26:06Z
ZFINAL_APP,54,https://github.com/AzadSing/ZFINAL_APP,2021-09-14T13:53:08Z
abap-platform-rap-opensap-managed,47,https://github.com/ilaydasahiner/abap-platform-rap-opensap-managed,2021-09-14T18:12:44Z
my_sap_ressources,45,https://github.com/ClementRoyer/my_sap_ressources,2021-09-08T12:18:48Z
abapgit-cloud,41,https://github.com/rahuldev2022/abapgit-cloud,2021-09-07T05:35:47Z
abapGitRepositoryLogo,37,https://github.com/victorizbitskiy/abapGitRepositoryLogo,2021-09-01T14:35:01Z
zcs,37,https://github.com/hardik-kr/zcs,2021-09-15T18:44:39Z
ZG4_CASE_STUDY,36,https://github.com/AzadSing/ZG4_CASE_STUDY,2021-09-14T13:19:51Z
S4D400Schulung,33,https://github.com/asciiator/S4D400Schulung,2021-09-17T14:02:22Z
RAP,29,https://github.com/MatheusMulder/RAP,2021-09-04T21:11:02Z
Z25,25,https://github.com/Severus3107/Z25,2021-09-17T14:11:54Z
abap-pulsar,21,https://github.com/heliconialabs/abap-pulsar,2021-09-14T07:34:14Z
abap-platform-rap-opensap-unmanaged,19,https://github.com/ilaydasahiner/abap-platform-rap-opensap-unmanaged,2021-09-21T16:08:25Z
gcts_test,19,https://github.com/LeonBurkhardt/gcts_test,2021-09-27T12:24:11Z
s4d400,16,https://github.com/ItsZiroy/s4d400,2021-09-17T14:09:31Z
Abap,16,https://github.com/demo-codegrip/Abap,2021-09-20T14:32:38Z
ZDEVI_ABAPGIT,16,https://github.com/Dindodev/ZDEVI_ABAPGIT,2021-09-22T06:22:48Z
ABAP-Cloud,13,https://github.com/TH50016548/ABAP-Cloud,2021-09-26T18:15:41Z
lennis_repo,12,https://github.com/N4ims/lennis_repo,2021-09-17T14:14:39Z
S4d400_2021_9,12,https://github.com/alinaprdl/S4d400_2021_9,2021-09-17T14:08:51Z
zswadhin,12,https://github.com/swadhinbharat/zswadhin,2021-09-06T07:52:26Z
s4d400,8,https://github.com/Exitium3000/s4d400,2021-09-17T14:38:34Z
ZABAPGIT_REP,8,https://github.com/mayurisn/ZABAPGIT_REP,2021-09-01T07:03:33Z
unit_test_fake_data,8,https://github.com/abap-code-dojo/unit_test_fake_data,2021-09-23T14:50:09Z
ASSET_09092021,7,https://github.com/aravindh-prabhakaran/ASSET_09092021,2021-09-09T09:34:59Z
demo1,7,https://github.com/samuelabap/demo1,2021-09-24T09:40:55Z
ABAPTest,6,https://github.com/CenkayArkan/ABAPTest,2021-09-06T12:26:34Z
abap-platform-rap-opensap-extension,6,https://github.com/ilaydasahiner/abap-platform-rap-opensap-extension,2021-09-21T16:13:29Z
abap-consulta-roles,6,https://github.com/elvisseguraa/abap-consulta-roles,2021-09-02T20:25:58Z
ABAPRAP,5,https://github.com/samuelabap/ABAPRAP,2021-09-21T17:25:46Z
abap-carga-imagenes-bmp,5,https://github.com/elvisseguraa/abap-carga-imagenes-bmp,2021-09-02T22:46:18Z
abap-zgraph,5,https://github.com/andretrump/abap-zgraph,2021-09-19T01:29:44Z
abap_xco_library_poc,5,https://github.com/omarshal/abap_xco_library_poc,2021-09-03T11:53:28Z
abaplint_buffered_loop,5,https://github.com/OberstVonGatow/abaplint_buffered_loop,2021-09-11T09:08:49Z
abap-ci-test,5,https://github.com/wangzixi-diablo/abap-ci-test,2021-09-11T09:47:18Z
abap-update-field-zuonr,5,https://github.com/elvisseguraa/abap-update-field-zuonr,2021-09-03T18:58:36Z
ABAP,5,https://github.com/jpmgomes95/ABAP,2021-09-04T01:19:32Z
TEST_BEACON,4,https://github.com/mbtools-archive/TEST_BEACON,2021-09-27T21:54:07Z
KK,4,https://github.com/kalikinkar27/KK,2021-09-17T07:15:48Z
abap-alv-report-flights-oop-factory,3,https://github.com/elvisseguraa/abap-alv-report-flights-oop-factory,2021-09-07T04:19:51Z
CLD400_CCM_20,3,https://github.com/danieltalob/CLD400_CCM_20,2021-09-07T05:36:53Z
ghost_variant,3,https://github.com/reyemsaibot/ghost_variant,2021-09-20T07:53:09Z
test1,3,https://github.com/samuelabap/test1,2021-09-23T16:55:07Z
stock-preparation,3,https://github.com/ABAP-prep/stock-preparation,2021-09-29T13:39:20Z
abap-anexos-doc-contable,3,https://github.com/elvisseguraa/abap-anexos-doc-contable,2021-09-02T18:58:50Z
ABAPGitRepo,3,https://github.com/guitaristanbul/ABAPGitRepo,2021-09-18T08:22:45Z
abap-cloud,3,https://github.com/acobpm/abap-cloud,2021-09-09T05:15:35Z
abap-alv-report-flights-fm-hierarchy,2,https://github.com/elvisseguraa/abap-alv-report-flights-fm-hierarchy,2021-09-06T23:05:51Z
abap-alv-report-flights-fm-list,2,https://github.com/elvisseguraa/abap-alv-report-flights-fm-list,2021-09-06T23:06:28Z
abap-alv-report-flights-oop-tree,2,https://github.com/elvisseguraa/abap-alv-report-flights-oop-tree,2021-09-07T04:19:54Z
TEST_UNUSED_DDIC,2,https://github.com/mbtools-archive/TEST_UNUSED_DDIC,2021-09-20T19:32:30Z
RAPABAPDemo,2,https://github.com/nrarora/RAPABAPDemo,2021-09-29T14:45:07Z
ABAP_TO_GIT0609,2,https://github.com/mayurisn/ABAP_TO_GIT0609,2021-09-06T06:17:18Z
abap-alv-report-flights-fm-grid,2,https://github.com/elvisseguraa/abap-alv-report-flights-fm-grid,2021-09-06T23:11:36Z
abapgit-workflow,1,https://github.com/paloma-ribeiro/abapgit-workflow,2021-09-02T18:34:54Z
RAPSample,1,https://github.com/jpavankumar89/RAPSample,2021-09-24T18:31:02Z
abapgit-workflow,1,https://github.com/SharmansShiva/abapgit-workflow,2021-09-01T15:50:28Z
abapgit-workflowT03,1,https://github.com/Gustaleme/abapgit-workflowT03,2021-09-02T17:04:45Z
Abap-Project-Mission-2,1,https://github.com/DanKN133/Abap-Project-Mission-2,2021-09-02T22:45:34Z
abap-alv-report-flights-fm-grid-lvc,1,https://github.com/elvisseguraa/abap-alv-report-flights-fm-grid-lvc,2021-09-06T23:03:22Z
abapgit-workflow,1,https://github.com/GEspinosa7/abapgit-workflow,2021-09-02T12:41:38Z
saptutorial-abapgit,1,https://github.com/joyceguerreiro/saptutorial-abapgit,2021-09-02T20:39:58Z
Projeto-Talentos-Numen,1,https://github.com/pedrovicf/Projeto-Talentos-Numen,2021-09-02T19:17:02Z
abapgit-workflow,1,https://github.com/gmoreira014/abapgit-workflow,2021-09-03T14:45:29Z
abapgitworkflow-006,1,https://github.com/thasantiago/abapgitworkflow-006,2021-09-03T15:30:22Z
abapgit-workflow-ggs,1,https://github.com/ggarcia-de-souza/abapgit-workflow-ggs,2021-09-02T15:23:38Z
abapgit-workflow,1,https://github.com/mayalves/abapgit-workflow,2021-09-06T00:50:33Z
Sviatoslaff,4,https://github.com/Sviatoslaff/Sviatoslaff,2021-09-05T09:53:50Z
-HowTo-nstallSapCodeOnGithub,0,https://github.com/kdrdeger/-HowTo-nstallSapCodeOnGithub,2021-09-27T10:17:13Z
ABAPGitExcel,22993,https://github.com/luizfiuza/ABAPGitExcel,2021-10-28T08:01:25Z
ZDEVI_PACKAGE_2,1015,https://github.com/Dindodev/ZDEVI_PACKAGE_2,2021-10-28T09:11:17Z
ABAP_Approval_documents,682,https://github.com/irodrigob/ABAP_Approval_documents,2021-10-25T15:02:57Z
abap2xlsx801,546,https://github.com/sandraros/abap2xlsx801,2021-10-24T10:44:02Z
devtoberfest-2021-security-coding-challenge,526,https://github.com/tbr0117/devtoberfest-2021-security-coding-challenge,2021-10-31T06:02:16Z
RAP-Extension,515,https://github.com/developedbysom/RAP-Extension,2021-10-21T03:28:52Z
abap-test-runner,434,https://github.com/exercism/abap-test-runner,2021-10-18T12:48:50Z
GWGuide,366,https://github.com/serhatmercan/GWGuide,2021-10-06T14:38:56Z
BD070_ABAP_Objects,326,https://github.com/Kwok-Yeung/BD070_ABAP_Objects,2021-10-19T13:34:55Z
ABAP-59_ABAP_Web_Dynpro,253,https://github.com/Logali-Group/ABAP-59_ABAP_Web_Dynpro,2021-10-26T17:00:40Z
BOPF,197,https://github.com/nikhilsimha85/BOPF,2021-10-20T19:59:38Z
http_plat,167,https://github.com/GithubLIMF/http_plat,2021-10-12T08:03:17Z
abapTechDocu,157,https://github.com/victorizbitskiy/abapTechDocu,2021-10-12T07:29:25Z
ABAP-Diff3,154,https://github.com/abapPM/ABAP-Diff3,2021-10-06T22:24:07Z
gCTSRepo,133,https://github.com/Dineshfujitsu/gCTSRepo,2021-10-08T09:09:16Z
ABAPGuide,133,https://github.com/serhatmercan/ABAPGuide,2021-10-07T14:19:05Z
ABAP-104_Modelado_OData_SAP_Gateway,132,https://github.com/Logali-Group/ABAP-104_Modelado_OData_SAP_Gateway,2021-10-04T22:58:50Z
ABAP-32_Programacion_Estructurada,107,https://github.com/Logali-Group/ABAP-32_Programacion_Estructurada,2021-10-28T17:40:15Z
AssetPerformance40,85,https://github.com/Nebulons/AssetPerformance40,2021-10-18T07:46:38Z
Abap-OO,77,https://github.com/LoloTYC/Abap-OO,2021-10-18T18:15:38Z
SAP_Flow_Chart,76,https://github.com/wingtian/SAP_Flow_Chart,2021-10-08T10:19:08Z
ABAPDateTime,91,https://github.com/AndreTeubner/ABAPDateTime,2021-10-10T09:09:41Z
cloud-abap-rap,67,https://github.com/s4d425/cloud-abap-rap,2021-10-11T09:28:08Z
mysite,66,https://github.com/lk000115/mysite,2021-10-25T07:36:46Z
programmierprojekt-package,64,https://github.com/Julian702/programmierprojekt-package,2021-10-15T14:30:53Z
WDCA,112,https://github.com/abapGit-tests/WDCA,2021-10-14T14:53:30Z
BD_400_NEW_ABAP,57,https://github.com/Kwok-Yeung/BD_400_NEW_ABAP,2021-10-19T14:25:44Z
ABAP-Diff3-Tests,56,https://github.com/abapPM/ABAP-Diff3-Tests,2021-10-17T17:55:47Z
guide-to-abap-rap-tutorial,53,https://github.com/integrtr/guide-to-abap-rap-tutorial,2021-10-18T11:42:46Z
zfe_travel_000062,50,https://github.com/chongwahng/zfe_travel_000062,2021-10-15T09:18:53Z
table_compare,47,https://github.com/reyemsaibot/table_compare,2021-10-14T09:56:33Z
gcts04,36,https://github.com/dreamer-nv/gcts04,2021-10-19T14:26:21Z
ABAP_Projects,38,https://github.com/Katczajk/ABAP_Projects,2021-10-17T18:09:58Z
ZS4D425_99_CLD,29,https://github.com/s4d425/ZS4D425_99_CLD,2021-10-11T08:52:29Z
zsm37,27,https://github.com/edgar-r-soares/zsm37,2021-10-29T11:20:12Z
ZDEVI_PACKAGE,24,https://github.com/Dindodev/ZDEVI_PACKAGE,2021-10-28T06:53:18Z
abap-library-cont.,23,https://github.com/feyzgit/abap-library-cont.,2021-10-20T11:33:08Z
ABAP-Development,23,https://github.com/xhkaragozlu/ABAP-Development,2021-10-21T21:01:50Z
zsend_email,23,https://github.com/edgar-r-soares/zsend_email,2021-10-29T09:49:35Z
CloudATCChecksDemo,21,https://github.com/thfiedler/CloudATCChecksDemo,2021-10-29T13:03:38Z
abap_idoc_json,20,https://github.com/NL4B/abap_idoc_json,2021-10-07T18:58:18Z
Template-SALV,20,https://github.com/deer26/Template-SALV,2021-10-15T13:32:24Z
abap-cloud01,19,https://github.com/XianhuiShao/abap-cloud01,2021-10-26T06:35:22Z
minesweeper,18,https://github.com/abapGames/minesweeper,2021-10-14T09:44:11Z
sap_activity_type,18,https://github.com/web-e-mage/sap_activity_type,2021-10-19T05:09:33Z
abap-rap-utilities-1909,17,https://github.com/jrodriguez-rc/abap-rap-utilities-1909,2021-10-12T07:38:13Z
zbatch_input,17,https://github.com/edgar-r-soares/zbatch_input,2021-10-29T11:53:05Z
DesignByContract,16,https://github.com/hardyp/DesignByContract,2021-10-16T07:13:31Z
abap-singleton-factory,16,https://github.com/bufiku/abap-singleton-factory,2021-10-06T13:58:22Z
OCPFactory,16,https://github.com/hardyp/OCPFactory,2021-10-18T06:52:30Z
zstrust,16,https://github.com/mkysoft/zstrust,2021-10-22T12:52:38Z
project_ps_abap,15,https://github.com/gleilsonalves/project_ps_abap,2021-10-01T19:09:27Z
mdalvreport,14,https://github.com/Postavka/mdalvreport,2021-10-12T11:42:39Z
sap_profit_center,14,https://github.com/web-e-mage/sap_profit_center,2021-10-19T14:14:29Z
abap_library,13,https://github.com/Eshabil/abap_library,2021-10-18T14:36:21Z
ztravel_app,13,https://github.com/janisbaikovs/ztravel_app,2021-10-17T16:08:17Z
TEST_INLINE,12,https://github.com/mbtools/TEST_INLINE,2021-10-17T20:35:26Z
FunctionModuleWrapper,11,https://github.com/hardyp/FunctionModuleWrapper,2021-10-17T09:31:18Z
hey-jude,11,https://github.com/abap-code-dojo/hey-jude,2021-10-08T15:32:10Z
XSLT_ref,10,https://github.com/abapGit-tests/XSLT_ref,2021-10-03T20:19:36Z
gcts,9,https://github.com/demogcts/gcts,2021-10-22T08:42:20Z
abap_marble,8,https://github.com/abapGames/abap_marble,2021-10-13T15:13:57Z
z_deleted_test,7,https://github.com/Lutzi3/z_deleted_test,2021-10-22T07:39:08Z
tcp-client,7,https://github.com/KirylYurhulski/tcp-client,2021-10-26T11:41:34Z
first_project,5,https://github.com/feyzgit/first_project,2021-10-21T06:25:32Z
zabap_algorithms,5,https://github.com/narendran-nv/zabap_algorithms,2021-10-02T12:20:56Z
calculator,5,https://github.com/feyzgit/calculator,2021-10-21T06:19:20Z
observation-new_void_type_usage,4,https://github.com/heliconialabs/observation-new_void_type_usage,2021-10-14T06:41:01Z
ABAP-MEMORY-GAME,4,https://github.com/xtbirihan/ABAP-MEMORY-GAME,2021-10-29T15:40:10Z
ag_subs_bug,4,https://github.com/sbcgua/ag_subs_bug,2021-10-02T16:20:11Z
ZDEVI_PACKAGE_1,4,https://github.com/Dindodev/ZDEVI_PACKAGE_1,2021-10-28T07:21:24Z
foobar,3,https://github.com/mbtools/foobar,2021-10-19T21:15:45Z
Use-of-FB01,3,https://github.com/jbatista27/Use-of-FB01,2021-10-18T13:13:31Z
sending_email,3,https://github.com/jbatista27/sending_email,2021-10-07T19:17:36Z
Use-of-FB05,3,https://github.com/jbatista27/Use-of-FB05,2021-10-15T18:56:00Z
SXCI,3,https://github.com/abapGit-tests/SXCI,2021-10-04T14:52:18Z
abapgit,3,https://github.com/adbeera/abapgit,2021-10-26T16:19:40Z
SCP_ABAP,2,https://github.com/volkerbaum/SCP_ABAP,2021-10-09T18:59:21Z
test,2,https://github.com/sebasgoldberg/test,2021-10-27T20:30:13Z
business_suite,1,https://github.com/dpi1984/business_suite,2021-10-20T14:33:25Z
testamb,1,https://github.com/sebasgoldberg/testamb,2021-10-28T17:49:07Z
fiori-elements-opensap,64107,https://github.com/cleitondias/fiori-elements-opensap,2021-11-18T23:26:42Z
Abapgit_Arjun,23054,https://github.com/IN22382/Abapgit_Arjun,2021-11-17T07:50:08Z
CAST-SAP-Repo,9308,https://github.com/indumathys/CAST-SAP-Repo,2021-11-16T11:13:54Z
abapgit-bep,1159,https://github.com/ElsonM/abapgit-bep,2021-11-15T11:54:17Z
zsql_test_double_framework,1112,https://github.com/raaleksandr/zsql_test_double_framework,2021-11-15T14:25:10Z
github-aby,1109,https://github.com/adityaharsono/github-aby,2021-11-08T07:22:45Z
SEW-Integration-Template,1083,https://github.com/haukevettermann/SEW-Integration-Template,2021-11-30T11:21:52Z
ZMP_YPP,417,https://github.com/MaxPauls/ZMP_YPP,2021-11-29T12:57:52Z
ZBC_YASH,336,https://github.com/Yashavant/ZBC_YASH,2021-11-30T17:09:24Z
Rel-prodution-real-plan,252,https://github.com/ailsonluis/Rel-prodution-real-plan,2021-11-12T12:37:39Z
abap_rap,224,https://github.com/fredymb/abap_rap,2021-11-16T15:45:39Z
GITHUB_ABAP_DEMO,201,https://github.com/Chupakebr/GITHUB_ABAP_DEMO,2021-11-08T09:37:51Z
Test,147,https://github.com/haukevettermann/Test,2021-11-17T07:05:43Z
ZGCTS_WRGCTS_PREP,140,https://github.com/dreamer-nv/ZGCTS_WRGCTS_PREP,2021-11-23T14:43:10Z
ABAP_WEBSHOP,132,https://github.com/TobiasNeidhardt/ABAP_WEBSHOP,2021-11-25T09:54:55Z
grc_s4tax_vtin,127,https://github.com/seidorveritas/grc_s4tax_vtin,2021-11-30T18:16:36Z
ABAP-SSR,120,https://github.com/DogukanP/ABAP-SSR,2021-11-22T15:15:07Z
devops_for_techstack,107,https://github.com/git4operate/devops_for_techstack,2021-11-19T09:50:08Z
gwtools,107,https://github.com/attilaberencsi/gwtools,2021-11-29T21:20:01Z
Reservas_dhl,91,https://github.com/DanielHdez/Reservas_dhl,2021-11-14T17:42:17Z
ABAP,80,https://github.com/HerrAlrefaei/ABAP,2021-11-19T12:59:21Z
travel_mk,73,https://github.com/m-keles/travel_mk,2021-11-19T12:46:36Z
travel_km,73,https://github.com/Kenan2020/travel_km,2021-11-19T12:46:44Z
ZFPM_FILE_ATTACH,65,https://github.com/boy0korea/ZFPM_FILE_ATTACH,2021-11-11T04:36:13Z
AOC-2021,64,https://github.com/MBartsch71/AOC-2021,2021-11-30T14:33:31Z
ABAP,62,https://github.com/ChristopherHOliveira/ABAP,2021-11-18T11:25:27Z
grc_vtpr,60,https://github.com/seidorveritas/grc_vtpr,2021-11-30T18:29:49Z
abap_guideline,63,https://github.com/fahridon/abap_guideline,2021-11-24T10:33:40Z
Abap-Project,52,https://github.com/SelahattinAbis/Abap-Project,2021-11-19T14:29:43Z
zru_number_validation,48,https://github.com/sap-russia/zru_number_validation,2021-11-30T18:10:06Z
KPIBM,74,https://github.com/pmeleven/KPIBM,2021-11-03T23:58:44Z
zip-diff,47,https://github.com/sandraros/zip-diff,2021-11-27T14:16:40Z
PlainABAPRestService,46,https://github.com/s-cbrunn/PlainABAPRestService,2021-11-16T20:39:48Z
gitdemo,42,https://github.com/mialma-Eus/gitdemo,2021-11-10T17:53:10Z
BD080-Fehlerhandling,35,https://github.com/Kwok-Yeung/BD080-Fehlerhandling,2021-11-19T15:17:31Z
NEWABAP7.5,35,https://github.com/developer-lk/NEWABAP7.5,2021-11-19T06:40:23Z
legacy-code-ws-day-1,32,https://github.com/CiozZ/legacy-code-ws-day-1,2021-11-04T09:28:35Z
rap_learning,27,https://github.com/swadhinbharat/rap_learning,2021-11-05T18:09:41Z
ABAPMinesweeper,26,https://github.com/devstylator/ABAPMinesweeper,2021-11-09T13:28:24Z
abap-aws-s3,25,https://github.com/tmhew/abap-aws-s3,2021-11-30T07:25:40Z
rap-order-scenario,24,https://github.com/ilaydasahiner/rap-order-scenario,2021-11-04T16:26:49Z
TEST-Todo-to-Issue,24,https://github.com/mbtools/TEST-Todo-to-Issue,2021-11-09T15:33:21Z
zatb_hier_trial,23,https://github.com/attilaberencsi/zatb_hier_trial,2021-11-23T22:49:56Z
MROOrder,23,https://github.com/syedshadan/MROOrder,2021-11-19T08:29:05Z
ID10001435,22,https://github.com/rubbyguntara/ID10001435,2021-11-10T06:00:24Z
BD090-Miniatur,19,https://github.com/Kwok-Yeung/BD090-Miniatur,2021-11-15T20:01:31Z
ZWD_C_TABLE_PLUS,17,https://github.com/boy0korea/ZWD_C_TABLE_PLUS,2021-11-23T08:53:38Z
splitter_configuration,17,https://github.com/tricktresor/splitter_configuration,2021-11-27T13:50:20Z
gCTS3,19,https://github.com/MatthiasATBTC/gCTS3,2021-11-17T09:12:38Z
azure-functions-v4-abap-template,16,https://github.com/open-abap/azure-functions-v4-abap-template,2021-11-23T14:03:06Z
mc_112021,16,https://github.com/mr-whitefoot/mc_112021,2021-11-15T14:10:17Z
zevolving_design_pattern,16,https://github.com/tricktresor/zevolving_design_pattern,2021-11-05T12:06:37Z
TEST-ACTIONS,14,https://github.com/mbtools/TEST-ACTIONS,2021-11-19T18:28:57Z
ZRIDDLE_CATBOX,13,https://github.com/stefohohoh/ZRIDDLE_CATBOX,2021-11-15T15:30:30Z
ABAPGIT-DEMO,13,https://github.com/DogukanP/ABAPGIT-DEMO,2021-11-23T07:12:02Z
ZCL_CO_PRODUCT_COST,12,https://github.com/ailsonluis/ZCL_CO_PRODUCT_COST,2021-11-03T10:47:57Z
abap7.5,12,https://github.com/developer-lk/abap7.5,2021-11-19T07:01:33Z
northwindmodel,11,https://github.com/bobxu901/northwindmodel,2021-11-08T01:37:08Z
repository_tree,11,https://github.com/tricktresor/repository_tree,2021-11-25T14:44:23Z
abap-email-parser,9,https://github.com/milden6/abap-email-parser,2021-11-09T17:16:08Z
ABAP_Encrypt,9,https://github.com/irodrigob/ABAP_Encrypt,2021-11-22T12:11:33Z
generated-sap-event-mesh-openapi,9,https://github.com/abap-openapi/generated-sap-event-mesh-openapi,2021-11-16T07:48:44Z
sap_abap_pub,8,https://github.com/belov-av-git/sap_abap_pub,2021-11-17T14:57:26Z
z00_tvarvc,7,https://github.com/quicksnac/z00_tvarvc,2021-11-03T10:16:32Z
ZABAP_GIT_TEST,7,https://github.com/Archanamahesh/ZABAP_GIT_TEST,2021-11-22T15:09:08Z
Z_STVARV,8,https://github.com/ABAP-Lib/Z_STVARV,2021-11-12T14:13:13Z
CodeGenerator,5,https://github.com/lovalace/CodeGenerator,2021-11-25T12:18:36Z
Email-Wrapper,5,https://github.com/gurpreetjaspal/Email-Wrapper,2021-11-10T02:05:33Z
static-object-handlers,5,https://github.com/abapGit/static-object-handlers,2021-11-26T10:54:33Z
CL_SALV_TABLE-Template,5,https://github.com/aufaraditya/CL_SALV_TABLE-Template,2021-11-28T10:26:09Z
abapgit-workflow,4,https://github.com/HiralShah3/abapgit-workflow,2021-11-11T06:52:29Z
bvideo,4,https://github.com/bobxu901/bvideo,2021-11-23T08:26:39Z
ZTEST_PACKAGE_STRUCTURE,4,https://github.com/eoud/ZTEST_PACKAGE_STRUCTURE,2021-11-03T16:40:20Z
ZDEMO_ONE,3,https://github.com/vowuweb/ZDEMO_ONE,2021-11-28T20:00:18Z
share-memory,3,https://github.com/edmilson-nascimento/share-memory,2021-11-13T15:19:11Z
abap_gol_demo,3,https://github.com/ceedee666/abap_gol_demo,2021-11-19T10:57:47Z
abapgit-test,3,https://github.com/heriyantoliu/abapgit-test,2021-11-09T10:26:23Z
bw_monitor,3,https://github.com/reyemsaibot/bw_monitor,2021-11-22T15:17:20Z
abapgit-review-plugin,3,https://github.com/germanysources/abapgit-review-plugin,2021-11-23T08:13:57Z
abapgit-demo1,2,https://github.com/SharmaRahul18/abapgit-demo1,2021-11-28T07:50:57Z
ale_idoc,2,https://github.com/gaode2024/ale_idoc,2021-11-27T07:30:29Z
TESTABAPGIT,2,https://github.com/petracksp/TESTABAPGIT,2021-11-26T13:01:54Z
ABAPgit,1,https://github.com/JanVerreydt/ABAPgit,2021-11-16T21:03:54Z
docs.abapgit.org,57843,https://github.com/abapGit/docs.abapgit.org,2021-12-11T08:10:29Z
SAP-ABAP-LIBRARY-SYSTEM-PROJECT,2056,https://github.com/Debabrata-Barui/SAP-ABAP-LIBRARY-SYSTEM-PROJECT,2021-12-26T07:14:33Z
Coding_Snippets,1249,https://github.com/dsadm/Coding_Snippets,2021-12-22T08:50:38Z
Projects,1090,https://github.com/feyzgit/Projects,2021-12-29T09:30:23Z
steampunk-2111-api,962,https://github.com/abapedia/steampunk-2111-api,2021-12-03T06:07:07Z
open-table-maintenance,903,https://github.com/open-abap/open-table-maintenance,2021-12-13T11:13:43Z
AbapToTheFuture4,558,https://github.com/Isra40/AbapToTheFuture4,2021-12-10T13:49:39Z
abap_onpremise_git,553,https://github.com/hecric7/abap_onpremise_git,2021-12-13T18:59:47Z
abapCDS,247,https://github.com/abdullahatan/abapCDS,2021-12-13T20:12:12Z
ICM,205,https://github.com/Kris1986-pl/ICM,2021-12-12T19:18:59Z
MHP-Migration-Template,163,https://github.com/haukevettermann/MHP-Migration-Template,2021-12-15T09:38:46Z
ALV-Interactive-Report-in-SAP-ABAP,155,https://github.com/Debabrata-Barui/ALV-Interactive-Report-in-SAP-ABAP,2021-12-03T09:24:03Z
batch-input-transporting,142,https://github.com/DogukanP/batch-input-transporting,2021-12-20T16:56:18Z
ABAP_Plant-_Maintenance,132,https://github.com/irunepan/ABAP_Plant-_Maintenance,2021-12-01T09:39:00Z
ZRUBBY_FIORI_TRAINING,112,https://github.com/rubbyguntara/ZRUBBY_FIORI_TRAINING,2021-12-22T10:53:07Z
SAP,92,https://github.com/Hongsy93/SAP,2021-12-29T00:14:06Z
advent-of-code-2021,85,https://github.com/wozjac/advent-of-code-2021,2021-12-06T15:44:07Z
WRGCTS21_1,78,https://github.com/yury-permiakov/WRGCTS21_1,2021-12-02T11:01:01Z
ABAP-HTML-eMail,75,https://github.com/vidyadharg/ABAP-HTML-eMail,2021-12-27T10:17:03Z
sanctions-abap,70,https://github.com/sanctionsio/sanctions-abap,2021-12-04T22:25:48Z
abap_scp,65,https://github.com/hecric7/abap_scp,2021-12-08T19:54:12Z
zosa_RAP,64,https://github.com/O-Savin/zosa_RAP,2021-12-20T08:53:42Z
ABAP,63,https://github.com/VictorSchweersFarmFrites/ABAP,2021-12-13T19:07:52Z
abap-advent-2021,57,https://github.com/gregorwolf/abap-advent-2021,2021-12-04T18:37:38Z
ABAP_TEMPLATES,64,https://github.com/lexusdj/ABAP_TEMPLATES,2021-12-10T16:07:32Z
SAP-RAP-Booking-App,54,https://github.com/MC2k/SAP-RAP-Booking-App,2021-12-14T10:11:25Z
WRGCTS21_4,53,https://github.com/EspiUsik/WRGCTS21_4,2021-12-02T12:20:14Z
bw_adso_bof,52,https://github.com/pawelwiejkut/bw_adso_bof,2021-12-28T17:48:06Z
xslt-rename-xlsx-ns-prefixes,50,https://github.com/sandraros/xslt-rename-xlsx-ns-prefixes,2021-12-28T21:09:12Z
WRGCTS21_2,47,https://github.com/bav-22/WRGCTS21_2,2021-12-02T12:04:45Z
SAP_tst,46,https://github.com/poisoned-monkey/SAP_tst,2021-12-02T11:24:29Z
aoc2021-abap,43,https://github.com/JaegerMa/aoc2021-abap,2021-12-07T07:40:09Z
abapdocs-code-scanner,43,https://github.com/tf-Franz-Seidl/abapdocs-code-scanner,2021-12-01T14:38:11Z
WRGCTS21_0,40,https://github.com/dreamer-nv/WRGCTS21_0,2021-12-02T11:24:28Z
ZCL_ALV_MULTI,39,https://github.com/Limiter-hao/ZCL_ALV_MULTI,2021-12-09T08:01:07Z
ZRAP400_0011,36,https://github.com/derl-schnip/ZRAP400_0011,2021-12-14T12:41:18Z
AdventOfCode2021,33,https://github.com/chaliluc/AdventOfCode2021,2021-12-02T16:19:35Z
rap-movie-db,30,https://github.com/rzhn/rap-movie-db,2021-12-09T17:31:39Z
abap_scp,29,https://github.com/tescsistemas/abap_scp,2021-12-14T05:11:21Z
abap_scp_renting,27,https://github.com/fiorisap007/abap_scp_renting,2021-12-29T22:57:16Z
ABAP-Fiori-MovieDB,27,https://github.com/Tr33Bug/ABAP-Fiori-MovieDB,2021-12-06T17:46:26Z
PopPup-Clipboard,27,https://github.com/Luan-Victor/PopPup-Clipboard,2021-12-22T18:40:15Z
abaplint_dummy,27,https://github.com/BlackmanCC/abaplint_dummy,2021-12-29T15:19:08Z
Abap-ADT,25,https://github.com/Enzo1975/Abap-ADT,2021-12-14T16:12:21Z
Advent_of_Code_2021,23,https://github.com/hendrik77/Advent_of_Code_2021,2021-12-01T15:47:51Z
abap-aws-lambda,22,https://github.com/tmhew/abap-aws-lambda,2021-12-06T20:30:45Z
oip_gcts_test_01,22,https://github.com/vgonzcam/oip_gcts_test_01,2021-12-01T09:57:47Z
WebServices,21,https://github.com/erdisevran/WebServices,2021-12-02T15:06:49Z
abap-binary-tools,20,https://github.com/MBartsch71/abap-binary-tools,2021-12-04T21:56:41Z
ABAP_BTP_TUTORIALS,20,https://github.com/vijayendrarao/ABAP_BTP_TUTORIALS,2021-12-21T20:31:52Z
oip_gcts_test_02,18,https://github.com/vgonzcam/oip_gcts_test_02,2021-12-02T11:09:14Z
fiori-launchpad-app-support,16,https://github.com/SAP-archive/fiori-launchpad-app-support,2021-12-10T17:27:01Z
Nizard_Melliti_2021_12,14,https://github.com/nizard-melliti/Nizard_Melliti_2021_12,2021-12-30T22:23:43Z
cGTS_test,14,https://github.com/Cgonzalr/cGTS_test,2021-12-01T19:15:40Z
abapconf-demo,13,https://github.com/frankjentsch/abapconf-demo,2021-12-18T20:31:39Z
gitsaplearn,13,https://github.com/perfectdev/gitsaplearn,2021-12-02T12:01:50Z
ABAP-MVC-Design-Pattern-Template,12,https://github.com/aufaraditya/ABAP-MVC-Design-Pattern-Template,2021-12-03T11:58:08Z
oo-alv-hanife,12,https://github.com/hotbasan/oo-alv-hanife,2021-12-27T08:36:05Z
luk_demo_01,11,https://github.com/dreamer-nv/luk_demo_01,2021-12-17T09:54:13Z
sap_mass_role_compare,10,https://github.com/fgpeixo/sap_mass_role_compare,2021-12-03T09:01:57Z
ABAP-Abstract-Factory-Design-Pattern-Template,10,https://github.com/aufaraditya/ABAP-Abstract-Factory-Design-Pattern-Template,2021-12-02T12:41:42Z
CLAS_docu,10,https://github.com/abapGit-tests/CLAS_docu,2021-12-12T19:18:50Z
ABAP-REUSE_ALV_DISPLAY_GRID,10,https://github.com/Melisvrn/ABAP-REUSE_ALV_DISPLAY_GRID,2021-12-30T13:08:12Z
interface_example,10,https://github.com/Keller-Michael/interface_example,2021-12-27T20:16:20Z
ABAP-Factory-Design-Pattern-Template,9,https://github.com/aufaraditya/ABAP-Factory-Design-Pattern-Template,2021-12-01T16:15:56Z
alarm_clock,9,https://github.com/Keller-Michael/alarm_clock,2021-12-18T13:11:35Z
devlopnew,9,https://github.com/Deepaks74/devlopnew,2021-12-22T03:28:06Z
abap,8,https://github.com/alzoi/abap,2021-12-10T04:00:50Z
abap,7,https://github.com/monitor4703/abap,2021-12-20T13:10:52Z
test2,7,https://github.com/Mcanipekci/test2,2021-12-15T11:28:06Z
ZEWM_CONDENSE,5,https://github.com/Sgudkov/ZEWM_CONDENSE,2021-12-02T07:16:41Z
ZPOC_BRANCHES,5,https://github.com/smuhsb/ZPOC_BRANCHES,2021-12-15T02:51:33Z
dtp_filter_concept,5,https://github.com/reyemsaibot/dtp_filter_concept,2021-12-07T14:28:55Z
abap-brainfuck,5,https://github.com/jpnqs/abap-brainfuck,2021-12-11T23:11:15Z
atc,5,https://github.com/hunamm/atc,2021-12-20T14:44:38Z
TestBranch,4,https://github.com/germangonzalez01/TestBranch,2021-12-20T13:42:26Z
abapgit-workflow,4,https://github.com/Yodyna/abapgit-workflow,2021-12-16T14:56:50Z
ABAP-Snippets-740-,4,https://github.com/eflorentino25/ABAP-Snippets-740-,2021-12-27T19:51:30Z
designPatterns,3,https://github.com/Alencardf/designPatterns,2021-12-13T20:55:24Z
abapgit2,3,https://github.com/fredymb/abapgit2,2021-12-30T16:04:55Z
WGCST21_0_abapGit,3,https://github.com/dreamer-nv/WGCST21_0_abapGit,2021-12-03T12:59:39Z
assign_component,3,https://github.com/feyzgit/assign_component,2021-12-31T06:35:55Z
sap-uuid,3,https://github.com/bradly1618/sap-uuid,2021-12-24T23:27:15Z
abapgit,3,https://github.com/bugsanderrors/abapgit,2021-12-29T05:30:34Z
Abab_GIT,2,https://github.com/Yodyna/Abab_GIT,2021-12-17T13:54:13Z
abap_testdoubles_sample,2,https://github.com/sodogan/abap_testdoubles_sample,2021-12-07T12:16:13Z
ABAP_7.4,3,https://github.com/ABAPMachine/ABAP_7.4,2021-12-17T21:26:49Z
ZNUMBER_GET_NEXT_EXT,2,https://github.com/Sgudkov/ZNUMBER_GET_NEXT_EXT,2021-12-21T17:16:20Z
abapgitIC,2,https://github.com/chakrabartyi/abapgitIC,2021-12-19T12:53:45Z
Branch,2,https://github.com/germangonzalezm/Branch,2021-12-17T20:53:43Z
abap_onpremise,1,https://github.com/hecric7/abap_onpremise,2021-12-13T18:25:31Z
WRGCTS21_ABAPGIT_2,1,https://github.com/bav-22/WRGCTS21_ABAPGIT_2,2021-12-03T13:05:09Z
WRGCTS21_ABAPGIT_4,1,https://github.com/EspiUsik/WRGCTS21_ABAPGIT_4,2021-12-03T13:18:03Z
test,1,https://github.com/ggonzalezkse/test,2021-12-09T17:25:40Z
WRGCTS21_ABAP_GIT_1,1,https://github.com/yury-permiakov/WRGCTS21_ABAP_GIT_1,2021-12-03T13:23:35Z
abapgit,1,https://github.com/fredymb/abapgit,2021-12-30T15:08:55Z
abapgit-btptest,1,https://github.com/vc19837/abapgit-btptest,2021-12-15T03:13:46Z
test17-12,1,https://github.com/germangonzalez01/test17-12,2021-12-17T17:14:06Z
INCLUDE_PROGRAM,0,https://github.com/Debabrata-Barui/INCLUDE_PROGRAM,2021-12-26T07:32:34Z
edu_sap_in_cloud_rus,27635,https://github.com/basisteam-io/edu_sap_in_cloud_rus,2022-01-01T18:55:46Z
Abap2xls,23574,https://github.com/pmallikarjun/Abap2xls,2022-01-25T14:31:18Z
MAR2022,5250,https://github.com/keremkoseoglu/MAR2022,2022-01-29T13:28:27Z
ABAP_Programs,2117,https://github.com/TomiCoronado/ABAP_Programs,2022-01-06T19:04:39Z
abapPM,1627,https://github.com/abapPM/abapPM,2022-01-21T13:43:22Z
gCTS_Test,990,https://github.com/Jpatel2049/gCTS_Test,2022-01-21T17:19:33Z
zwordle,753,https://github.com/hdegroot/zwordle,2022-01-16T21:41:34Z
SAP_TRAINING_S4D430_22_01,593,https://github.com/jak231024/SAP_TRAINING_S4D430_22_01,2022-01-20T10:14:14Z
Programmier_Projekt_bis_28.01.2022_Vol2,582,https://github.com/GAL1LAO/Programmier_Projekt_bis_28.01.2022_Vol2,2022-01-28T16:18:43Z
Programmier_Projekt_bis_28.01.2022,580,https://github.com/GAL1LAO/Programmier_Projekt_bis_28.01.2022,2022-01-28T15:43:50Z
MyRepository,528,https://github.com/iswitch1985/MyRepository,2022-01-06T06:18:52Z
object-existence,56,https://github.com/abapedia/object-existence,2022-01-14T11:51:48Z
abapCLEAN,209,https://github.com/abdullahatan/abapCLEAN,2022-01-31T14:41:09Z
exercism-test,199,https://github.com/larshp/exercism-test,2022-01-05T10:35:58Z
express-icf-shim,217,https://github.com/open-abap/express-icf-shim,2022-01-10T12:28:14Z
zcl_po_features,174,https://github.com/ailsonluis/zcl_po_features,2022-01-19T11:44:16Z
ABAPMOVIE06,138,https://github.com/masterries/ABAPMOVIE06,2022-01-27T16:11:17Z
dbg_value_statement,122,https://github.com/alaible/dbg_value_statement,2022-01-10T22:59:53Z
s4hana-gcts,107,https://github.com/SAP-samples/s4hana-gcts,2022-01-26T17:10:20Z
AbapPublic,102,https://github.com/Cakmakci/AbapPublic,2022-01-06T09:27:12Z
SAP-ABAP-practices,101,https://github.com/DogukanP/SAP-ABAP-practices,2022-01-24T15:31:49Z
demo-sales-order,93,https://github.com/gregorwolf/demo-sales-order,2022-01-23T10:38:51Z
BSCI-BTP-POC,61,https://github.com/srijayant/BSCI-BTP-POC,2022-01-10T05:55:08Z
abapCTE,63,https://github.com/abdullahatan/abapCTE,2022-01-17T18:09:42Z
cmnu,46,https://github.com/appknight/cmnu,2022-01-13T17:23:17Z
ZISS_CINEMA,39,https://github.com/epamSAPPoC/ZISS_CINEMA,2022-01-24T08:10:20Z
ABAP_Cloud,36,https://github.com/jvasquezh/ABAP_Cloud,2022-01-28T02:50:55Z
ibait_programmierprojekt_cds,36,https://github.com/ItsZiroy/ibait_programmierprojekt_cds,2022-01-14T13:29:12Z
real1011,34,https://github.com/gwang131616/real1011,2022-01-10T05:43:31Z
abap_cds_tp,31,https://github.com/sodogan/abap_cds_tp,2022-01-28T10:43:49Z
abapdocs-code-scanner,31,https://github.com/twinformatics/abapdocs-code-scanner,2022-01-28T11:38:24Z
ZRK_OO_PROCUREMENT,32,https://github.com/koradaramjee789/ZRK_OO_PROCUREMENT,2022-01-05T09:10:14Z
git_abap_explorer,27,https://github.com/hqmxlyx/git_abap_explorer,2022-01-11T08:14:09Z
TesteABAPGit,26,https://github.com/jorgeherreroblanco/TesteABAPGit,2022-01-13T15:36:44Z
abap_job_utils,25,https://github.com/alaible/abap_job_utils,2022-01-18T20:57:29Z
ibait_programmierprojekt_abap,24,https://github.com/ItsZiroy/ibait_programmierprojekt_abap,2022-01-14T13:25:45Z
yjtc002,24,https://github.com/mhaopacheco/yjtc002,2022-01-07T23:33:36Z
new_abap_features,21,https://github.com/abap-code-dojo/new_abap_features,2022-01-17T11:10:42Z
channels_abap,20,https://github.com/heriyantoliu/channels_abap,2022-01-26T06:41:15Z
sapox,17,https://github.com/N4ims/sapox,2022-01-14T16:30:49Z
test,17,https://github.com/shirleycr2018/test,2022-01-10T18:22:34Z
test4,15,https://github.com/Mcanipekci/test4,2022-01-11T07:38:44Z
ABAP_debuggger_scripts,14,https://github.com/christianguenter2/ABAP_debuggger_scripts,2022-01-10T07:58:58Z
SPLIT_ALV,14,https://github.com/Melisvrn/SPLIT_ALV,2022-01-29T19:23:10Z
ABAP,14,https://github.com/phmarcos/ABAP,2022-01-06T17:34:41Z
Reusable,13,https://github.com/Hongsy93/Reusable,2022-01-17T08:15:20Z
EXCEL_MAIL_GONDER,13,https://github.com/Melisvrn/EXCEL_MAIL_GONDER,2022-01-01T03:34:53Z
abapgit-workflow,12,https://github.com/eneveux/abapgit-workflow,2022-01-19T14:22:43Z
abapgit_test,12,https://github.com/sodogan/abapgit_test,2022-01-26T09:46:45Z
excel-to-internal-table,13,https://github.com/edmilson-nascimento/excel-to-internal-table,2022-01-27T13:39:34Z
abap_base_utils,11,https://github.com/alaible/abap_base_utils,2022-01-18T19:58:31Z
devopsnew,11,https://github.com/Deepaks74/devopsnew,2022-01-03T07:19:43Z
json-convert,11,https://github.com/edmilson-nascimento/json-convert,2022-01-10T22:19:33Z
BTP-APAP,10,https://github.com/NobuMatu/BTP-APAP,2022-01-10T12:02:49Z
rap_samples_1,9,https://github.com/miyasuta/rap_samples_1,2022-01-04T21:30:20Z
icon,8,https://github.com/appknight/icon,2022-01-24T12:45:26Z
demo2,8,https://github.com/shuconsulting/demo2,2022-01-19T09:24:27Z
tes1,7,https://github.com/shirleycr2018/tes1,2022-01-11T02:05:34Z
abapgit_DTR30,7,https://github.com/aglorie/abapgit_DTR30,2022-01-27T14:52:25Z
abaplint-app-dependent-action,6,https://github.com/heliconialabs/abaplint-app-dependent-action,2022-01-27T07:24:01Z
borrar04,6,https://github.com/germangonzalez01/borrar04,2022-01-13T02:27:56Z
abapgit-reproduce-issue-5262,5,https://github.com/sandraros/abapgit-reproduce-issue-5262,2022-01-11T19:21:07Z
abapCRCcalc,5,https://github.com/f1se4/abapCRCcalc,2022-01-14T10:38:29Z
test05,4,https://github.com/KSE-BTP/test05,2022-01-13T14:21:51Z
ZCL_CONTROLLED_PRODUCT,4,https://github.com/ailsonluis/ZCL_CONTROLLED_PRODUCT,2022-01-19T12:09:28Z
ABAPGIT_FUGR_STANDARD_INCLUDE,4,https://github.com/yellappam/ABAPGIT_FUGR_STANDARD_INCLUDE,2022-01-21T01:30:10Z
pict,4,https://github.com/appknight/pict,2022-01-13T17:43:18Z
ABAP-Code,4,https://github.com/Sazzad-Saju/ABAP-Code,2022-01-03T21:01:38Z
HelloWorld,3,https://github.com/SAP-Demos/HelloWorld,2022-01-17T10:22:29Z
BTP_FR71,2,https://github.com/FR71/BTP_FR71,2022-01-18T13:08:15Z
FioriElements,2,https://github.com/Alencardf/FioriElements,2022-01-02T15:27:13Z
report_chargs_expired,2,https://github.com/ailsonluis/report_chargs_expired,2022-01-19T14:02:22Z
abapTest,2,https://github.com/digamana/abapTest,2022-01-22T04:28:22Z
ABAPGitExample,1,https://github.com/fatihInan1/ABAPGitExample,2022-01-25T12:51:22Z
abapgit-workflow,1,https://github.com/JelenaCeperkovicIM34g2013/abapgit-workflow,2022-01-06T11:03:12Z
gitvini_4jan2022,1,https://github.com/vinitharaj84/gitvini_4jan2022,2022-01-04T05:26:12Z
githubvini,1,https://github.com/vinitharaj84/githubvini,2022-01-04T06:15:47Z
sap-abap-xlst-email-attachment-,1,https://github.com/akshayrajkumar/sap-abap-xlst-email-attachment-,2022-01-24T15:33:59Z
TESTAPAB,1,https://github.com/pianistprogrammer/TESTAPAB,2022-01-28T08:27:00Z
YES_A_BETTER_FIORI_GROUP_TOOL,0,https://github.com/elgoher/YES_A_BETTER_FIORI_GROUP_TOOL,2022-01-12T20:52:05Z
Z1,0,https://github.com/zloi1u/Z1,2022-01-11T17:06:11Z
TechED2017byJasper07,11346,https://github.com/anugrahgj/TechED2017byJasper07,2022-02-03T07:33:33Z
abap,5081,https://github.com/H00fie/abap,2022-02-06T11:54:32Z
zgeocode,4623,https://github.com/gregorwolf/zgeocode,2022-02-25T12:58:11Z
ABAP_CLD_ZLOCAL,2044,https://github.com/anugrahgj/ABAP_CLD_ZLOCAL,2022-02-06T11:26:28Z
moodle,1756,https://github.com/bvargassnp/moodle,2022-02-17T18:06:46Z
trip-service-istvan-ollie,1600,https://github.com/academy-jan-2022/trip-service-istvan-ollie,2022-02-14T10:44:28Z
abap-file-formats-tools,715,https://github.com/SAP/abap-file-formats-tools,2022-02-15T16:06:52Z
steampunk-2202-api,690,https://github.com/abapedia/steampunk-2202-api,2022-02-21T07:01:06Z
POC,674,https://github.com/ChuongLe-CN/POC,2022-02-21T19:27:35Z
abaplibrary,670,https://github.com/abdulhalk/abaplibrary,2022-02-11T14:36:21Z
tennis-refactoring-kata,574,https://github.com/paulden/tennis-refactoring-kata,2022-02-02T08:31:19Z
Tennis-Refactoring-Kata-mob-two,543,https://github.com/academy-jan-2022/Tennis-Refactoring-Kata-mob-two,2022-02-11T13:12:43Z
yezfi0,371,https://github.com/stmjoj/yezfi0,2022-02-13T13:55:47Z
POCs,357,https://github.com/Advocacy-Team/POCs,2022-02-02T14:26:34Z
sap-abap,320,https://github.com/MigRam/sap-abap,2022-02-02T18:42:01Z
ABAP,222,https://github.com/jhcho2102/ABAP,2022-02-27T23:57:09Z
LOGISTICS_INCIDENTS,166,https://github.com/koch44/LOGISTICS_INCIDENTS,2022-02-11T15:15:04Z
SAP-FIORI-zui5_training-services,116,https://github.com/andrew2630/SAP-FIORI-zui5_training-services,2022-02-11T17:02:02Z
gproject,99,https://github.com/AutoEla/gproject,2022-02-09T10:40:02Z
Programmierprojekt,88,https://github.com/JulianHBuecher/Programmierprojekt,2022-02-28T15:52:38Z
zwordle-downport,87,https://github.com/mbtools/zwordle-downport,2022-02-24T21:43:29Z
abapGit,84,https://github.com/qiyanwang0/abapGit,2022-02-07T12:09:41Z
Design_Pattern_ABAP,80,https://github.com/chandras-space/Design_Pattern_ABAP,2022-02-24T20:40:37Z
CI-downport,59,https://github.com/mbtools/CI-downport,2022-02-24T12:38:43Z
git_ztoad,51,https://github.com/hqmxlyx/git_ztoad,2022-02-22T07:20:15Z
sap_rap_cinema_tests,47,https://github.com/zhmailikvadim/sap_rap_cinema_tests,2022-02-21T09:09:50Z
openSAP-cp13,43,https://github.com/hsic-agilita/openSAP-cp13,2022-02-13T21:42:26Z
SAP_TRAINING_S4D430_22_02_TAW,41,https://github.com/tarekabouwarda/SAP_TRAINING_S4D430_22_02_TAW,2022-02-23T15:07:33Z
ABAPgit,36,https://github.com/Aeneis97/ABAPgit,2022-02-23T14:54:41Z
SAP_TRAINING_S4D430,34,https://github.com/JulianHBuecher/SAP_TRAINING_S4D430,2022-02-23T14:51:40Z
ABAP_Cloud_2022,34,https://github.com/edmang32/ABAP_Cloud_2022,2022-02-26T16:07:25Z
placetopay_api_rest,33,https://github.com/bvargassnp/placetopay_api_rest,2022-02-17T18:49:00Z
git_fn_log,30,https://github.com/hqmxlyx/git_fn_log,2022-02-22T07:12:25Z
req-trans-budget-pr,22,https://github.com/DogukanP/req-trans-budget-pr,2022-02-02T15:40:45Z
NSP,21,https://github.com/drm30/NSP,2022-02-25T14:13:31Z
Simple-Calculator-using-ABAP,21,https://github.com/iagoteus4/Simple-Calculator-using-ABAP,2022-02-16T22:03:11Z
SAP_ABAP_report_to_Amazon_S3,20,https://github.com/randyqin/SAP_ABAP_report_to_Amazon_S3,2022-02-14T08:01:03Z
CLEAN-CODE,19,https://github.com/ABAPDUDE/CLEAN-CODE,2022-02-03T15:57:42Z
ABAP_BASIS,19,https://github.com/dpamuklu/ABAP_BASIS,2022-02-15T10:25:26Z
TEST4ABAPGIT,17,https://github.com/stefan-dv/TEST4ABAPGIT,2022-02-24T21:02:35Z
regesta.abap.zcl_alv_manager,15,https://github.com/MichaelMattanza-Reg/regesta.abap.zcl_alv_manager,2022-02-02T13:52:02Z
zhungxa_rap,15,https://github.com/hungxa/zhungxa_rap,2022-02-02T08:52:21Z
Field-Symbol-Example-ABAP,15,https://github.com/iagoteus4/Field-Symbol-Example-ABAP,2022-02-16T22:59:34Z
Fibonacci-Sequency,15,https://github.com/iagoteus4/Fibonacci-Sequency,2022-02-16T22:14:21Z
ABAP-Cloud-Console-Programs,14,https://github.com/kallolchakraborty/ABAP-Cloud-Console-Programs,2022-02-28T19:25:44Z
2022-cope-simulator,12,https://github.com/S4ltster/2022-cope-simulator,2022-02-11T01:17:29Z
abap-htmx,11,https://github.com/pkve/abap-htmx,2022-02-07T12:02:51Z
open-abap-ssh,10,https://github.com/open-abap/open-abap-ssh,2022-02-04T07:09:34Z
abap_git,8,https://github.com/YauheniGitHub/abap_git,2022-02-02T10:50:21Z
project,6,https://github.com/AutoEla/project,2022-02-10T06:41:55Z
SAPUI5,6,https://github.com/Marthinusol/SAPUI5,2022-02-24T08:03:19Z
DDIC_with_ref,6,https://github.com/abapGit-tests/DDIC_with_ref,2022-02-21T15:42:28Z
abapExercism,5,https://github.com/pokrakam/abapExercism,2022-02-14T13:04:19Z
abapgit_test,5,https://github.com/zhaodw2022/abapgit_test,2022-02-25T06:05:09Z
Z_FIND_CDS_VIEWS_AND_TABLES,5,https://github.com/ABAP-Lib/Z_FIND_CDS_VIEWS_AND_TABLES,2022-02-11T18:06:20Z
ABAP_DevLearnings1,5,https://github.com/anugrahgj/ABAP_DevLearnings1,2022-02-04T10:44:29Z
ABAPCLD_ZCORRECTTUTORIALS_AGJ,4,https://github.com/anugrahgj/ABAPCLD_ZCORRECTTUTORIALS_AGJ,2022-02-06T12:40:19Z
ABAP-CRUD,4,https://github.com/iagoteus4/ABAP-CRUD,2022-02-16T22:21:22Z
autoela,3,https://github.com/AutoEla/autoela,2022-02-10T07:23:34Z
abapgit-workflow1,3,https://github.com/anugrahgj/abapgit-workflow1,2022-02-03T06:43:14Z
ABAPRAP_AAT,3,https://github.com/amalaravind123/ABAPRAP_AAT,2022-02-15T04:05:22Z
TTYP_with_INT4_ref,3,https://github.com/abapGit-tests/TTYP_with_INT4_ref,2022-02-27T17:28:19Z
POC,3,https://github.com/Advocacy-Team/POC,2022-02-02T12:30:00Z
ABAPCLD_Z_AMDP_AGJ,3,https://github.com/anugrahgj/ABAPCLD_Z_AMDP_AGJ,2022-02-06T12:30:02Z
ABAPBTP,2,https://github.com/tanjusen/ABAPBTP,2022-02-09T14:47:14Z
test-repo-for-abap-git,2,https://github.com/GEN3-Cloud-Org/test-repo-for-abap-git,2022-02-14T09:06:16Z
AS-BALLA-AS-POSSIBLE,2,https://github.com/S4ltster/AS-BALLA-AS-POSSIBLE,2022-02-11T01:27:10Z
abapgit-workflow,1,https://github.com/Shubh141994/abapgit-workflow,2022-02-07T10:24:48Z
17FEB22,1,https://github.com/samuelabap/17FEB22,2022-02-17T05:46:07Z
test,1,https://github.com/MLaushuk/test,2022-02-02T12:30:17Z
ABAP_OO1,0,https://github.com/jiqimao43/ABAP_OO1,2022-02-22T10:48:02Z
ABAP,0,https://github.com/fourtf/ABAP,2022-02-06T21:00:27Z
AMDP_Pretty_Printer,1735,https://github.com/fmabap/AMDP_Pretty_Printer,2022-03-05T19:52:36Z
ZBC_SAP_COMPLEXITY_INDEX,854,https://github.com/aspeitkamp/ZBC_SAP_COMPLEXITY_INDEX,2022-03-16T21:21:21Z
setup-automation,847,https://github.com/pitterrs/setup-automation,2022-03-24T12:58:20Z
AbapSampleCodeGit,747,https://github.com/A142612/AbapSampleCodeGit,2022-03-16T07:24:58Z
demos,734,https://github.com/abap2xlsx/demos,2022-03-06T10:20:06Z
SAP_TRAINING_S4DEV_22_01,613,https://github.com/makro164/SAP_TRAINING_S4DEV_22_01,2022-03-04T09:22:27Z
completeAbap,585,https://github.com/AaronBolival/completeAbap,2022-03-29T14:00:53Z
RapOpenCourse,556,https://github.com/A142612/RapOpenCourse,2022-03-16T07:00:03Z
abap_snippet,466,https://github.com/Omnia-Solution/abap_snippet,2022-03-30T16:07:37Z
RAP-parking-implementation,460,https://github.com/AndreiKhryshchanovich/RAP-parking-implementation,2022-03-30T19:28:47Z
workbench,364,https://github.com/karanchopras/workbench,2022-03-08T18:09:06Z
abap-basic,199,https://github.com/Nishantkhcl/abap-basic,2022-03-02T21:11:31Z
abap-opentelemetry,177,https://github.com/heliconialabs/abap-opentelemetry,2022-03-18T07:10:47Z
ZSFEDARONAK_PR,152,https://github.com/serikf/ZSFEDARONAK_PR,2022-03-29T18:46:57Z
gCTSdemo,144,https://github.com/fleischr/gCTSdemo,2022-03-30T17:27:33Z
abap_cds_blog,122,https://github.com/Xexer/abap_cds_blog,2022-03-07T18:57:08Z
ABAP-Exercism-Examples,122,https://github.com/mbtools/ABAP-Exercism-Examples,2022-03-24T20:54:36Z
abap-platform-fundamentals-01,107,https://github.com/SAP-samples/abap-platform-fundamentals-01,2022-03-14T22:43:27Z
RAPtutorial,101,https://github.com/damjur/RAPtutorial,2022-03-16T07:49:06Z
class_inspector,95,https://github.com/tricktresor/class_inspector,2022-03-16T16:50:46Z
abap_file_browser,89,https://github.com/alaible/abap_file_browser,2022-03-13T14:18:41Z
sfut-email,87,https://github.com/pitterrs/sfut-email,2022-03-24T13:02:19Z
fiorielements-unmanage-manage-app,84,https://github.com/pitterrs/fiorielements-unmanage-manage-app,2022-03-24T12:44:32Z
abap_project,76,https://github.com/Gallador/abap_project,2022-03-31T13:00:24Z
exercism-abap-local,65,https://github.com/pokrakam/exercism-abap-local,2022-03-09T16:48:24Z
ecc-cds-view,61,https://github.com/pitterrs/ecc-cds-view,2022-03-24T12:53:12Z
SAP_TRAINING_S4D430_22_02,57,https://github.com/makro164/SAP_TRAINING_S4D430_22_02,2022-03-04T09:16:00Z
SAP_ProgrammierProjekt_2022,55,https://github.com/Sebastian-Schaefer/SAP_ProgrammierProjekt_2022,2022-03-04T13:33:39Z
cb9980001637,45,https://github.com/carlitosalcala/cb9980001637,2022-03-27T19:12:29Z
abapDomCheck,42,https://github.com/abapTools/abapDomCheck,2022-03-21T12:05:16Z
ABAPGit,38,https://github.com/maxdosanjos/ABAPGit,2022-03-25T14:26:27Z
BTP-RAP-DEMO,28,https://github.com/Sujeet-Yadav1994/BTP-RAP-DEMO,2022-03-02T05:48:45Z
ZRKT_Samples,28,https://github.com/koradaramjee789/ZRKT_Samples,2022-03-17T11:39:35Z
openSAP_gcts1_customizing,26,https://github.com/ibarbaric/openSAP_gcts1_customizing,2022-03-10T20:25:25Z
Excel_upload_and_bapi,25,https://github.com/feyzgit/Excel_upload_and_bapi,2022-03-07T11:54:09Z
workbench1,23,https://github.com/allenchs78/workbench1,2022-03-08T09:12:45Z
ABAP-Exit-Games,22,https://github.com/Ennowulff/ABAP-Exit-Games,2022-03-04T09:40:29Z
workbench,22,https://github.com/SGRNJ7OB/workbench,2022-03-17T08:10:46Z
SAPBTP,20,https://github.com/VijethaSeethamma/SAPBTP,2022-03-02T11:13:41Z
SAPRAP100PUBLIC,18,https://github.com/mikeschnepf/SAPRAP100PUBLIC,2022-03-16T13:47:29Z
workbench,18,https://github.com/K0EMAR0Y/workbench,2022-03-11T19:38:08Z
gCTS-customizing,18,https://github.com/Silvester-H/gCTS-customizing,2022-03-09T13:01:05Z
workbench,18,https://github.com/alrikx/workbench,2022-03-11T17:27:31Z
SAPer-Report-with-ABAP-7.5x-elements,18,https://github.com/andrew2630/SAPer-Report-with-ABAP-7.5x-elements,2022-03-21T11:34:42Z
API,17,https://github.com/SantoAurispa/API,2022-03-02T15:36:18Z
openSAP_gcts1_workbench,17,https://github.com/ibarbaric/openSAP_gcts1_workbench,2022-03-10T20:24:22Z
workbench,15,https://github.com/karpovas1505/workbench,2022-03-10T05:19:36Z
workbench,15,https://github.com/I1TOVTVK/workbench,2022-03-14T14:25:28Z
workbench,15,https://github.com/markstuppachergcts/workbench,2022-03-14T11:51:00Z
Workbench,14,https://github.com/tomasplaterobabelgroup/Workbench,2022-03-14T07:27:31Z
EYD1,14,https://github.com/rishab027/EYD1,2022-03-22T05:19:34Z
workbench,14,https://github.com/B2MT9F40/workbench,2022-03-12T11:04:27Z
abap-notes-on-cliffs,15,https://github.com/IUshakovsky/abap-notes-on-cliffs,2022-03-03T16:51:29Z
ZFLIGHT_REPORTS,13,https://github.com/JulianHBuecher/ZFLIGHT_REPORTS,2022-03-04T09:31:34Z
ABAP-Report-Template,13,https://github.com/AGMWAN/ABAP-Report-Template,2022-03-10T12:58:30Z
ABAP_BW_UTILS,13,https://github.com/irodrigob/ABAP_BW_UTILS,2022-03-23T08:29:51Z
workbench,12,https://github.com/LightCakeBY/workbench,2022-03-09T08:42:02Z
generische-SAP-API,12,https://github.com/k-uffel/generische-SAP-API,2022-03-11T08:24:26Z
workbench,11,https://github.com/haldrinnn/workbench,2022-03-21T08:52:50Z
gCTS-test,11,https://github.com/valdirmendesdev/gCTS-test,2022-03-22T23:31:19Z
gcts-workbench,11,https://github.com/wizzlynz/gcts-workbench,2022-03-27T08:23:30Z
salv-buddy,10,https://github.com/pitterrs/salv-buddy,2022-03-24T13:00:18Z
workbench-abap,10,https://github.com/Rollingbasti/workbench-abap,2022-03-07T12:05:09Z
ABAP-INFTY-VALUE,9,https://github.com/aufaraditya/ABAP-INFTY-VALUE,2022-03-05T09:25:26Z
abap_htmx,9,https://github.com/Yoloyoda/abap_htmx,2022-03-31T10:02:04Z
bg_workbench,9,https://github.com/BipinMaersk/bg_workbench,2022-03-17T11:19:46Z
diamond-kata,9,https://github.com/CiozZ/diamond-kata,2022-03-31T20:21:01Z
abapHtmlMessage,8,https://github.com/abapTools/abapHtmlMessage,2022-03-28T03:44:25Z
AbapGit,7,https://github.com/mmatevosyan/AbapGit,2022-03-29T07:38:50Z
abap-basic-operations,7,https://github.com/nicolsam/abap-basic-operations,2022-03-13T02:47:27Z
ABAP-HCM-Text,6,https://github.com/aufaraditya/ABAP-HCM-Text,2022-03-12T07:48:01Z
cds_bobf_unmanaged,6,https://github.com/sodogan/cds_bobf_unmanaged,2022-03-01T18:59:51Z
SAP-ABAP-alv,6,https://github.com/yasinbc/SAP-ABAP-alv,2022-03-30T09:15:00Z
Tableview-Maintenance-Changelog,5,https://github.com/AGMWAN/Tableview-Maintenance-Changelog,2022-03-17T08:21:18Z
abap-dynamic-parameters,5,https://github.com/nicolsam/abap-dynamic-parameters,2022-03-13T03:36:05Z
abaplint_bug_2022-03-07,4,https://github.com/markstuppacher/abaplint_bug_2022-03-07,2022-03-07T08:10:54Z
amdp_samples,4,https://github.com/sodogan/amdp_samples,2022-03-01T19:14:35Z
simple-abap-logger,4,https://github.com/Dwivedirahul44/simple-abap-logger,2022-03-22T15:31:34Z
gitDemo,4,https://github.com/nikhil-guptaa/gitDemo,2022-03-24T03:51:16Z
SAP-ABAP-modulpool,3,https://github.com/yasinbc/SAP-ABAP-modulpool,2022-03-29T10:53:14Z
abapGit,3,https://github.com/nikhil-guptaa/abapGit,2022-03-23T08:35:39Z
frij-zabapgit-bugtest1,3,https://github.com/frij-aws/frij-zabapgit-bugtest1,2022-03-09T18:12:11Z
send-email-class,3,https://github.com/pitterrs/send-email-class,2022-03-24T12:55:58Z
abap-send-email,2,https://github.com/hasanbayazit/abap-send-email,2022-03-18T11:24:50Z
ZTESTALV01,2,https://github.com/manisback/ZTESTALV01,2022-03-09T06:22:44Z
SAP-ABAP-zalv-grid,2,https://github.com/yasinbc/SAP-ABAP-zalv-grid,2022-03-31T11:34:56Z
main,2,https://github.com/inwerken/main,2022-03-16T10:48:32Z
ABAPGIT_Repo,2,https://github.com/Arunmaheedhar/ABAPGIT_Repo,2022-03-23T12:01:46Z
SAP-ABAP-alv-grid-sencillo,1,https://github.com/yasinbc/SAP-ABAP-alv-grid-sencillo,2022-03-31T16:04:07Z
S4D400_2022_03_TRY,1,https://github.com/NicolaAnd/S4D400_2022_03_TRY,2022-03-17T12:22:03Z
abapgit-btptest,1,https://github.com/vc20814/abapgit-btptest,2022-03-18T09:12:17Z
abapgitdemo,1,https://github.com/vishalkwatra/abapgitdemo,2022-03-04T13:24:32Z
abap-zn4tracking-test,1,https://github.com/tompson-numen/abap-zn4tracking-test,2022-03-04T15:01:36Z
SAP-ABAP-recorrido-at,1,https://github.com/yasinbc/SAP-ABAP-recorrido-at,2022-03-21T13:22:26Z
SAP-ABAP-tablas-ranges,1,https://github.com/yasinbc/SAP-ABAP-tablas-ranges,2022-03-21T11:37:19Z
SAP-BTP-Trial,1,https://github.com/ABAP-Pete25/SAP-BTP-Trial,2022-03-16T21:08:14Z
SAP-ABAP-alv-grid,1,https://github.com/yasinbc/SAP-ABAP-alv-grid,2022-03-31T08:42:14Z
SAP-ABAP-strings,1,https://github.com/yasinbc/SAP-ABAP-strings,2022-03-21T11:30:56Z
SAP-ABAP-loops,0,https://github.com/yasinbc/SAP-ABAP-loops,2022-03-21T11:27:47Z
SAP-ABAP-types,0,https://github.com/yasinbc/SAP-ABAP-types,2022-03-21T11:23:47Z
SAP-ABAP-messages,0,https://github.com/yasinbc/SAP-ABAP-messages,2022-03-21T11:32:27Z
SAP-ABAP-operaciones-aritmeticas,0,https://github.com/yasinbc/SAP-ABAP-operaciones-aritmeticas,2022-03-21T11:26:08Z
SAP-ABAP-testing,0,https://github.com/yasinbc/SAP-ABAP-testing,2022-03-21T11:28:46Z
SAP-ABAP-manipulacion-tablas-internas,0,https://github.com/yasinbc/SAP-ABAP-manipulacion-tablas-internas,2022-03-21T11:36:18Z
SAP-ABAP-comparar-campos-read-table,0,https://github.com/yasinbc/SAP-ABAP-comparar-campos-read-table,2022-03-22T11:54:21Z
abapGit,9103,https://github.com/mdpgroup/abapGit,2022-04-10T21:32:19Z
abapMermaid,1989,https://github.com/WegnerDan/abapMermaid,2022-04-10T20:16:59Z
ZMM,1111,https://github.com/halomoan/ZMM,2022-04-18T04:22:22Z
provide-abap,975,https://github.com/provideplatform/provide-abap,2022-04-11T22:57:33Z
ZTAW10_TEST1,659,https://github.com/dustyplanet/ZTAW10_TEST1,2022-04-28T07:48:51Z
mycoolnewrepo,567,https://github.com/fleischr/mycoolnewrepo,2022-04-01T17:29:50Z
ABAP_Release_strategy,550,https://github.com/irodrigob/ABAP_Release_strategy,2022-04-29T09:11:34Z
Enterprise-Software,348,https://github.com/97joseph/Enterprise-Software,2022-04-16T23:26:19Z
SAPDevopsfuj,189,https://github.com/sapshameera/SAPDevopsfuj,2022-04-21T04:50:53Z
liquidePlanner,116,https://github.com/abdullahatan/liquidePlanner,2022-04-11T12:36:54Z
sistema-obrabotki-zayavok-backend,113,https://github.com/simplicity-goodness-truth/sistema-obrabotki-zayavok-backend,2022-04-21T14:28:48Z
YMDB,90,https://github.com/cpuest/YMDB,2022-04-25T06:18:06Z
db_source,89,https://github.com/ElenaOwa/db_source,2022-04-07T16:32:23Z
codegen_pattern,81,https://github.com/Dwivedirahul44/codegen_pattern,2022-04-09T00:32:27Z
abapgit_hm,71,https://github.com/eralda1998/abapgit_hm,2022-04-27T13:00:11Z
vendor-scores-abap-backend,67,https://github.com/simplicity-goodness-truth/vendor-scores-abap-backend,2022-04-21T14:03:29Z
exercism-2022,63,https://github.com/Mat-byte/exercism-2022,2022-04-09T17:38:58Z
ssm-exmgmt-alerts-rest-client,60,https://github.com/simplicity-goodness-truth/ssm-exmgmt-alerts-rest-client,2022-04-22T05:37:50Z
SAPBTP_Trial,46,https://github.com/praveenkhanna06/SAPBTP_Trial,2022-04-07T11:55:59Z
abap-json,43,https://github.com/fer866/abap-json,2022-04-04T18:00:11Z
vendors-unlock-abap-backend,38,https://github.com/simplicity-goodness-truth/vendors-unlock-abap-backend,2022-04-22T05:43:44Z
smartmonitoring-SAP-backward-interface,37,https://github.com/simplicity-goodness-truth/smartmonitoring-SAP-backward-interface,2022-04-22T05:33:24Z
ruchi,32,https://github.com/Vihanreddy/ruchi,2022-04-28T13:00:49Z
focused-run-lmdb-integration,31,https://github.com/simplicity-goodness-truth/focused-run-lmdb-integration,2022-04-21T14:21:22Z
expose-cds,26,https://github.com/Mat-byte/expose-cds,2022-04-07T21:14:42Z
workbench,25,https://github.com/gauravkarkara/workbench,2022-04-06T13:47:07Z
abapgit-workflow,24,https://github.com/Mexhit99/abapgit-workflow,2022-04-27T08:13:46Z
Abaplibrary,23,https://github.com/Oksana-lviv/Abaplibrary,2022-04-10T11:52:28Z
IWSV_IWSG_IWMO_IWOM,24,https://github.com/abapGit-tests/IWSV_IWSG_IWMO_IWOM,2022-04-22T08:47:51Z
zcl_ce,24,https://github.com/ricardopsj/zcl_ce,2022-04-05T02:36:59Z
abap_daily_use,20,https://github.com/frankenstein-sun/abap_daily_use,2022-04-01T12:38:47Z
SAPBTP_Trial_RAPUnmanaged,19,https://github.com/praveenkhanna06/SAPBTP_Trial_RAPUnmanaged,2022-04-08T10:23:28Z
yes4sql,18,https://github.com/ojnc/yes4sql,2022-04-11T19:09:39Z
abap-utilities,18,https://github.com/fer866/abap-utilities,2022-04-06T18:11:40Z
SAP-ABAP,18,https://github.com/gmzlmdr/SAP-ABAP,2022-04-19T12:28:34Z
abapgit-api-rfc,17,https://github.com/abapGit/abapgit-api-rfc,2022-04-11T14:17:33Z
UnitTest,16,https://github.com/Andrei-hizh/UnitTest,2022-04-12T13:03:32Z
JSON2ABAP,14,https://github.com/SilentFirework/JSON2ABAP,2022-04-01T02:50:45Z
system-recommendations-reporting-api,13,https://github.com/simplicity-goodness-truth/system-recommendations-reporting-api,2022-04-21T14:25:04Z
Microsoft-ABAP-SDK-for-Azure,13,https://github.com/DASANANY/Microsoft-ABAP-SDK-for-Azure,2022-04-28T07:36:42Z
github_hackathon,12,https://github.com/jetsie2/github_hackathon,2022-04-21T09:13:57Z
itsm-tickets-satisfaction-feedback-report-abap-backend,11,https://github.com/simplicity-goodness-truth/itsm-tickets-satisfaction-feedback-report-abap-backend,2022-04-22T05:54:32Z
application-component-Heirarchy-viewer,10,https://github.com/Dwivedirahul44/application-component-Heirarchy-viewer,2022-04-30T09:06:32Z
zcl_send_mail,10,https://github.com/Dwivedirahul44/zcl_send_mail,2022-04-14T23:56:59Z
smartmonitoring-SAP-interface-server,9,https://github.com/simplicity-goodness-truth/smartmonitoring-SAP-interface-server,2022-04-22T05:36:12Z
SAPBTP_TrialWebAPI,9,https://github.com/praveenkhanna06/SAPBTP_TrialWebAPI,2022-04-09T05:30:26Z
focused-run-alerts-integration,9,https://github.com/simplicity-goodness-truth/focused-run-alerts-integration,2022-04-21T14:19:52Z
ABAP,8,https://github.com/burakozctn/ABAP,2022-04-04T06:20:45Z
ReportesABAP_Practica,8,https://github.com/alanh1213/ReportesABAP_Practica,2022-04-27T05:23:45Z
ABAP2,12,https://github.com/aabbaapp/ABAP2,2022-04-09T22:23:07Z
ssm-exmgmt-alerts-rest-server,6,https://github.com/simplicity-goodness-truth/ssm-exmgmt-alerts-rest-server,2022-04-22T05:40:03Z
ztestabapgit,5,https://github.com/Scientistlx/ztestabapgit,2022-04-11T08:00:44Z
z_xco_table_meta_info,4,https://github.com/absap/z_xco_table_meta_info,2022-04-19T07:37:55Z
ABAPGitTest,4,https://github.com/cubaholicbfe/ABAPGitTest,2022-04-19T08:03:57Z
ABAP,4,https://github.com/kocica/ABAP,2022-04-03T19:05:56Z
ABAP-Course-Work,4,https://github.com/jgarlandetsu/ABAP-Course-Work,2022-04-01T15:04:23Z
zcl_file_Data_convert,4,https://github.com/Dwivedirahul44/zcl_file_Data_convert,2022-04-18T23:06:14Z
change_sap_password,3,https://github.com/Preyde/change_sap_password,2022-04-18T13:43:44Z
abapcode,3,https://github.com/ojnc/abapcode,2022-04-15T10:22:32Z
SAP-ABAP-class,3,https://github.com/yasinbc/SAP-ABAP-class,2022-04-04T17:11:37Z
AbapCodePublicTest,2,https://github.com/AbaperAbapGit/AbapCodePublicTest,2022-04-05T12:24:01Z
ABAPDE11_KARTHIK,2,https://github.com/karthik452/ABAPDE11_KARTHIK,2022-04-27T10:27:52Z
ABAPGitHub,2,https://github.com/mostafa300/ABAPGitHub,2022-04-20T19:43:54Z
abapgit-workflow-sco,2,https://github.com/tnnghia1994/abapgit-workflow-sco,2022-04-20T03:42:12Z
SAP-ABAP-alv-interactive,2,https://github.com/yasinbc/SAP-ABAP-alv-interactive,2022-04-05T14:01:50Z
abapGit,1,https://github.com/Unisys-Fiori/abapGit,2022-04-26T11:46:09Z
KabirGit,1,https://github.com/Shekhu03/KabirGit,2022-04-09T05:09:41Z
SAB-ABAP-frunction-group,1,https://github.com/yasinbc/SAB-ABAP-frunction-group,2022-04-04T14:52:41Z
abap,1,https://github.com/kmurray24/abap,2022-04-27T14:36:27Z
SAP-ABAP-alv_simple,0,https://github.com/yasinbc/SAP-ABAP-alv_simple,2022-04-05T13:35:01Z
xxabap,9812,https://github.com/2200749497/xxabap,2022-05-27T09:10:37Z
abapgit,9755,https://github.com/kchittagit/abapgit,2022-05-16T04:39:34Z
awacademy-s4hana,2427,https://github.com/ManuelB/awacademy-s4hana,2022-05-27T15:39:27Z
.abap,774,https://github.com/KarlaLorrane/.abap,2022-05-01T11:34:14Z
steampunk-2205-api,690,https://github.com/abapedia/steampunk-2205-api,2022-05-24T16:33:54Z
Abap_Ariba,571,https://github.com/SimoneDeCato/Abap_Ariba,2022-05-03T15:52:43Z
btp-trial-public,357,https://github.com/oOclide89Oo/btp-trial-public,2022-05-06T14:22:19Z
RUse_S4,261,https://github.com/panterb/RUse_S4,2022-05-30T06:02:07Z
-HFQ-UTILTS_SND,185,https://github.com/Hochfrequenz/-HFQ-UTILTS_SND,2022-05-04T07:48:21Z
axage,147,https://github.com/Ennowulff/axage,2022-05-13T17:00:09Z
TAW12-2,112,https://github.com/Divya057/TAW12-2,2022-05-17T13:21:50Z
Team-Rocket-Science,109,https://github.com/MaddinJay/Team-Rocket-Science,2022-05-20T14:44:11Z
abap_data_extract_engine,92,https://github.com/irodrigob/abap_data_extract_engine,2022-05-09T13:01:32Z
raghu,88,https://github.com/Vihanreddy/raghu,2022-05-17T13:26:16Z
SAP-ABAP-Language,86,https://github.com/GustavoDamasceno/SAP-ABAP-Language,2022-05-02T12:23:12Z
SPRX_serv_provider,92,https://github.com/abapGit-tests/SPRX_serv_provider,2022-05-11T06:55:13Z
mdd22_abap,65,https://github.com/MDJoerg/mdd22_abap,2022-05-06T08:07:15Z
FIORI_ALERTRECEIPT,71,https://github.com/Stephane27480/FIORI_ALERTRECEIPT,2022-05-09T14:54:31Z
ABAP-test,46,https://github.com/brad-pain/ABAP-test,2022-05-29T23:40:38Z
Project,44,https://github.com/Logali-Group/Project,2022-05-31T16:00:40Z
RAPContractorPortal,44,https://github.com/PeterChain/RAPContractorPortal,2022-05-03T11:41:18Z
abap-odata-client-proxy-samples,41,https://github.com/SAP-samples/abap-odata-client-proxy-samples,2022-05-30T11:10:46Z
musteri_risk_raporu,31,https://github.com/feyzgit/musteri_risk_raporu,2022-05-11T12:58:15Z
abaplint-issue,29,https://github.com/Zeatynis/abaplint-issue,2022-05-21T13:18:43Z
authgroups,27,https://github.com/attilaberencsi/authgroups,2022-05-10T18:59:25Z
Z_CDLG_MMPUR_OCI,25,https://github.com/Stephane27480/Z_CDLG_MMPUR_OCI,2022-05-03T14:22:30Z
ABAP_CODE,20,https://github.com/Moises52771/ABAP_CODE,2022-05-02T04:31:29Z
ABAP_Start_Guide,20,https://github.com/mklomo/ABAP_Start_Guide,2022-05-14T14:44:20Z
RAP100,19,https://github.com/soschlegel/RAP100,2022-05-24T10:31:38Z
musteri_ekstresi,17,https://github.com/feyzgit/musteri_ekstresi,2022-05-31T13:37:05Z
ABAP-Modern-Debugging-Workshop,17,https://github.com/Buran1988/ABAP-Modern-Debugging-Workshop,2022-05-23T16:42:42Z
RAP-connections,16,https://github.com/Mat-byte/RAP-connections,2022-05-17T20:55:53Z
provaabap,15,https://github.com/PicciMario/provaabap,2022-05-12T20:41:06Z
abap-codes,15,https://github.com/Jhonsupremo/abap-codes,2022-05-22T21:08:59Z
ABAP_Unit_Samples,14,https://github.com/RodrigoGinerDeLaVega/ABAP_Unit_Samples,2022-05-23T20:24:25Z
POC_ABAPGIT_2,14,https://github.com/DASANANY/POC_ABAPGIT_2,2022-05-30T08:05:50Z
POC_ABAP_GIT_1,13,https://github.com/DASANANY/POC_ABAP_GIT_1,2022-05-30T07:55:10Z
ABAP_Student_Registration,13,https://github.com/ocantokat/ABAP_Student_Registration,2022-05-11T07:39:21Z
POC_ABAPGIT_3,13,https://github.com/DASANANY/POC_ABAPGIT_3,2022-05-30T08:13:09Z
Academia-ABAP,13,https://github.com/Ediiney/Academia-ABAP,2022-05-10T18:51:51Z
Job-Performance-Logging,12,https://github.com/Hir0ki/Job-Performance-Logging,2022-05-01T13:48:52Z
POC_ABAP_GIT,12,https://github.com/DASANANY/POC_ABAP_GIT,2022-05-27T06:23:41Z
gitabap,11,https://github.com/xbmkupr/gitabap,2022-05-11T12:57:54Z
class_model_example,11,https://github.com/Keller-Michael/class_model_example,2022-05-30T06:35:04Z
A4HTest,21,https://github.com/KarinSp/A4HTest,2022-05-02T11:33:37Z
Demos,9,https://github.com/nikolasmylonas/Demos,2022-05-18T17:06:48Z
AbapMailProject,9,https://github.com/esracalbaz/AbapMailProject,2022-05-18T11:55:06Z
ZOTOKAT_ABAP_EXCEL,8,https://github.com/ocantokat/ZOTOKAT_ABAP_EXCEL,2022-05-11T07:06:31Z
22b-abap4hana,7,https://github.com/Logali-Group/22b-abap4hana,2022-05-28T14:07:19Z
OOAlv,7,https://github.com/esracalbaz/OOAlv,2022-05-18T08:14:21Z
ModulePool,5,https://github.com/Kayky-Mattos/ModulePool,2022-05-10T18:25:29Z
abap-custom-logger,5,https://github.com/H00fie/abap-custom-logger,2022-05-10T20:46:25Z
ABAP_Constants,5,https://github.com/irodrigob/ABAP_Constants,2022-05-02T14:21:31Z
Corso-SAP,5,https://github.com/manucast86/Corso-SAP,2022-05-09T09:58:34Z
TEST_XSLT_REF,4,https://github.com/mbtools/TEST_XSLT_REF,2022-05-03T17:11:41Z
ABAP_REPO,4,https://github.com/Ratul-Hans/ABAP_REPO,2022-05-25T06:52:50Z
Z_SET_LANGU,3,https://github.com/HuprichT/Z_SET_LANGU,2022-05-02T07:05:16Z
AbapRandomTournament,3,https://github.com/esracalbaz/AbapRandomTournament,2022-05-18T11:00:35Z
test-interface-method-deletion,3,https://github.com/fabianlupa/test-interface-method-deletion,2022-05-24T11:46:42Z
abapGitPrac,3,https://github.com/kajulsharma1999/abapGitPrac,2022-05-25T08:58:31Z
ABAP1,3,https://github.com/shrutisharmaa99680/ABAP1,2022-05-25T06:25:01Z
calc,3,https://github.com/sandraros/calc,2022-05-14T09:17:31Z
ABCDE,2,https://github.com/BorisKosolapov/ABCDE,2022-05-03T14:59:33Z
SAP-ABAP-Z_FIRSTPROGRAMFLIGHT,3,https://github.com/joaopaulony/SAP-ABAP-Z_FIRSTPROGRAMFLIGHT,2022-05-11T02:09:54Z
Report-com-range,1,https://github.com/Kayky-Mattos/Report-com-range,2022-05-05T01:51:55Z
sap-abap-demo,1,https://github.com/HarshitAwasthi99/sap-abap-demo,2022-05-11T05:56:19Z
Report_flight_list_and_flight_details,1,https://github.com/Kayky-Mattos/Report_flight_list_and_flight_details,2022-05-03T00:44:35Z
corso_sap-2,0,https://github.com/manucast86/corso_sap-2,2022-05-09T14:35:21Z
sap3,0,https://github.com/manucast86/sap3,2022-05-09T14:58:25Z
ReportPDV,0,https://github.com/Kayky-Mattos/ReportPDV,2022-05-05T01:46:31Z
Funcao_PDV,0,https://github.com/Kayky-Mattos/Funcao_PDV,2022-05-05T01:36:55Z
excel,23004,https://github.com/sivameegada/excel,2022-06-07T15:02:12Z
abap-deps-ish,5565,https://github.com/jrodriguez-rc/abap-deps-ish,2022-06-25T09:01:48Z
odata-fw,2158,https://github.com/miggi92/odata-fw,2022-06-02T15:27:07Z
A-lot-of-code-from-AW-Academy,1185,https://github.com/chrystba/A-lot-of-code-from-AW-Academy,2022-06-13T11:59:14Z
ABAP-SemVer,390,https://github.com/abapPM/ABAP-SemVer,2022-06-08T22:58:04Z
s4hana-online-validation-extension,338,https://github.com/SAP-samples/s4hana-online-validation-extension,2022-06-28T14:02:54Z
SAP_ABAP,300,https://github.com/MehmetOztop/SAP_ABAP,2022-06-14T13:26:13Z
abap-ishmed-api-browser,280,https://github.com/jrodriguez-rc/abap-ishmed-api-browser,2022-06-25T07:40:39Z
ZEMINE_DENEME,240,https://github.com/EmineOnatt/ZEMINE_DENEME,2022-06-15T13:27:19Z
abapDeneme,240,https://github.com/typozy/abapDeneme,2022-06-15T12:40:36Z
sap_abap_codes,211,https://github.com/aragorn3400/sap_abap_codes,2022-06-06T22:53:45Z
AnyTabUpdateTask,146,https://github.com/OlegBash599/AnyTabUpdateTask,2022-06-29T14:19:06Z
Mass-upload-dbTable,142,https://github.com/vidyadharg/Mass-upload-dbTable,2022-06-16T11:16:25Z
SANKO,132,https://github.com/DemirdasHC3/SANKO,2022-06-14T13:55:38Z
forms-service-by-adobe-samples,124,https://github.com/SAP-samples/forms-service-by-adobe-samples,2022-06-14T17:34:56Z
ABAP-Tar,135,https://github.com/abapPM/ABAP-Tar,2022-06-03T11:33:19Z
ABAP-Activity,113,https://github.com/Pallavi141298/ABAP-Activity,2022-06-01T03:47:12Z
ZQUERY,108,https://github.com/Dwivedirahul44/ZQUERY,2022-06-11T08:59:46Z
s4hana-gcts,107,https://github.com/sarat-krk/s4hana-gcts,2022-06-29T15:04:33Z
deneme,89,https://github.com/DemirdasHC3/deneme,2022-06-14T13:28:11Z
gCTS_ABAP_DEMOS,67,https://github.com/ErVigue/gCTS_ABAP_DEMOS,2022-06-17T12:39:37Z
ABAP-SemVer-SAP,60,https://github.com/abapPM/ABAP-SemVer-SAP,2022-06-20T19:15:31Z
ewmdevbook_4.2.2_1FSa,53,https://github.com/ewmdev/ewmdevbook_4.2.2_1FSa,2022-06-29T13:01:38Z
abap_oo_design_rap_unmanaged,53,https://github.com/alwinvandeput/abap_oo_design_rap_unmanaged,2022-06-04T13:28:36Z
ABAP,50,https://github.com/saitorhan/ABAP,2022-06-06T06:53:10Z
ABAP-HTML-Diff,48,https://github.com/abapPM/ABAP-HTML-Diff,2022-06-02T13:41:15Z
ABAP,44,https://github.com/shagunssharma/ABAP,2022-06-14T06:27:46Z
promise,39,https://github.com/abapify/promise,2022-06-22T14:46:23Z
testing_intf_aff,39,https://github.com/albertmink/testing_intf_aff,2022-06-27T09:18:24Z
demos,33,https://github.com/ABAP-Logger/demos,2022-06-08T16:19:02Z
ZRAP_TRAVEL_2143,30,https://github.com/SaiNithesh/ZRAP_TRAVEL_2143,2022-06-02T12:17:38Z
abap-gol,32,https://github.com/miggi92/abap-gol,2022-06-15T11:48:58Z
demo-repository,27,https://github.com/DiageoTechFoundation/demo-repository,2022-06-13T08:18:37Z
abapAsyncFramework,27,https://github.com/colbyhemond/abapAsyncFramework,2022-06-15T16:45:01Z
add-workshop,25,https://github.com/miggi92/add-workshop,2022-06-23T11:23:12Z
FINAL_PROJECT_ACADEMY_ABAP,25,https://github.com/KarlaLorrane/FINAL_PROJECT_ACADEMY_ABAP,2022-06-24T08:33:04Z
class,25,https://github.com/samedtekdemir35/class,2022-06-27T11:45:19Z
lfet,37,https://github.com/Ennowulff/lfet,2022-06-20T17:05:02Z
workbench,24,https://github.com/manickamp/workbench,2022-06-15T18:09:35Z
Z_FORMAT_USD_TO_BRL,21,https://github.com/GabrielaSchmitt/Z_FORMAT_USD_TO_BRL,2022-06-13T19:04:07Z
SAP-FM-Build_dynamic_table,19,https://github.com/grepmam/SAP-FM-Build_dynamic_table,2022-06-24T01:46:34Z
ABAP_practice,18,https://github.com/shubhamkarnalkar/ABAP_practice,2022-06-22T05:10:25Z
learn-109,18,https://github.com/YoloSwaglord/learn-109,2022-06-03T09:58:55Z
abapGit_full_updater,17,https://github.com/christianguenter2/abapGit_full_updater,2022-06-20T05:12:22Z
BRKLTest,16,https://github.com/soyuztechnologies/BRKLTest,2022-06-07T00:48:35Z
SCIM_API_SYNC_BW_ROLE,15,https://github.com/zpartner/SCIM_API_SYNC_BW_ROLE,2022-06-10T11:31:29Z
sap_cloud_platform_rap,14,https://github.com/stefanhunsicker/sap_cloud_platform_rap,2022-06-15T09:35:33Z
learn-113,13,https://github.com/LarsPlewa/learn-113,2022-06-03T09:58:46Z
CF_ABAP_001,13,https://github.com/psencicle/CF_ABAP_001,2022-06-21T13:47:27Z
GCP-Cloud-Data-Fusion,10,https://github.com/Nikhil1984/GCP-Cloud-Data-Fusion,2022-06-29T04:48:13Z
abap,127,https://github.com/satiroglu/abap,2022-06-24T10:03:43Z
copy-gos-links,8,https://github.com/inwerken/copy-gos-links,2022-06-29T04:13:55Z
Sanjukum19,8,https://github.com/Sanjukum19/Sanjukum19,2022-06-09T05:20:47Z
abapgit_7,8,https://github.com/kajulsharma1999/abapgit_7,2022-06-22T09:30:53Z
CONTROLO_VOOS,8,https://github.com/KarlaLorrane/CONTROLO_VOOS,2022-06-24T08:43:45Z
shri_devops,8,https://github.com/Shrinath1996/shri_devops,2022-06-02T12:15:10Z
Fiori-Schulung,7,https://github.com/Y15/Fiori-Schulung,2022-06-20T15:48:33Z
gCTS.workbench,7,https://github.com/manickamp/gCTS.workbench,2022-06-23T13:56:54Z
POC_ABAPGIT_4,6,https://github.com/DASANANY/POC_ABAPGIT_4,2022-06-06T09:50:25Z
ZOE_TRANSLATE_OBJECTS,6,https://github.com/onurerten1/ZOE_TRANSLATE_OBJECTS,2022-06-21T07:52:53Z
TEST_EDITORCONFIG,6,https://github.com/mbtools/TEST_EDITORCONFIG,2022-06-24T15:01:36Z
learn-107,6,https://github.com/Smeik1111/learn-107,2022-06-03T09:53:19Z
YBK_ABAPGIT_001,6,https://github.com/bkoehnoscgmbhde/YBK_ABAPGIT_001,2022-06-27T09:25:33Z
ZABAP_DENEME,6,https://github.com/EmineOnatt/ZABAP_DENEME,2022-06-14T13:33:07Z
ABAP-Course,5,https://github.com/anmarco1/ABAP-Course,2022-06-15T11:11:27Z
ABAPCodeRetreat,5,https://github.com/mkysoft/ABAPCodeRetreat,2022-06-07T07:27:17Z
abapgit_mdp,4,https://github.com/MichaelFlexso/abapgit_mdp,2022-06-17T15:03:40Z
abap_teste,4,https://github.com/lucasdefreitasalves/abap_teste,2022-06-21T18:19:50Z
hnguyen-kxs,4,https://github.com/hnguyen-kxs/hnguyen-kxs,2022-06-20T14:48:39Z
DINO_ACTIONS,4,https://github.com/stefanhunsicker/DINO_ACTIONS,2022-06-20T09:08:24Z
testabapgit,4,https://github.com/dn7priya/testabapgit,2022-06-23T12:43:16Z
test,3,https://github.com/MehmetOztop/test,2022-06-16T11:24:39Z
ABAP,3,https://github.com/chan77-park/ABAP,2022-06-30T08:34:40Z
func---repeatd-fields-,3,https://github.com/Kayky-Mattos/func---repeatd-fields-,2022-06-23T20:04:38Z
rainyday,3,https://github.com/keichpark/rainyday,2022-06-30T08:34:38Z
abapgit_cld400,2,https://github.com/kanika-malhotra-ggn/abapgit_cld400,2022-06-17T06:21:19Z
ABAP_utils,2,https://github.com/minchev/ABAP_utils,2022-06-14T12:04:03Z
abapgit-workflow4,2,https://github.com/vc22849/abapgit-workflow4,2022-06-06T04:49:50Z
ABAP_first_class,2,https://github.com/EsteMaeLeo/ABAP_first_class,2022-06-25T04:52:05Z
third,1,https://github.com/issuca81/third,2022-06-30T10:00:30Z
ZB08_V2,1,https://github.com/jinnisong/ZB08_V2,2022-06-30T10:12:36Z
rainyday,1,https://github.com/colorno9/rainyday,2022-06-30T08:34:41Z
rainyday13,1,https://github.com/haelyn2/rainyday13,2022-06-30T08:34:48Z
cld400_0630,1,https://github.com/boxboxfree/cld400_0630,2022-06-30T08:34:41Z
ABAP_TEST,1,https://github.com/Shimhyemin/ABAP_TEST,2022-06-30T08:34:45Z
testanubhav,1,https://github.com/soyuztechnologies/testanubhav,2022-06-06T16:35:41Z
rainyday,1,https://github.com/efjei0/rainyday,2022-06-30T08:35:12Z
test14,1,https://github.com/JEN-JANG/test14,2022-06-30T08:38:52Z
rainyday,1,https://github.com/dabal32/rainyday,2022-06-30T08:35:16Z
rainyday,1,https://github.com/dodream8/rainyday,2022-06-30T08:35:21Z
rainyday,1,https://github.com/yohalim/rainyday,2022-06-30T08:34:39Z
rainyday,1,https://github.com/parksungkeyn/rainyday,2022-06-30T08:34:39Z
CLD400,1,https://github.com/bkjungbk/CLD400,2022-06-30T08:34:39Z
ZB08,1,https://github.com/jinnisong/ZB08,2022-06-30T08:34:47Z
abap2xlsx,20922,https://github.com/grillo8585/abap2xlsx,2022-07-22T16:03:02Z
exercism,8239,https://github.com/stephenlyons18/exercism,2022-07-11T16:02:13Z
primeABAP,7724,https://github.com/zmdf/primeABAP,2022-07-11T10:02:04Z
zbook_test,920,https://github.com/MehmetOztop/zbook_test,2022-07-21T09:17:11Z
ABAP-Fiori-UI5,587,https://github.com/juliocsanto/ABAP-Fiori-UI5,2022-07-23T19:46:01Z
B08_git,581,https://github.com/jinnisong/B08_git,2022-07-01T08:07:00Z
security-services-tools,507,https://github.com/SAP-samples/security-services-tools,2022-07-21T16:26:34Z
abap_rap_blog,280,https://github.com/Xexer/abap_rap_blog,2022-07-14T14:38:23Z
net310Web,255,https://github.com/Veyselyazar/net310Web,2022-07-28T15:51:48Z
NET310-WEBDynpro,250,https://github.com/Ibrahimtryk/NET310-WEBDynpro,2022-07-31T07:29:14Z
BC430-Abap-Dictionary,129,https://github.com/Veyselyazar/BC430-Abap-Dictionary,2022-07-28T15:26:33Z
BC430_Dictionary,126,https://github.com/Ibrahimtryk/BC430_Dictionary,2022-07-31T07:26:22Z
BTP_IMG_PACKAGE,121,https://github.com/isidromateo/BTP_IMG_PACKAGE,2022-07-11T18:00:50Z
RAP-Advanced,114,https://github.com/AndreiKhryshchanovich/RAP-Advanced,2022-07-19T15:32:44Z
s4hana-gcts-badi,124,https://github.com/SAP-samples/s4hana-gcts-badi,2022-07-12T04:51:57Z
openSAP_cp13,111,https://github.com/mickrig/openSAP_cp13,2022-07-21T13:15:54Z
abap-lessons,92,https://github.com/m-keles/abap-lessons,2022-07-27T17:10:00Z
bc425,88,https://github.com/Veyselyazar/bc425,2022-07-28T15:49:12Z
BC425_Enhacement,84,https://github.com/Ibrahimtryk/BC425_Enhacement,2022-07-29T09:05:59Z
bw_hcpr_cp,83,https://github.com/pawelwiejkut/bw_hcpr_cp,2022-07-03T20:03:42Z
BC401-AbapObject,81,https://github.com/Veyselyazar/BC401-AbapObject,2022-07-28T15:31:18Z
BC401_ABAP_OBJECTS,77,https://github.com/Ibrahimtryk/BC401_ABAP_OBJECTS,2022-07-29T06:45:23Z
ewmdevbook_3.3,73,https://github.com/ewmdev/ewmdevbook_3.3,2022-07-08T15:36:26Z
send-mail-demo,71,https://github.com/frankjentsch/send-mail-demo,2022-07-08T07:49:49Z
bc414,66,https://github.com/Veyselyazar/bc414,2022-07-28T15:46:30Z
abap_week1,64,https://github.com/fcherradi/abap_week1,2022-07-25T16:31:27Z
BC414_Datenbankaenderungen,63,https://github.com/Ibrahimtryk/BC414_Datenbankaenderungen,2022-07-31T07:23:29Z
BTPABAP,58,https://github.com/Lamia2022Engie/BTPABAP,2022-07-27T19:25:24Z
zrap,55,https://github.com/informatom/zrap,2022-07-20T19:26:18Z
OOALV2,54,https://github.com/Veyselyazar/OOALV2,2022-07-28T15:41:42Z
BC402-AdvanceAbap,53,https://github.com/Veyselyazar/BC402-AdvanceAbap,2022-07-28T15:34:26Z
BC402_AdvancedABAP,51,https://github.com/Ibrahimtryk/BC402_AdvancedABAP,2022-07-31T07:13:43Z
BC405_ALVs,50,https://github.com/Ibrahimtryk/BC405_ALVs,2022-07-31T07:16:44Z
zguis_abap,48,https://github.com/raaleksandr/zguis_abap,2022-07-24T16:46:15Z
OOALV,48,https://github.com/Veyselyazar/OOALV,2022-07-28T15:37:26Z
BW_DISPLAY_3X_DATAFLOW,47,https://github.com/WolfgangZeller/BW_DISPLAY_3X_DATAFLOW,2022-07-11T05:22:08Z
sap-abap-master-class,47,https://github.com/Mohit-S-Rane/sap-abap-master-class,2022-07-08T10:17:32Z
zeml_email,44,https://github.com/alwinvandeput/zeml_email,2022-07-15T14:50:19Z
bc410DYNPRO,41,https://github.com/Veyselyazar/bc410DYNPRO,2022-07-28T15:44:39Z
abap,43,https://github.com/bradly1618/abap,2022-07-17T05:19:31Z
SAP_study,38,https://github.com/zhouyuqiGit/SAP_study,2022-07-16T01:21:35Z
ReportesABAP,34,https://github.com/grillo8585/ReportesABAP,2022-07-21T03:17:02Z
BC400,34,https://github.com/Veyselyazar/BC400,2022-07-28T15:21:52Z
BC410-Dynpro,34,https://github.com/Ibrahimtryk/BC410-Dynpro,2022-07-31T07:33:42Z
zsd_sales_and_distribution,33,https://github.com/alwinvandeput/zsd_sales_and_distribution,2022-07-15T14:56:54Z
ZBALLOG,33,https://github.com/FusionTaiaPryor/ZBALLOG,2022-07-25T14:25:24Z
IRCTC-RAILWAY-MANAGEMENT,43,https://github.com/harshsharma1506/IRCTC-RAILWAY-MANAGEMENT,2022-07-01T11:28:54Z
ewmdevbook_2.1,30,https://github.com/ewmdev/ewmdevbook_2.1,2022-07-15T15:43:58Z
ewmdevbook_4.3.4_1V5c,28,https://github.com/ewmdev/ewmdevbook_4.3.4_1V5c,2022-07-01T12:21:36Z
Sap.Abap,28,https://github.com/joelmgon/Sap.Abap,2022-07-06T15:52:10Z
chktest,25,https://github.com/burcuka/chktest,2022-07-20T12:50:33Z
ABAP-Code-Snippets,21,https://github.com/grillo8585/ABAP-Code-Snippets,2022-07-22T16:05:32Z
Demo_Sonar,20,https://github.com/DiageoTechFoundation/Demo_Sonar,2022-07-05T06:40:42Z
New_Demo_REPO,20,https://github.com/DiageoTechFoundation/New_Demo_REPO,2022-07-05T06:01:51Z
OOPs-Program,20,https://github.com/dassharma/OOPs-Program,2022-07-08T13:38:18Z
abap_rest,20,https://github.com/sodogan/abap_rest,2022-07-26T10:55:43Z
New_Demo_Sonar,18,https://github.com/DiageoTechFoundation/New_Demo_Sonar,2022-07-05T08:50:23Z
ABAPDesignPattern,18,https://github.com/grillo8585/ABAPDesignPattern,2022-07-22T16:02:30Z
ZBALLOG,18,https://github.com/taiabr/ZBALLOG,2022-07-25T14:23:01Z
zadb_adobe,16,https://github.com/alwinvandeput/zadb_adobe,2022-07-15T14:39:16Z
localization-extensibility-s4hana-cloud-pedimento-mexico,16,https://github.com/stscholten/localization-extensibility-s4hana-cloud-pedimento-mexico,2022-07-28T09:21:50Z
ewmdevbook_4.3.3_1V5b,14,https://github.com/ewmdev/ewmdevbook_4.3.3_1V5b,2022-07-01T11:39:56Z
ewmdevbook_3.2.4,14,https://github.com/ewmdev/ewmdevbook_3.2.4,2022-07-15T22:18:54Z
ztxd_sapscript_texts,13,https://github.com/alwinvandeput/ztxd_sapscript_texts,2022-07-15T14:31:46Z
zopm_classic_output_management,13,https://github.com/alwinvandeput/zopm_classic_output_management,2022-07-15T15:02:50Z
School-Management-System-using-ABAP,13,https://github.com/uvais2909/School-Management-System-using-ABAP,2022-07-12T06:35:36Z
ABAP-CODES,13,https://github.com/Kayky-Mattos/ABAP-CODES,2022-07-08T14:05:55Z
ewmdevbook_4.4.5_1G2d,13,https://github.com/ewmdev/ewmdevbook_4.4.5_1G2d,2022-07-04T08:44:36Z
CRUD_facility_mapping_catalogue_backend,13,https://github.com/simplicity-goodness-truth/CRUD_facility_mapping_catalogue_backend,2022-07-25T07:29:10Z
ewmdevbook_3.6.4,13,https://github.com/ewmdev/ewmdevbook_3.6.4,2022-07-15T22:29:07Z
ewmdevbook_4.3.2_1V5a,12,https://github.com/ewmdev/ewmdevbook_4.3.2_1V5a,2022-07-01T08:27:46Z
ewmdevbook_4.4.2_1G2a,12,https://github.com/ewmdev/ewmdevbook_4.4.2_1G2a,2022-07-04T08:41:57Z
ADD_GOS,12,https://github.com/Sgudkov/ADD_GOS,2022-07-25T11:17:05Z
To-do-list-using-ABAP,12,https://github.com/harshsharma1506/To-do-list-using-ABAP,2022-07-12T05:42:53Z
ewmdevbook_4.3.5_1V5d,12,https://github.com/ewmdev/ewmdevbook_4.3.5_1V5d,2022-07-01T11:26:15Z
down_docs_DMS_abap,11,https://github.com/gleilsonalves/down_docs_DMS_abap,2022-07-20T18:53:57Z
abap,11,https://github.com/amit3kumar/abap,2022-07-28T12:38:44Z
ZCL_CI_QUERY_ATTRIBUTES,11,https://github.com/abgunes/ZCL_CI_QUERY_ATTRIBUTES,2022-07-06T07:05:33Z
ewmdevbook_4.6.2_1FWa,10,https://github.com/ewmdev/ewmdevbook_4.6.2_1FWa,2022-07-04T08:47:54Z
ewmdevbook_4.5.2_1V7a,10,https://github.com/ewmdev/ewmdevbook_4.5.2_1V7a,2022-07-04T08:46:35Z
abapGittest,9,https://github.com/CamelotTeamLeader/abapGittest,2022-07-21T12:17:55Z
ewmdevbook_4.4.4_1G2c,9,https://github.com/ewmdev/ewmdevbook_4.4.4_1G2c,2022-07-04T08:43:58Z
workbench,9,https://github.com/cias-demo/workbench,2022-07-19T17:49:34Z
ewmdevbook_4.4.7_1G2f,8,https://github.com/ewmdev/ewmdevbook_4.4.7_1G2f,2022-07-04T08:45:54Z
ewmdevbook_4.5.3_1V7b,8,https://github.com/ewmdev/ewmdevbook_4.5.3_1V7b,2022-07-04T08:47:15Z
ewm_training_samples,8,https://github.com/sSimonAbt/ewm_training_samples,2022-07-30T18:13:21Z
NewFitWave2,8,https://github.com/ZkumaramitOLX/NewFitWave2,2022-07-06T08:26:19Z
Abap,7,https://github.com/rubendaga/Abap,2022-07-15T20:57:34Z
abap_restful_customentity,7,https://github.com/sodogan/abap_restful_customentity,2022-07-18T09:14:37Z
zbo_generic_business_object,7,https://github.com/alwinvandeput/zbo_generic_business_object,2022-07-15T15:00:04Z
abap_demo_unittest,7,https://github.com/tenorior/abap_demo_unittest,2022-07-14T04:11:49Z
ewmdevbook_4.4.6_1G2e,7,https://github.com/ewmdev/ewmdevbook_4.4.6_1G2e,2022-07-04T08:45:20Z
easyAbap,6,https://github.com/Veyselyazar/easyAbap,2022-07-27T13:37:09Z
ewmdevbook_4.4.3_1G2b,6,https://github.com/ewmdev/ewmdevbook_4.4.3_1G2b,2022-07-04T08:43:05Z
ewmdevbook_3.2.2,6,https://github.com/ewmdev/ewmdevbook_3.2.2,2022-07-16T01:22:38Z
ewmdevbook_3.6.6,6,https://github.com/ewmdev/ewmdevbook_3.6.6,2022-07-15T22:30:28Z
ewmdevbook_3.6.5,5,https://github.com/ewmdev/ewmdevbook_3.6.5,2022-07-15T22:29:47Z
consume-api,5,https://github.com/Mat-byte/consume-api,2022-07-18T14:35:02Z
PruebaGitAbap,5,https://github.com/JulianPendino/PruebaGitAbap,2022-07-26T14:01:50Z
zexc_exception,5,https://github.com/alwinvandeput/zexc_exception,2022-07-15T13:32:52Z
ABAP_01,5,https://github.com/rfaelrod/ABAP_01,2022-07-09T18:55:43Z
ewmdevbook_3.6.3,4,https://github.com/ewmdev/ewmdevbook_3.6.3,2022-07-15T22:28:33Z
CLD400_CCM,3,https://github.com/reiniersch/CLD400_CCM,2022-07-27T09:04:29Z
-abaplint_rapbehvclass,3,https://github.com/BHeldens/-abaplint_rapbehvclass,2022-07-20T13:45:39Z
abapddd,2,https://github.com/tolgatoganduz/abapddd,2022-07-19T23:13:25Z
zabapgit,2,https://github.com/CamelotTeamLeader/zabapgit,2022-07-21T10:49:21Z
zbook_another_test,2,https://github.com/MehmetOztop/zbook_another_test,2022-07-21T13:43:39Z
treinamentoabap,1,https://github.com/rhianmello/treinamentoabap,2022-07-12T20:04:35Z
myabapcode,1,https://github.com/soyuztechnologies/myabapcode,2022-07-02T02:09:39Z
ABAP-RAP,4222,https://github.com/mittal-aman00/ABAP-RAP,2022-08-22T08:44:47Z
steampunk-2208-api,817,https://github.com/abapedia/steampunk-2208-api,2022-08-23T13:31:15Z
ui5-code-search,778,https://github.com/Yunustuzun/ui5-code-search,2022-08-19T13:31:07Z
abapgit_workflow,589,https://github.com/sc70lee/abapgit_workflow,2022-08-31T05:53:12Z
cats,588,https://github.com/hyesoo1104/cats,2022-08-31T06:07:53Z
abap-aes,586,https://github.com/rstenet/abap-aes,2022-08-14T12:07:55Z
SAP-abap-oop-custom-report,371,https://github.com/FilipSwiniarski/SAP-abap-oop-custom-report,2022-08-03T13:26:20Z
gctsdemo0810,337,https://github.com/fleischr/gctsdemo0810,2022-08-10T20:12:18Z
opensap.unit.testing,200,https://github.com/angelcruzg23/opensap.unit.testing,2022-08-15T23:57:37Z
abap,198,https://github.com/abapwp/abap,2022-08-30T08:43:20Z
adventofcode-2020-abap,194,https://github.com/bizhuka/adventofcode-2020-abap,2022-08-20T03:55:10Z
tax,178,https://github.com/formsge/tax,2022-08-12T09:48:09Z
GOS_ATTACHMENTS,154,https://github.com/Sgudkov/GOS_ATTACHMENTS,2022-08-03T13:26:06Z
NPL,138,https://github.com/carlitosalcala/NPL,2022-08-02T11:18:13Z
watermark-smartforms,125,https://github.com/edmilson-nascimento/watermark-smartforms,2022-08-23T20:01:19Z
Convista,116,https://github.com/amybess/Convista,2022-08-05T19:09:33Z
ABAP-CODES,105,https://github.com/evrenbaris/ABAP-CODES,2022-08-25T06:53:49Z
user-exit-scanner,103,https://github.com/MDagni/user-exit-scanner,2022-08-16T13:31:17Z
ABAP-207-Diccionario-de-datos,85,https://github.com/Logali-Group/ABAP-207-Diccionario-de-datos,2022-08-08T19:26:19Z
deeb,77,https://github.com/MDJoerg/deeb,2022-08-07T19:46:27Z
abap_admp_basic_example,70,https://github.com/EsteMaeLeo/abap_admp_basic_example,2022-08-18T00:00:50Z
ABAPConcurrency,60,https://github.com/HexClan-dev/ABAPConcurrency,2022-08-27T16:06:26Z
ABAP,41,https://github.com/codeforname/ABAP,2022-08-22T11:10:39Z
exercism-abap,41,https://github.com/bizhuka/exercism-abap,2022-08-16T05:33:01Z
RESTfulApplicationProgram_ABAP_OnPrem,37,https://github.com/aditheos/RESTfulApplicationProgram_ABAP_OnPrem,2022-08-01T01:24:58Z
SONE,35,https://github.com/zetkawawpl/SONE,2022-08-25T18:11:54Z
SAP_ABAP_CODES,31,https://github.com/Nitish2027/SAP_ABAP_CODES,2022-08-12T11:14:06Z
nuve-sap-user-management,31,https://github.com/nuve-platform/nuve-sap-user-management,2022-08-24T02:32:34Z
ALV-With-Forms,30,https://github.com/joharog/ALV-With-Forms,2022-08-03T13:56:48Z
NEWSYNTAX,29,https://github.com/carlitosalcala/NEWSYNTAX,2022-08-04T09:54:47Z
zprl_parallel_processing,26,https://github.com/alwinvandeput/zprl_parallel_processing,2022-08-04T18:54:31Z
ABAP-LOGICAL-COMPONENTS,26,https://github.com/MBartsch71/ABAP-LOGICAL-COMPONENTS,2022-08-19T05:25:41Z
MySapAbap,23,https://github.com/Rextor1337/MySapAbap,2022-08-25T14:23:54Z
Abap,22,https://github.com/Skjolberg/Abap,2022-08-08T17:37:58Z
yq_it_vbsk,19,https://github.com/angel-palacios/yq_it_vbsk,2022-08-19T16:13:44Z
AzCosmosDB-OData-Shim,18,https://github.com/hila-m/AzCosmosDB-OData-Shim,2022-08-07T08:45:27Z
SOBJ,14,https://github.com/abapGit-tests/SOBJ,2022-08-18T15:25:35Z
ATC-Check,14,https://github.com/mozhgan-ghasemzadeh/ATC-Check,2022-08-18T13:59:22Z
opensap_week3,14,https://github.com/angelcruzg23/opensap_week3,2022-08-25T00:52:45Z
sap_all_tool,14,https://github.com/Preyde/sap_all_tool,2022-08-24T12:46:52Z
abap_db_preparator_osql,14,https://github.com/ABAP-prep/abap_db_preparator_osql,2022-08-10T14:28:17Z
abap3,11,https://github.com/kuangben1/abap3,2022-08-20T01:30:33Z
sap_cts_safenet,10,https://github.com/xamafe/sap_cts_safenet,2022-08-12T12:40:34Z
abap-langDependentText,7,https://github.com/whothefluff/abap-langDependentText,2022-08-11T08:46:06Z
Z_ATC_MONITOR,6,https://github.com/Gazinur-S/Z_ATC_MONITOR,2022-08-24T14:24:38Z
Alv_Event_Hotspot,5,https://github.com/maicon-oliveira/Alv_Event_Hotspot,2022-08-07T17:01:05Z
main,5,https://github.com/Mutters7890/main,2022-08-01T16:30:23Z
Repo1,4,https://github.com/iamrk3/Repo1,2022-08-16T09:42:07Z
application-job-demo,4,https://github.com/absap/application-job-demo,2022-08-26T04:56:32Z
abap-RAPCID,4,https://github.com/whothefluff/abap-RAPCID,2022-08-11T10:33:10Z
abapgit-dual-env-testing,3,https://github.com/bztoy/abapgit-dual-env-testing,2022-08-25T08:27:57Z
employee-vacation-days,2,https://github.com/YoussefLasheen/employee-vacation-days,2022-08-18T18:32:20Z
ABAP-LOGICAL-CIRCUITS,2,https://github.com/MBartsch71/ABAP-LOGICAL-CIRCUITS,2022-08-22T04:46:04Z
Update-Tables,2,https://github.com/joharog/Update-Tables,2022-08-03T14:07:28Z
abap_demo_api,2,https://github.com/estewil/abap_demo_api,2022-08-29T12:08:45Z
abap-cds-playground,2,https://github.com/bztoy/abap-cds-playground,2022-08-25T06:54:39Z
happy,1,https://github.com/jooreung/happy,2022-08-31T06:08:02Z
ztest,1,https://github.com/Scientistlx/ztest,2022-08-22T05:18:30Z
cats,1,https://github.com/issuca81/cats,2022-08-31T06:08:02Z
Test,1,https://github.com/diegodoyle111/Test,2022-08-04T14:35:02Z
cats,1,https://github.com/forjes-jung/cats,2022-08-31T06:08:38Z
test,1,https://github.com/LeeMin-Jung/test,2022-08-31T06:08:04Z
cats,1,https://github.com/jinsaem-park/cats,2022-08-31T06:08:05Z
my_abapGit,1,https://github.com/ohnewdev/my_abapGit,2022-08-31T06:08:37Z
test,1,https://github.com/etnaya/test,2022-08-02T22:00:38Z
happy,1,https://github.com/yandy654/happy,2022-08-31T06:08:04Z
nebula,1,https://github.com/mungwoo/nebula,2022-08-31T06:08:02Z
happy,1,https://github.com/HYUNJUNGYANG1/happy,2022-08-31T06:08:03Z
bc,1,https://github.com/ByeongCheolK/bc,2022-08-31T06:08:05Z
new,1,https://github.com/jangwoongsik/new,2022-08-31T06:08:03Z
ABAP-SALV,0,https://github.com/erenangun/ABAP-SALV,2022-08-11T21:28:03Z
abap-code,0,https://github.com/herolianping/abap-code,2022-08-23T01:56:22Z
SAP-Study,36313,https://github.com/sergiopjunior/SAP-Study,2022-09-12T00:58:39Z
abap-openapi-ui,3151,https://github.com/geert-janklaps/abap-openapi-ui,2022-09-21T16:38:58Z
adtygpt,2051,https://github.com/rajpal151/adtygpt,2022-09-08T07:15:38Z
Wordle-Assistant,1145,https://github.com/Marc-Bernard-Tools/Wordle-Assistant,2022-09-14T15:19:29Z
mason_file_limit,1038,https://github.com/andikapratama/mason_file_limit,2022-09-06T11:21:58Z
MHP-Integration-Template-V2,683,https://github.com/haukevettermann/MHP-Integration-Template-V2,2022-09-15T10:27:06Z
abap_source_0902,652,https://github.com/greenrim/abap_source_0902,2022-09-02T05:27:05Z
S4D43X_Daniel,619,https://github.com/Chris4480/S4D43X_Daniel,2022-09-30T11:40:42Z
SNU_2D_ProgrammingTools_IDE_ABAP,542,https://github.com/seanpm2001/SNU_2D_ProgrammingTools_IDE_ABAP,2022-09-26T20:25:58Z
ABAP_DEV,531,https://github.com/Ksakun/ABAP_DEV,2022-09-02T05:25:39Z
KD-A-17,527,https://github.com/b960605/KD-A-17,2022-09-02T05:27:55Z
SYNC_Source01,504,https://github.com/Vanessa022/SYNC_Source01,2022-09-02T05:27:08Z
Learn-ABAP,501,https://github.com/seanpm2001/Learn-ABAP,2022-09-26T20:24:16Z
trlist,474,https://github.com/attilaberencsi/trlist,2022-09-23T13:26:39Z
source1,438,https://github.com/thecoya/source1,2022-09-02T05:26:56Z
back-up,416,https://github.com/kd-a-22/back-up,2022-09-02T05:28:51Z
abap,396,https://github.com/mw9922/abap,2022-09-18T08:30:09Z
source1,394,https://github.com/mabbaam/source1,2022-09-02T05:27:02Z
test_sap_abap_source,382,https://github.com/qoguswns001016/test_sap_abap_source,2022-09-02T05:27:00Z
source1,361,https://github.com/ruriiiii/source1,2022-09-02T05:26:54Z
abap-call-hierarchy,363,https://github.com/DevEpos/abap-call-hierarchy,2022-09-05T19:32:48Z
ZDXXXXABC_Library,334,https://github.com/epamSAPPoC/ZDXXXXABC_Library,2022-09-02T09:27:12Z
abap-chart,302,https://github.com/jocmer/abap-chart,2022-09-02T09:57:56Z
TasksScenarioABAP,259,https://github.com/captainabap/TasksScenarioABAP,2022-09-23T13:59:39Z
Formacao-de-Consultores-de-Implementacao-de-ERPs-Workshop-ABAP,179,https://github.com/WesleyConstantino/Formacao-de-Consultores-de-Implementacao-de-ERPs-Workshop-ABAP,2022-09-09T15:19:06Z
my_sap_abap_source,155,https://github.com/jcm1378/my_sap_abap_source,2022-09-02T05:27:11Z
ABAPSAP,191,https://github.com/wterceiro/ABAPSAP,2022-09-18T03:56:35Z
source_test,137,https://github.com/Jinjin0121/source_test,2022-09-02T05:26:55Z
ZAR_PRODUCTS_RAP,115,https://github.com/PavelMinsk/ZAR_PRODUCTS_RAP,2022-09-18T11:35:38Z
ABAP,66,https://github.com/PedroRocabado/ABAP,2022-09-02T17:36:43Z
my-abap-codes,101,https://github.com/joaomfariia/my-abap-codes,2022-09-19T22:54:23Z
SAP_ABAP,96,https://github.com/berkayumutklnc/SAP_ABAP,2022-09-23T08:08:24Z
trial-rap,69,https://github.com/heriyantoliu/trial-rap,2022-09-21T02:49:19Z
Ariztia,65,https://github.com/pablok5k/Ariztia,2022-09-10T18:06:40Z
my_abap_source_Teacher,64,https://github.com/jcm1378/my_abap_source_Teacher,2022-09-02T08:37:23Z
samples-abap-cloud-google-api,63,https://github.com/wozjac/samples-abap-cloud-google-api,2022-09-23T22:48:52Z
RAP_INFOSYS,53,https://github.com/omarrova/RAP_INFOSYS,2022-09-11T21:00:04Z
abap_exercism,50,https://github.com/lazarp/abap_exercism,2022-09-11T21:11:49Z
RAP_DEMO,50,https://github.com/hmoubtakir/RAP_DEMO,2022-09-04T10:36:33Z
ABAP-EXERCISM-My_Solutions,47,https://github.com/sakirsek/ABAP-EXERCISM-My_Solutions,2022-09-29T13:29:15Z
SDE_EDI,46,https://github.com/sby-kov/SDE_EDI,2022-09-16T02:14:05Z
Abap,44,https://github.com/LincolnRp/Abap,2022-09-19T01:56:44Z
ABAP-Library,43,https://github.com/hacakirdogan/ABAP-Library,2022-09-29T12:18:59Z
GA_UTILS,87,https://github.com/igdies/GA_UTILS,2022-09-30T12:23:30Z
gcts_poc,38,https://github.com/ezenebre/gcts_poc,2022-09-08T14:25:28Z
S4D43X_Connection_Daniel,35,https://github.com/Chris4480/S4D43X_Connection_Daniel,2022-09-30T11:56:32Z
abap_objects_manus,35,https://github.com/EsteMaeLeo/abap_objects_manus,2022-09-28T19:16:38Z
sap-abap,28,https://github.com/ilaabreu/sap-abap,2022-09-24T13:18:21Z
AbapTableCompare,27,https://github.com/JacobAAK/AbapTableCompare,2022-09-05T11:27:27Z
abap_trial,30,https://github.com/SanderStar/abap_trial,2022-09-09T12:25:07Z
abapGit_test,27,https://github.com/Basantmh/abapGit_test,2022-09-07T10:49:32Z
ExerciciosABAP,23,https://github.com/viniciusdrs/ExerciciosABAP,2022-09-13T21:03:04Z
ABAP_EXERCISE,21,https://github.com/YuichiYH/ABAP_EXERCISE,2022-09-28T17:23:42Z
S4D400_2022_09,21,https://github.com/NicolaAnd/S4D400_2022_09,2022-09-23T13:39:04Z
Curso-SAP-ABAP-Orientado-a-Objetos,21,https://github.com/WesleyConstantino/Curso-SAP-ABAP-Orientado-a-Objetos,2022-09-08T14:38:57Z
SAP-ABAP,20,https://github.com/abdielbatista/SAP-ABAP,2022-09-14T10:40:33Z
SmartformsDriver,19,https://github.com/esracalbaz/SmartformsDriver,2022-09-19T11:50:13Z
ALV_SEARCH_CTRL_F,19,https://github.com/Sgudkov/ALV_SEARCH_CTRL_F,2022-09-14T11:08:41Z
abap-dynamicVariables,19,https://github.com/whothefluff/abap-dynamicVariables,2022-09-12T19:14:52Z
ABAP-ballog-example,18,https://github.com/vitorcarlessi/ABAP-ballog-example,2022-09-20T14:29:49Z
Curso-SAP-ABAP-para-Desenvolvedores,18,https://github.com/WesleyConstantino/Curso-SAP-ABAP-para-Desenvolvedores,2022-09-05T14:03:36Z
ZRAP_AAT,17,https://github.com/amalaravind123/ZRAP_AAT,2022-09-16T04:41:33Z
S4D400_2022_09,17,https://github.com/AnsgarLichter/S4D400_2022_09,2022-09-23T13:39:27Z
S4D43X_Customer_Daniel,17,https://github.com/Chris4480/S4D43X_Customer_Daniel,2022-09-30T11:58:14Z
ABAP-examples,16,https://github.com/NercinoN21/ABAP-examples,2022-09-27T00:10:22Z
gcts_training,16,https://github.com/FlMerz/gcts_training,2022-09-02T11:32:31Z
abaptasks,15,https://github.com/babuilyas/abaptasks,2022-09-29T06:20:50Z
SplitterContainer,15,https://github.com/esracalbaz/SplitterContainer,2022-09-19T11:59:29Z
SplitterContainerButton,15,https://github.com/esracalbaz/SplitterContainerButton,2022-09-19T12:07:27Z
custom_cds_restful,15,https://github.com/sodogan/custom_cds_restful,2022-09-15T06:22:46Z
WDYN_alias,19,https://github.com/abapGit-tests/WDYN_alias,2022-09-08T18:19:26Z
abap_rest_sample,15,https://github.com/sodogan/abap_rest_sample,2022-09-12T14:06:38Z
AbapExcelDownload,13,https://github.com/esracalbaz/AbapExcelDownload,2022-09-19T11:26:06Z
Nizard_MELLITI_20220718_AL1,13,https://github.com/nizard-melliti/Nizard_MELLITI_20220718_AL1,2022-09-08T07:57:16Z
perfphase_al1,12,https://github.com/walibens/perfphase_al1,2022-09-18T12:21:35Z
FUGR_docu,12,https://github.com/abapGit-tests/FUGR_docu,2022-09-12T14:10:35Z
S4D400_2022_09_ZOO,11,https://github.com/AnsgarLichter/S4D400_2022_09_ZOO,2022-09-23T13:41:57Z
abap_exercism,11,https://github.com/angel-palacios/abap_exercism,2022-09-15T16:14:59Z
DE_Version_Sflight,11,https://github.com/schnellmann40/DE_Version_Sflight,2022-09-25T07:26:19Z
abap,16,https://github.com/dhowardb/abap,2022-09-28T07:39:52Z
abap_tablefunctions,11,https://github.com/sodogan/abap_tablefunctions,2022-09-23T06:14:22Z
ABAP-Exercism,9,https://github.com/MBartsch71/ABAP-Exercism,2022-09-09T13:00:31Z
s4d400_,9,https://github.com/hayvanManuel/s4d400_,2022-09-23T13:47:37Z
Controle-de-Alunos,9,https://github.com/WesleyConstantino/Controle-de-Alunos,2022-09-20T17:29:33Z
BTP,9,https://github.com/schnellmann40/BTP,2022-09-13T11:50:45Z
abap-wb-test,8,https://github.com/toonvl/abap-wb-test,2022-09-14T06:59:32Z
samples-abap-onprem-google-api,8,https://github.com/wozjac/samples-abap-onprem-google-api,2022-09-23T20:23:38Z
ABAP-download-upload-request,7,https://github.com/vitorcarlessi/ABAP-download-upload-request,2022-09-20T00:16:30Z
Criar_arquivo_txt_SAP,6,https://github.com/maicon-oliveira/Criar_arquivo_txt_SAP,2022-09-07T23:06:28Z
codedojo-abapgit,6,https://github.com/lenagieb/codedojo-abapgit,2022-09-01T12:35:38Z
ALV_with_IDA,6,https://github.com/JacobAAK/ALV_with_IDA,2022-09-05T11:48:24Z
INTF_docu,6,https://github.com/abapGit-tests/INTF_docu,2022-09-12T14:09:58Z
AcessaDadosViaProxy,5,https://github.com/maicon-oliveira/AcessaDadosViaProxy,2022-09-07T23:59:55Z
A_ZDEMO_MIGRATION_SFLIGHT,5,https://github.com/schnellmann40/A_ZDEMO_MIGRATION_SFLIGHT,2022-09-23T17:45:57Z
gitDemo,5,https://github.com/schnellmann40/gitDemo,2022-09-12T06:56:29Z
ADT_HACKATHON,4,https://github.com/shubhamWaghmare-sap/ADT_HACKATHON,2022-09-29T09:20:10Z
test_abap,4,https://github.com/alanderfosse/test_abap,2022-09-23T08:14:45Z
test_chk_w_namespace,4,https://github.com/albertmink/test_chk_w_namespace,2022-09-27T07:14:46Z
ABAP_snippets,4,https://github.com/ciction/ABAP_snippets,2022-09-02T14:27:51Z
adt-classic-outline-example-redefinition,4,https://github.com/Ennowulff/adt-classic-outline-example-redefinition,2022-09-08T12:18:57Z
ZS_DEV_TOOLS_COMMON,4,https://github.com/mbtools/ZS_DEV_TOOLS_COMMON,2022-09-16T16:08:44Z
CodeDojoABAPGit,3,https://github.com/ibuechner/CodeDojoABAPGit,2022-09-01T12:35:34Z
Relatorio-ALV-Orientado-a-Objetos,3,https://github.com/WesleyConstantino/Relatorio-ALV-Orientado-a-Objetos,2022-09-19T12:51:14Z
PROG_docu,3,https://github.com/abapGit-tests/PROG_docu,2022-09-12T14:11:12Z
abapgit2,2,https://github.com/FlMerz/abapgit2,2022-09-07T06:52:26Z
samsung,2,https://github.com/christian-raasch/samsung,2022-09-07T08:36:18Z
abapgit,2,https://github.com/FlMerz/abapgit,2022-09-07T06:24:05Z
ZS_DEV_TOOLS,2,https://github.com/mbtools/ZS_DEV_TOOLS,2022-09-16T16:10:10Z
test,2,https://github.com/bot123asd/test,2022-09-27T15:23:17Z
abapgit_repo,1,https://github.com/hasanbsc/abapgit_repo,2022-09-30T07:24:25Z
Controle-de-Pedidos,1,https://github.com/WesleyConstantino/Controle-de-Pedidos,2022-09-11T13:39:23Z
ABAP-basic_mask_example,1,https://github.com/vitorcarlessi/ABAP-basic_mask_example,2022-09-20T01:01:01Z
haday,19969,https://github.com/lxxxl123/haday,2022-10-19T10:17:15Z
Abap,8206,https://github.com/Gizemkaragozlu/Abap,2022-10-17T12:53:59Z
lo_argus_abap,3261,https://github.com/shatal0v/lo_argus_abap,2022-10-25T12:11:03Z
LIBRARY-SYSTEM-SAP-ABAP,2011,https://github.com/sibisr/LIBRARY-SYSTEM-SAP-ABAP,2022-10-18T03:56:38Z
prvd-chainlink-fall-hackathon-2022,800,https://github.com/provideplatform/prvd-chainlink-fall-hackathon-2022,2022-10-15T04:15:16Z
ABAPGitRepo,607,https://github.com/milibiswas/ABAPGitRepo,2022-10-16T09:29:04Z
Gos,565,https://github.com/grillo8585/Gos,2022-10-17T23:26:07Z
lo_mss_abap,448,https://github.com/shatal0v/lo_mss_abap,2022-10-25T12:19:34Z
lo_ess_abap,366,https://github.com/shatal0v/lo_ess_abap,2022-10-25T12:17:38Z
code-pal-for-abap-cloud,244,https://github.com/SAP/code-pal-for-abap-cloud,2022-10-26T08:03:15Z
TEST,241,https://github.com/YANTUADWEKO/TEST,2022-10-04T22:46:33Z
sap-btp-trial,181,https://github.com/nov05/sap-btp-trial,2022-10-04T03:09:58Z
sap-abap-examples,164,https://github.com/hashus12/sap-abap-examples,2022-10-24T12:30:55Z
steampunkPlayground,163,https://github.com/JanTristanH/steampunkPlayground,2022-10-13T08:12:02Z
z_sysp_sap_adapter,156,https://github.com/sysparency/z_sysp_sap_adapter,2022-10-21T07:42:37Z
ABAP-For-Consultants-Course,85,https://github.com/Buran1988/ABAP-For-Consultants-Course,2022-10-31T07:56:04Z
master_btp,76,https://github.com/mfgfiori/master_btp,2022-10-23T20:34:27Z
ABAP_RESTful,70,https://github.com/edmang32/ABAP_RESTful,2022-10-25T15:30:05Z
fatura-onay-sistemi,68,https://github.com/hashus12/fatura-onay-sistemi,2022-10-24T12:45:47Z
abap,93,https://github.com/GuilhermeFerrarezi/abap,2022-10-09T01:42:23Z
CorporateTrainingEY,66,https://github.com/soyuztechnologies/CorporateTrainingEY,2022-10-20T04:17:30Z
customer-management-service,78,https://github.com/H00fie/customer-management-service,2022-10-08T10:28:58Z
prueba01,59,https://github.com/marceloa1979/prueba01,2022-10-01T09:50:33Z
152-poo-btp-source-code,58,https://github.com/Logali-Group/152-poo-btp-source-code,2022-10-17T07:48:13Z
LOGGING,70,https://github.com/mraht-ewm-standard/LOGGING,2022-10-10T10:28:46Z
relatorios-abap,55,https://github.com/islycodes/relatorios-abap,2022-10-18T15:19:39Z
ogrenci-otomasyon-sistemi,54,https://github.com/hashus12/ogrenci-otomasyon-sistemi,2022-10-24T12:41:37Z
generic_display,51,https://github.com/HuprichT/generic_display,2022-10-11T12:23:44Z
152-poo-btp-labs,50,https://github.com/Logali-Group/152-poo-btp-labs,2022-10-17T13:38:49Z
abap_scp,40,https://github.com/diegocullera/abap_scp,2022-10-28T15:48:36Z
ABAP-en-Cloud,39,https://github.com/Diazjo1980/ABAP-en-Cloud,2022-10-21T20:00:18Z
abap-legacy-code-ws,33,https://github.com/MBartsch71/abap-legacy-code-ws,2022-10-27T11:21:23Z
TASK_MGMT,16,https://github.com/mraht-ewm-standard/TASK_MGMT,2022-10-10T10:24:13Z
abap_scp,32,https://github.com/Jon-Cm/abap_scp,2022-10-27T17:14:24Z
AbapCode,28,https://github.com/parmaesh-chary/AbapCode,2022-10-03T15:10:44Z
drag-drop-seq,29,https://github.com/edmilson-nascimento/drag-drop-seq,2022-10-07T16:53:39Z
ZJUM_LOG,27,https://github.com/valihan/ZJUM_LOG,2022-10-22T08:34:10Z
SAP-ABAP-RAP-UXTeam,25,https://github.com/mkosyak/SAP-ABAP-RAP-UXTeam,2022-10-14T09:21:20Z
abap_hana_msh2c33,24,https://github.com/drakul33/abap_hana_msh2c33,2022-10-18T03:05:26Z
cdsfindanno,23,https://github.com/attilaberencsi/cdsfindanno,2022-10-20T19:21:42Z
kj_sutrial,23,https://github.com/karojan/kj_sutrial,2022-10-17T11:46:57Z
FTP_Interface,20,https://github.com/SnehaMuralidharan/FTP_Interface,2022-10-04T16:49:37Z
EXC_MGMT,19,https://github.com/mraht-ewm-standard/EXC_MGMT,2022-10-10T10:39:07Z
TOPrint_Enhancement,18,https://github.com/SnehaMuralidharan/TOPrint_Enhancement,2022-10-04T17:32:45Z
samples-oauth-cc-abap,18,https://github.com/wozjac/samples-oauth-cc-abap,2022-10-20T18:43:02Z
abap-adobeFormPDF,17,https://github.com/whothefluff/abap-adobeFormPDF,2022-10-14T10:52:39Z
TransportTool,17,https://github.com/SRBConsultingTeam/TransportTool,2022-10-06T07:30:52Z
zso_sap_office,17,https://github.com/alwinvandeput/zso_sap_office,2022-10-14T17:49:26Z
zwf_workflow,16,https://github.com/alwinvandeput/zwf_workflow,2022-10-14T18:30:07Z
SAP_search_ot,15,https://github.com/Arezki-kaki/SAP_search_ot,2022-10-11T08:25:33Z
Fiori_FreestyleApplication_ME59N,15,https://github.com/SnehaMuralidharan/Fiori_FreestyleApplication_ME59N,2022-10-04T18:44:33Z
abapdevdays22_1,14,https://github.com/Ptom7/abapdevdays22_1,2022-10-03T16:10:26Z
ABAPRapor,13,https://github.com/saitorhan/ABAPRapor,2022-10-05T07:09:40Z
ZCL_UTILITIES,10,https://github.com/nikzanda/ZCL_UTILITIES,2022-10-27T19:35:03Z
abapexcel,10,https://github.com/anillcetin/abapexcel,2022-10-04T13:05:57Z
demo-2,9,https://github.com/schnellmann40/demo-2,2022-10-18T11:53:13Z
zdat_abap_data,9,https://github.com/alwinvandeput/zdat_abap_data,2022-10-15T10:16:28Z
BAdI_IDOC_DATA_MAPPER_example,8,https://github.com/Keller-Michael/BAdI_IDOC_DATA_MAPPER_example,2022-10-25T06:56:24Z
ABAP_OO_PATTERNS,8,https://github.com/HuprichT/ABAP_OO_PATTERNS,2022-10-05T08:59:01Z
ABAP,8,https://github.com/S0024099677/ABAP,2022-10-25T15:17:18Z
editable_alv_with_value_dependant_field_control,8,https://github.com/tricktresor/editable_alv_with_value_dependant_field_control,2022-10-14T09:41:02Z
ZDOWN_UP_LOAD,8,https://github.com/nikzanda/ZDOWN_UP_LOAD,2022-10-27T19:54:02Z
YO1,7,https://github.com/prasanth23590/YO1,2022-10-13T10:04:45Z
abapdemo,6,https://github.com/unnatihasija1/abapdemo,2022-10-31T13:36:30Z
zdoc_document_generation,6,https://github.com/alwinvandeput/zdoc_document_generation,2022-10-03T13:09:55Z
SAPVIM_Interface,6,https://github.com/SnehaMuralidharan/SAPVIM_Interface,2022-10-04T17:44:36Z
abapgitrepo_test1,6,https://github.com/ravikirankongati/abapgitrepo_test1,2022-10-28T05:36:35Z
Abap_git_test,6,https://github.com/Solair3/Abap_git_test,2022-10-01T16:38:36Z
abap-json-serialization,6,https://github.com/timostark/abap-json-serialization,2022-10-27T15:11:07Z
field_routine_scenario2,5,https://github.com/harshsharma1506/field_routine_scenario2,2022-10-25T07:04:32Z
ZAAA_CSV_ATTACHMENT,5,https://github.com/Arezki-kaki/ZAAA_CSV_ATTACHMENT,2022-10-11T09:08:47Z
transformation-routine-for-SAP-BW,4,https://github.com/harshsharma1506/transformation-routine-for-SAP-BW,2022-10-15T15:47:47Z
AbapTraining,4,https://github.com/Gabriel-Tabatinga/AbapTraining,2022-10-04T18:36:04Z
SAPHANA_BACKUP,4,https://github.com/Ramyahatch/SAPHANA_BACKUP,2022-10-19T14:08:32Z
zguis_abap_tests,3,https://github.com/raaleksandr/zguis_abap_tests,2022-10-16T07:04:12Z
CLD400_CCM,3,https://github.com/etnaya/CLD400_CCM,2022-10-31T22:46:19Z
OOPS-ALV-WITH-LOCAL-CLASS,3,https://github.com/harshsharma1506/OOPS-ALV-WITH-LOCAL-CLASS,2022-10-31T06:56:49Z
SAP_send_spool,3,https://github.com/Arezki-kaki/SAP_send_spool,2022-10-11T08:57:29Z
ZTEST_03,3,https://github.com/schnellmann40/ZTEST_03,2022-10-28T12:51:00Z
Test_02,3,https://github.com/schnellmann40/Test_02,2022-10-28T05:40:36Z
HTTP_HANDLER,3,https://github.com/WUEHR/HTTP_HANDLER,2022-10-26T15:30:19Z
abap-basics,2,https://github.com/faschulze/abap-basics,2022-10-04T10:00:31Z
test02,2,https://github.com/st4fanF/test02,2022-10-05T10:23:42Z
FAGLL03-ek-alan,2,https://github.com/feyzgit/FAGLL03-ek-alan,2022-10-07T08:35:31Z
RedSkrible,3,https://github.com/RedSkrible/RedSkrible,2022-10-13T09:19:54Z
fibonacci_sequence,2,https://github.com/MatteoDeveloper/fibonacci_sequence,2022-10-27T12:12:49Z
test_raps,1,https://github.com/soyuztechnologies/test_raps,2022-10-19T10:19:46Z
S4HANATraining-Fiori-Elements,64841,https://github.com/Krishna-Alani/S4HANATraining-Fiori-Elements,2022-11-14T11:42:24Z
S4HANATraining-RAP,29838,https://github.com/Krishna-Alani/S4HANATraining-RAP,2022-11-14T11:27:58Z
SAPFOODIE,11429,https://github.com/hsh6264/SAPFOODIE,2022-11-07T08:32:11Z
SAPFOODIE,11382,https://github.com/chanil11/SAPFOODIE,2022-11-07T08:15:49Z
sap2obs,6096,https://github.com/liangzihua/sap2obs,2022-11-05T04:15:57Z
modern-abap-curriculum,6031,https://github.com/ceedee666/modern-abap-curriculum,2022-11-30T08:37:35Z
abap-cheat-sheets,5946,https://github.com/SAP-samples/abap-cheat-sheets,2022-11-29T17:30:32Z
smartfactory,1496,https://github.com/tan0426/smartfactory,2022-11-22T00:25:47Z
abap2xlsx,1138,https://github.com/Dewei1983/abap2xlsx,2022-11-08T08:25:39Z
steampunk-2211-api,747,https://github.com/abapedia/steampunk-2211-api,2022-11-19T06:20:52Z
sap-ux403,694,https://github.com/blahbap/sap-ux403,2022-11-30T10:11:46Z
fihannui,529,https://github.com/hannuilee/fihannui,2022-11-21T13:10:46Z
ABAP-ALV-LVC-with-MVC-Concept,495,https://github.com/naruepan2/ABAP-ALV-LVC-with-MVC-Concept,2022-11-06T16:08:30Z
RAP,493,https://github.com/azziechico0/RAP,2022-11-05T06:58:48Z
SAPFOODIE,400,https://github.com/sanha14/SAPFOODIE,2022-11-07T07:05:29Z
ABAP-SALV-List-Tree-MVC-Concept,345,https://github.com/naruepan2/ABAP-SALV-List-Tree-MVC-Concept,2022-11-06T18:07:26Z
abap2git,231,https://github.com/microsoft/abap2git,2022-11-09T06:17:49Z
oop-dp,224,https://github.com/heriyantoliu/oop-dp,2022-11-11T03:30:04Z
ABAP_code,205,https://github.com/MikiDev99/ABAP_code,2022-11-29T13:54:11Z
abap-file-format-src,185,https://github.com/albertmink/abap-file-format-src,2022-11-21T13:48:55Z
abap-metrics,182,https://github.com/kseretis/abap-metrics,2022-11-25T19:12:31Z
Intensivao-de-ABAP,180,https://github.com/WesleyConstantino/Intensivao-de-ABAP,2022-11-21T18:55:57Z
MX_RIESGOS,159,https://github.com/GutiNovis/MX_RIESGOS,2022-11-17T19:39:07Z
Master-BTP2022-II,134,https://github.com/lualtabs/Master-BTP2022-II,2022-11-26T02:00:43Z
mcbc_sap_odata,140,https://github.com/SatheesP/mcbc_sap_odata,2022-11-11T11:25:52Z
abap-webshop,132,https://github.com/alikapllan/abap-webshop,2022-11-28T13:37:29Z
test-abap-parser-digit,127,https://github.com/Allam76/test-abap-parser-digit,2022-11-11T08:48:10Z
RAP_Travel_Prj,109,https://github.com/mudevlint/RAP_Travel_Prj,2022-11-16T02:34:00Z
open-abap-odata,108,https://github.com/open-abap/open-abap-odata,2022-11-14T06:48:38Z
RAP_Examples,100,https://github.com/dingfeldera/RAP_Examples,2022-11-22T14:32:27Z
open-abap-gui,94,https://github.com/open-abap/open-abap-gui,2022-11-01T09:02:30Z
Master_BTP_2985,76,https://github.com/sschacon/Master_BTP_2985,2022-11-13T17:16:19Z
sm30-mass-data-input,67,https://github.com/tricktresor/sm30-mass-data-input,2022-11-29T21:15:43Z
abap-feature-toggle,67,https://github.com/raketenstart-abap/abap-feature-toggle,2022-11-07T12:14:08Z
abap_tools,64,https://github.com/muratok/abap_tools,2022-11-07T14:52:46Z
ZAFDS_ADOBE_FORM_DEMO_SUBTOTA,92,https://github.com/alwinvandeput/ZAFDS_ADOBE_FORM_DEMO_SUBTOTA,2022-11-07T10:06:22Z
master_btp_02_2022_11_2022,61,https://github.com/isidromateo/master_btp_02_2022_11_2022,2022-11-12T10:25:41Z
canopy-abap-target,61,https://github.com/Allam76/canopy-abap-target,2022-11-06T23:10:03Z
BTP2GIT,60,https://github.com/kishanraaj77/BTP2GIT,2022-11-02T10:22:20Z
ABAPOO,59,https://github.com/Stephane27480/ABAPOO,2022-11-25T21:39:17Z
Coaching-Code_Katas,57,https://github.com/MaddinJay/Coaching-Code_Katas,2022-11-04T10:25:39Z
abap-tvarvc,53,https://github.com/raketenstart-abap/abap-tvarvc,2022-11-09T16:36:21Z
MBTP-Restfull,52,https://github.com/Diazjo1980/MBTP-Restfull,2022-11-20T21:46:27Z
ZCOPIA_ROLES,48,https://github.com/FCR001/ZCOPIA_ROLES,2022-11-22T00:00:54Z
zur_betriebarzt_terminplanner,47,https://github.com/urcm/zur_betriebarzt_terminplanner,2022-11-23T19:32:58Z
abap_online_education,45,https://github.com/m-keles/abap_online_education,2022-11-28T14:12:22Z
AdventOfCode2022,41,https://github.com/chaliluc/AdventOfCode2022,2022-11-30T20:15:28Z
1S4HC,41,https://github.com/whb1991727/1S4HC,2022-11-09T13:59:15Z
abap_scp,38,https://github.com/fanjor/abap_scp,2022-11-18T17:03:41Z
noumenon,49,https://github.com/H00fie/noumenon,2022-11-19T23:43:31Z
rapic2022,37,https://github.com/miltonchandradas/rapic2022,2022-11-28T12:28:48Z
zhotel,36,https://github.com/august-isaque/zhotel,2022-11-30T21:17:04Z
ABAPaoc,34,https://github.com/Soldier9/ABAPaoc,2022-11-28T10:51:39Z
abap_samples_1,34,https://github.com/m-keles/abap_samples_1,2022-11-28T14:32:42Z
Z_MR_123,27,https://github.com/miltonchandradas/Z_MR_123,2022-11-29T11:20:47Z
advent-of-code-cockpit,25,https://github.com/Ennowulff/advent-of-code-cockpit,2022-11-23T20:42:19Z
proyecto_master_btp_02_2022_11_2022,24,https://github.com/isidromateo/proyecto_master_btp_02_2022_11_2022,2022-11-12T10:38:17Z
abap_exercises,22,https://github.com/kjs17/abap_exercises,2022-11-21T08:34:56Z
ABAP,21,https://github.com/braiklu/ABAP,2022-11-21T18:44:48Z
bagalay_abap_lite,21,https://github.com/nbagalay/bagalay_abap_lite,2022-11-12T22:23:41Z
ABAP_CODE2,20,https://github.com/IbrahimProg/ABAP_CODE2,2022-11-27T13:54:54Z
abap-advent-2020-template,20,https://github.com/StormShynn/abap-advent-2020-template,2022-11-06T15:08:39Z
ABAP_CODES,20,https://github.com/IbrahimProg/ABAP_CODES,2022-11-14T11:23:56Z
abap_rap_online_shop-,17,https://github.com/paolosfilio/abap_rap_online_shop-,2022-11-28T10:07:46Z
ABAP_NEW,25,https://github.com/juergenbaur/ABAP_NEW,2022-11-05T08:01:23Z
SAP-Bex-Query-Project-1,15,https://github.com/harshsharma1506/SAP-Bex-Query-Project-1,2022-11-28T07:35:55Z
rap_tutorial,15,https://github.com/larshp/rap_tutorial,2022-11-05T06:59:53Z
ad162,15,https://github.com/manuish02/ad162,2022-11-16T20:27:07Z
load-table-contents,15,https://github.com/open-abap/load-table-contents,2022-11-06T09:48:32Z
abapMermaidDocflow,14,https://github.com/WegnerDan/abapMermaidDocflow,2022-11-06T17:05:34Z
steampunk,13,https://github.com/jpflc-inetum/steampunk,2022-11-23T15:38:08Z
SAP_ABAP,13,https://github.com/SAPpossible/SAP_ABAP,2022-11-21T17:33:33Z
abap-project-patterns,12,https://github.com/ignasiak-tomasz/abap-project-patterns,2022-11-03T08:35:36Z
ABAPonExercism,12,https://github.com/Daniel-luis/ABAPonExercism,2022-11-25T12:31:49Z
steampunk_sap_20221125_EX1,12,https://github.com/FABLAB-SAPBL/steampunk_sap_20221125_EX1,2022-11-25T16:29:18Z
S4HANA_STEAMPUNK,12,https://github.com/lkrajcir/S4HANA_STEAMPUNK,2022-11-23T20:55:10Z
ABAP-download_table_data_to_csv_file,11,https://github.com/vitorcarlessi/ABAP-download_table_data_to_csv_file,2022-11-18T12:05:29Z
ABAP-background_debugging,10,https://github.com/vitorcarlessi/ABAP-background_debugging,2022-11-09T14:34:26Z
SAP,10,https://github.com/Sivahari0008/SAP,2022-11-14T14:25:15Z
ABAP-Project-Euler,10,https://github.com/analiteg/ABAP-Project-Euler,2022-11-01T13:27:38Z
abapgit-btp,10,https://github.com/hjbokermann/abapgit-btp,2022-11-30T10:31:27Z
shims-rfc,9,https://github.com/open-abap/shims-rfc,2022-11-10T14:20:06Z
ENHS,9,https://github.com/abapGit-tests/ENHS,2022-11-10T19:13:02Z
SAP_ABAP_PROJECT,9,https://github.com/SAPpossible/SAP_ABAP_PROJECT,2022-11-28T03:27:24Z
global_data_cluster,8,https://github.com/sobarik/global_data_cluster,2022-11-02T20:09:43Z
steampunk_sap_20221125_EX2,8,https://github.com/FABLAB-SAPBL/steampunk_sap_20221125_EX2,2022-11-25T16:05:32Z
ALV-Modelo-Pronto,8,https://github.com/WesleyConstantino/ALV-Modelo-Pronto,2022-11-22T20:28:24Z
ZPUBLIC_EWM_DLV_PRD,7,https://github.com/IBS-InfiniSoft/ZPUBLIC_EWM_DLV_PRD,2022-11-11T14:08:05Z
SAP-Excel-to-IPFS,6,https://github.com/fleischr/SAP-Excel-to-IPFS,2022-11-23T19:09:48Z
alv-grid-merge-cells,6,https://github.com/tricktresor/alv-grid-merge-cells,2022-11-08T11:04:14Z
flight_master,6,https://github.com/ralucastefania/flight_master,2022-11-21T12:01:11Z
ENSC,6,https://github.com/abapGit-tests/ENSC,2022-11-10T19:25:44Z
ZPUBLIC_EWM_STOCK,6,https://github.com/IBS-InfiniSoft/ZPUBLIC_EWM_STOCK,2022-11-16T14:19:04Z
ZPUBLIC_EWM_MATERIAL,6,https://github.com/IBS-InfiniSoft/ZPUBLIC_EWM_MATERIAL,2022-11-16T14:00:48Z
ABAP-upload_table_data_to_csv_file,5,https://github.com/vitorcarlessi/ABAP-upload_table_data_to_csv_file,2022-11-20T18:30:30Z
abap-stutter,5,https://github.com/Ennowulff/abap-stutter,2022-11-25T17:04:27Z
hands_on_ex3,4,https://github.com/jpaixao/hands_on_ex3,2022-11-24T18:54:17Z
samples-oauth-ac-abap,4,https://github.com/wozjac/samples-oauth-ac-abap,2022-11-18T00:04:13Z
langton_ant,4,https://github.com/Pastafahndung/langton_ant,2022-11-30T17:25:22Z
itab-aggregation,4,https://github.com/Sadullah-TANRIKULU/itab-aggregation,2022-11-06T11:08:41Z
itab-basics,4,https://github.com/Sadullah-TANRIKULU/itab-basics,2022-11-05T12:26:20Z
CLD400,3,https://github.com/snowrain10/CLD400,2022-11-02T06:35:40Z
SAMC,3,https://github.com/abapGit-tests/SAMC,2022-11-10T19:49:43Z
CLD400,3,https://github.com/PARK-0/CLD400,2022-11-02T06:35:35Z
CLD400,3,https://github.com/winter1028/CLD400,2022-11-02T06:35:38Z
MAIL_ATTCH_EXCEL_BY_ALV,3,https://github.com/Sgudkov/MAIL_ATTCH_EXCEL_BY_ALV,2022-11-09T09:22:20Z
CLD400,3,https://github.com/ymin875/CLD400,2022-11-02T06:35:41Z
CloudATCChecksDemo,3,https://github.com/olgadolinskaja/CloudATCChecksDemo,2022-11-23T14:52:43Z
SAP-Archive,3,https://github.com/Sanju2919/SAP-Archive,2022-11-15T09:28:15Z
CLD400,3,https://github.com/etnayahanmail/CLD400,2022-11-02T06:35:33Z
CLD400,3,https://github.com/Chasanghyeok/CLD400,2022-11-02T06:35:29Z
CLD400,3,https://github.com/Limyirang/CLD400,2022-11-02T06:35:33Z
EasySAPABAP,3,https://github.com/heinzesimon/EasySAPABAP,2022-11-28T07:16:52Z
steampunk_sap_20221125_Ex3,3,https://github.com/FABLAB-SAPBL/steampunk_sap_20221125_Ex3,2022-11-25T14:23:15Z
abapGMdemo,2,https://github.com/unnatihasija/abapGMdemo,2022-11-01T14:23:17Z
ABAP3,2,https://github.com/horsemanjackyliu/ABAP3,2022-11-15T03:15:42Z
BTP_TEST_C16_2,2,https://github.com/happygls06/BTP_TEST_C16_2,2022-11-30T07:10:14Z
codemigrate,2,https://github.com/vvijaymanikandan/codemigrate,2022-11-09T13:36:57Z
CLD400,2,https://github.com/cjsaksqnf/CLD400,2022-11-02T06:35:28Z
abapstuffs,2,https://github.com/etikalix/abapstuffs,2022-11-15T16:19:11Z
CLD400,2,https://github.com/eunsoonkim/CLD400,2022-11-02T06:35:38Z
Demo,2,https://github.com/GEETHANJALI007/Demo,2022-11-10T09:45:42Z
AbapLearning,2,https://github.com/isadoraga/AbapLearning,2022-11-02T13:55:02Z
CLD400,2,https://github.com/stom9310/CLD400,2022-11-02T06:35:32Z
new123,2,https://github.com/issuca81/new123,2022-11-30T07:10:10Z
Himatri,2,https://github.com/Himatriv/Himatri,2022-11-04T09:27:09Z
steampunk_2,2,https://github.com/jpflc-inetum/steampunk_2,2022-11-23T15:55:46Z
testabap,4,https://github.com/sun-tassein/testabap,2022-11-21T22:51:45Z
CLD400,2,https://github.com/giant0425/CLD400,2022-11-02T06:35:30Z
abap,2,https://github.com/rnea7840/abap,2022-11-03T01:57:56Z
abaptobtp,2,https://github.com/bomblim/abaptobtp,2022-11-30T06:22:53Z
new12,1,https://github.com/jason-diego/new12,2022-11-30T07:10:55Z
test-1130-new,1,https://github.com/jyedi/test-1130-new,2022-11-30T07:10:10Z
abapgit_test4,1,https://github.com/chang-hyun/abapgit_test4,2022-11-30T07:12:39Z
zdev-abap,1,https://github.com/dvontress73/zdev-abap,2022-11-22T14:10:06Z
Chhabrahub,1,https://github.com/gouravchhabra73/Chhabrahub,2022-11-04T09:21:35Z
test111,1,https://github.com/issuca81/test111,2022-11-29T12:34:26Z
abap2,1,https://github.com/horsemanjackyliu/abap2,2022-11-14T09:35:58Z
1130C17_1,1,https://github.com/BuHoonPark/1130C17_1,2022-11-30T07:10:21Z
githubamit,1,https://github.com/Imamitkrs/githubamit,2022-11-04T09:20:30Z
zrishi_test_github,1,https://github.com/abapforgeeks/zrishi_test_github,2022-11-05T04:47:34Z
example1,0,https://github.com/kankulamikulas/example1,2022-11-04T11:07:54Z
abap2UI5,6237,https://github.com/abap2UI5/abap2UI5,2022-12-05T08:26:15Z
DST,4398,https://github.com/vlutsas/DST,2022-12-02T23:34:36Z
CodigosUteis-Abap,2412,https://github.com/GabrielCosta-Abap/CodigosUteis-Abap,2022-12-19T14:40:18Z
Abap-Notlari,1613,https://github.com/Gizemkaragozlu/Abap-Notlari,2022-12-28T09:32:19Z
abap,1139,https://github.com/saivignesh-bassure/abap,2022-12-07T17:02:05Z
ZEWM,1104,https://github.com/jddtrejo/ZEWM,2022-12-19T21:24:28Z
tv025,896,https://github.com/bizhuka/tv025,2022-12-20T12:48:31Z
ABAP,859,https://github.com/gaurav1039/ABAP,2022-12-25T15:42:43Z
abapstudy_wirte,750,https://github.com/tan0426/abapstudy_wirte,2022-12-09T03:38:12Z
sap_abap_repo,436,https://github.com/mishra619/sap_abap_repo,2022-12-21T10:06:56Z
abap-platform-application-jobs,333,https://github.com/SAP-samples/abap-platform-application-jobs,2022-12-15T19:32:06Z
34_sap_abap-file-formats,252,https://github.com/ep-infosec/34_sap_abap-file-formats,2022-12-12T11:55:57Z
abap-sdk-gcp-shipagile,224,https://github.com/sapabap-abap/abap-sdk-gcp-shipagile,2022-12-26T06:27:03Z
sap_nwhd,210,https://github.com/MDJoerg/sap_nwhd,2022-12-16T06:59:52Z
convertapi-abap,113,https://github.com/sigitas-stumbras/convertapi-abap,2022-12-23T15:30:41Z
New-ABAP-Tips-Tricks,104,https://github.com/suriyarasu/New-ABAP-Tips-Tricks,2022-12-22T11:03:08Z
34_sap_abap-file-formats-tools,102,https://github.com/ep-infosec/34_sap_abap-file-formats-tools,2022-12-12T12:17:31Z
abap_dictionary,99,https://github.com/m-keles/abap_dictionary,2022-12-04T22:03:43Z
AnyTab-UpdateTask,98,https://github.com/felipebuenotrabajo/AnyTab-UpdateTask,2022-12-05T12:43:33Z
ABAP-for-consultants-December-2022,97,https://github.com/Buran1988/ABAP-for-consultants-December-2022,2022-12-12T08:03:06Z
scivar,91,https://github.com/gokulrnairmaersk/scivar,2022-12-09T15:25:58Z
AOC-2022,78,https://github.com/MBartsch71/AOC-2022,2022-12-01T05:28:49Z
bapi_kundenauftrag_anlegen_andern_lesen,76,https://github.com/urcm/bapi_kundenauftrag_anlegen_andern_lesen,2022-12-08T20:38:50Z
DescomplicandoLinguagens,74,https://github.com/GabrielDiasFaria/DescomplicandoLinguagens,2022-12-28T16:07:38Z
xref-sap,91,https://github.com/olafp85/xref-sap,2022-12-19T11:20:33Z
sadl_ext,42,https://github.com/bizhuka/sadl_ext,2022-12-20T12:49:30Z
gCTS,38,https://github.com/Dineshfujitsu/gCTS,2022-12-01T06:13:58Z
transport-tool,37,https://github.com/miggi92/transport-tool,2022-12-23T12:00:07Z
POSTODISCREPANY,36,https://github.com/rach306/POSTODISCREPANY,2022-12-25T21:21:17Z
xref-sap-unittest,36,https://github.com/olafp85/xref-sap-unittest,2022-12-19T12:33:12Z
abap-quines,34,https://github.com/Ennowulff/abap-quines,2022-12-07T20:10:31Z
MyABAPRepo,33,https://github.com/ajava/MyABAPRepo,2022-12-07T08:20:11Z
abap_unit_tests,36,https://github.com/dhowardb/abap_unit_tests,2022-12-30T19:43:46Z
abap_samples_2,26,https://github.com/m-keles/abap_samples_2,2022-12-18T02:13:53Z
exercism-abap,23,https://github.com/onurerten1/exercism-abap,2022-12-14T07:54:25Z
Report-com-ALV-e-Download,20,https://github.com/WesleyConstantino/Report-com-ALV-e-Download,2022-12-12T19:19:48Z
ABAP-Lift-Pass-Pricing-Kata,20,https://github.com/dominikpanzer/ABAP-Lift-Pass-Pricing-Kata,2022-12-01T07:31:43Z
seokwonsap,19,https://github.com/seokwonsap/seokwonsap,2022-12-06T02:15:33Z
ZPUBLIC_TRANSFORM_DOC,19,https://github.com/IBS-InfiniSoft/ZPUBLIC_TRANSFORM_DOC,2022-12-02T12:19:41Z
abap_workbench,18,https://github.com/m-keles/abap_workbench,2022-12-03T18:16:24Z
Export-ABAP-repository-objects-to-Text-Files,17,https://github.com/naruepan2/Export-ABAP-repository-objects-to-Text-Files,2022-12-02T12:26:10Z
Simple-interactive-report-in-ABAP,16,https://github.com/uvais2909/Simple-interactive-report-in-ABAP,2022-12-07T13:11:09Z
ABAP-Meterdata-Manager,16,https://github.com/dominikpanzer/ABAP-Meterdata-Manager,2022-12-02T10:10:12Z
abapedu,14,https://github.com/redsky21/abapedu,2022-12-16T01:12:49Z
ZPUBLIC_CONVERT,14,https://github.com/IBS-InfiniSoft/ZPUBLIC_CONVERT,2022-12-02T13:34:13Z
ABAP-Grundlagenschulung,13,https://github.com/GeniusOctopus/ABAP-Grundlagenschulung,2022-12-15T07:57:08Z
test_abap,13,https://github.com/lenny-53/test_abap,2022-12-06T16:32:16Z
embedded-steampunk-enablement,11,https://github.com/yasin199111/embedded-steampunk-enablement,2022-12-20T12:54:00Z
abap-examples,10,https://github.com/arte0s/abap-examples,2022-12-04T11:08:07Z
SAP-HCM-ABAP,9,https://github.com/kaancancalkan/SAP-HCM-ABAP,2022-12-21T00:22:49Z
Nueva-carpeta,8,https://github.com/Jose1060/Nueva-carpeta,2022-12-12T13:11:04Z
operant-for,8,https://github.com/val-muhammedazman/operant-for,2022-12-11T17:15:42Z
RAP,7,https://github.com/jhcho2102/RAP,2022-12-16T04:12:31Z
SAP_REVIEW,7,https://github.com/SAPpossible/SAP_REVIEW,2022-12-21T21:32:56Z
abapgit,7,https://github.com/joceliosousa/abapgit,2022-12-07T19:51:29Z
ZPUBLIC_TVARV,6,https://github.com/IBS-InfiniSoft/ZPUBLIC_TVARV,2022-12-12T11:34:58Z
SAPAbap_VehicleTracking,6,https://github.com/YazilimUzmanlari/SAPAbap_VehicleTracking,2022-12-01T19:56:50Z
test,6,https://github.com/Developer-101-c/test,2022-12-03T23:00:38Z
ABAP,6,https://github.com/hamzaefe44/ABAP,2022-12-19T14:26:24Z
ZPUBLIC_BATCH_INPUT,5,https://github.com/IBS-InfiniSoft/ZPUBLIC_BATCH_INPUT,2022-12-02T13:23:28Z
abap,5,https://github.com/pauloroger/abap,2022-12-15T10:21:35Z
integer_square_root_redux,5,https://github.com/Keller-Michael/integer_square_root_redux,2022-12-13T08:08:58Z
TEST_BEACON,3,https://github.com/mbtools/TEST_BEACON,2022-12-03T01:32:59Z
method_change,3,https://github.com/larshp/method_change,2022-12-08T14:44:58Z
idocinitvalue,3,https://github.com/attilaberencsi/idocinitvalue,2022-12-24T20:38:19Z
ABAP-sapscript_call_example,3,https://github.com/vitorcarlessi/ABAP-sapscript_call_example,2022-12-07T16:40:11Z
SAPC,3,https://github.com/abapGit-tests/SAPC,2022-12-23T08:11:51Z
ALV-POO-com-Ocultacao-de-Campos,2,https://github.com/WesleyConstantino/ALV-POO-com-Ocultacao-de-Campos,2022-12-07T12:56:43Z
excel-upload-for-sap,2,https://github.com/yuxuankuu/excel-upload-for-sap,2022-12-11T15:43:27Z
abapgit_workflow,1,https://github.com/myuchoi/abapgit_workflow,2022-12-13T07:12:46Z
CLD400_LG16,1,https://github.com/ksg3613/CLD400_LG16,2022-12-13T07:17:30Z
cld400_lg05,1,https://github.com/jeongwoniee/cld400_lg05,2022-12-13T07:17:30Z
CLD400_LGE021,1,https://github.com/hyosup/CLD400_LGE021,2022-12-13T07:17:55Z
CLD400_LG18,1,https://github.com/ekthfekthf/CLD400_LG18,2022-12-13T07:17:43Z
CLD400_LG09,1,https://github.com/HyunminLeeHandsome/CLD400_LG09,2022-12-13T07:17:31Z
abapgit_workflow,1,https://github.com/eunjeelee1023/abapgit_workflow,2022-12-13T07:17:52Z
xyz,1,https://github.com/gauravn87/xyz,2022-12-31T19:16:01Z
CLD400_LG20,1,https://github.com/kilee87/CLD400_LG20,2022-12-13T07:17:39Z
Praticando-ABAP,1,https://github.com/WesleyConstantino/Praticando-ABAP,2022-12-28T21:44:13Z
s4h_vara,1,https://github.com/Vara77/s4h_vara,2022-12-24T07:16:21Z
ABAP_smartforms_call_example,1,https://github.com/vitorcarlessi/ABAP_smartforms_call_example,2022-12-07T16:50:49Z
FLPcustom_login,28015,https://github.com/javs1287/FLPcustom_login,2023-01-09T22:29:02Z
abap2xlsx,24064,https://github.com/eduardo-winter/abap2xlsx,2023-01-30T19:56:52Z
SYNC2_CL5_STUDY,6487,https://github.com/Seo-YT/SYNC2_CL5_STUDY,2023-01-12T05:38:17Z
ABAP,3520,https://github.com/songtianen/ABAP,2023-01-02T04:16:14Z
ABAP-,1242,https://github.com/Dudualuizio17/ABAP-,2023-01-17T20:36:45Z
zkvendorbankverify,1086,https://github.com/fleischr/zkvendorbankverify,2023-01-15T07:05:14Z
Uteis-ABAP,833,https://github.com/WesleyConstantino/Uteis-ABAP,2023-01-10T17:41:56Z
abap-7.4,636,https://github.com/edmilson-nascimento/abap-7.4,2023-01-30T15:43:39Z
Shwetha_Test_repo,547,https://github.com/shwetharusha/Shwetha_Test_repo,2023-01-20T14:01:02Z
RAP-Extension,510,https://github.com/naveenvishal/RAP-Extension,2023-01-04T10:13:56Z
innova_eclipse,526,https://github.com/fredymb/innova_eclipse,2023-01-06T13:08:56Z
ZEKKO_DELAY_ABAP,217,https://github.com/sabarna17/ZEKKO_DELAY_ABAP,2023-01-30T16:15:56Z
ZBUV_T100_E89,149,https://github.com/BobrVlad/ZBUV_T100_E89,2023-01-24T18:54:40Z
abapgit-commitlint,134,https://github.com/rayatus/abapgit-commitlint,2023-01-06T19:45:00Z
SYNC_StudyNote,132,https://github.com/HaileyYoon-a/SYNC_StudyNote,2023-01-12T23:29:51Z
ABAP-Tutorials,124,https://github.com/mertfozzy/ABAP-Tutorials,2023-01-30T18:24:02Z
Reuse_S4_XJD,713,https://github.com/panterb/Reuse_S4_XJD,2023-01-16T12:05:37Z
Z_SD_SLS,104,https://github.com/panterb/Z_SD_SLS,2023-01-20T14:19:00Z
ZSEZ,92,https://github.com/lucodealethea/ZSEZ,2023-01-30T09:20:25Z
abap-new-syntax,82,https://github.com/ashish32patel/abap-new-syntax,2023-01-31T15:31:09Z
SitePlanning,79,https://github.com/GrumpySage/SitePlanning,2023-01-09T16:08:45Z
SAP-ABAP,79,https://github.com/ssook1222/SAP-ABAP,2023-01-28T00:01:33Z
API-Rest-in-ABAP,84,https://github.com/joharog/API-Rest-in-ABAP,2023-01-03T18:40:31Z
-write_testable_code_for_abap,77,https://github.com/softwaris/-write_testable_code_for_abap,2023-01-05T08:17:22Z
odata_smart_table_annotations,75,https://github.com/ranjan1907/odata_smart_table_annotations,2023-01-27T11:42:58Z
zbdc_batch_data_programming,72,https://github.com/urcm/zbdc_batch_data_programming,2023-01-17T21:55:48Z
abap,70,https://github.com/joannaosiadly/abap,2023-01-29T21:59:36Z
abap-OdataV4Example,74,https://github.com/whothefluff/abap-OdataV4Example,2023-01-23T00:45:34Z
DDIC_integration,70,https://github.com/abapGit-tests/DDIC_integration,2023-01-12T16:05:52Z
ZXE_SCENARIOS-,48,https://github.com/panterb/ZXE_SCENARIOS-,2023-01-20T13:30:24Z
Test,47,https://github.com/BobrVlad/Test,2023-01-20T16:08:18Z
VIEW_types_w_maint,51,https://github.com/abapGit-tests/VIEW_types_w_maint,2023-01-11T15:39:03Z
Exercicios-ABAP,40,https://github.com/FelypeBrito/Exercicios-ABAP,2023-01-16T11:28:59Z
abap_rap_facace_demo,40,https://github.com/ezenebre/abap_rap_facace_demo,2023-01-19T14:32:46Z
abapgit-RAP_Travel,39,https://github.com/hjbokermann/abapgit-RAP_Travel,2023-01-04T14:31:35Z
training,36,https://github.com/michaelnicholls/training,2023-01-12T22:54:32Z
interview_case,33,https://github.com/antilla1/interview_case,2023-01-04T11:02:11Z
BusinessPartner,39,https://github.com/VishnuPriyakadiyala/BusinessPartner,2023-01-05T03:32:55Z
ZBC_UTILS,31,https://github.com/neooblaster/ZBC_UTILS,2023-01-12T09:10:23Z
open-abap-bal,31,https://github.com/open-abap/open-abap-bal,2023-01-13T09:04:48Z
I812655_ZGLO_EDO_US,29,https://github.com/panterb/I812655_ZGLO_EDO_US,2023-01-20T13:27:19Z
abap_code,28,https://github.com/bhawsinghkaa/abap_code,2023-01-19T07:03:51Z
abap-jackrat,28,https://github.com/Allam76/abap-jackrat,2023-01-30T16:29:48Z
ypra_mixed,26,https://github.com/ranjan1907/ypra_mixed,2023-01-27T13:41:02Z
Tic-Tac-Toe,26,https://github.com/angzosan/Tic-Tac-Toe,2023-01-26T15:40:33Z
jan_trial,25,https://github.com/karojan/jan_trial,2023-01-27T13:23:40Z
ZFILE,25,https://github.com/taiabr/ZFILE,2023-01-27T13:33:27Z
Advent-of-Code-2015-ABAP,24,https://github.com/MBartsch71/Advent-of-Code-2015-ABAP,2023-01-07T14:29:54Z
CodeInMins,22,https://github.com/juergenbaur/CodeInMins,2023-01-13T07:00:39Z
I812655_ZVZ_EDO,22,https://github.com/panterb/I812655_ZVZ_EDO,2023-01-20T13:22:08Z
WB,21,https://github.com/C95X0WRA/WB,2023-01-19T23:10:31Z
btp2abapgit,20,https://github.com/TArpita/btp2abapgit,2023-01-03T12:37:59Z
harishb,18,https://github.com/panterb/harishb,2023-01-20T14:22:42Z
lemongrass_slt_sdk,18,https://github.com/Thrivikrama/lemongrass_slt_sdk,2023-01-04T16:27:01Z
LOCK_OBJECT,17,https://github.com/mateuszkozlowsk1/LOCK_OBJECT,2023-01-31T22:04:43Z
selection-screen-control,17,https://github.com/mazurin/selection-screen-control,2023-01-19T07:06:31Z
Z_UTIL_TEST_01,17,https://github.com/DE2020/Z_UTIL_TEST_01,2023-01-25T14:13:14Z
abapgit-test,17,https://github.com/norberthnd/abapgit-test,2023-01-12T14:21:01Z
parallel,17,https://github.com/iMilazzo/parallel,2023-01-07T17:16:28Z
generic_odata_components,17,https://github.com/ranjan1907/generic_odata_components,2023-01-27T13:23:50Z
abap_on_premise,16,https://github.com/Xexer/abap_on_premise,2023-01-09T19:21:50Z
RAP,15,https://github.com/iamjpa/RAP,2023-01-11T13:09:33Z
bowling-kata,15,https://github.com/Pastafahndung/bowling-kata,2023-01-20T17:07:58Z
generated-sap-malware-scanning-openapi,17,https://github.com/gregorwolf/generated-sap-malware-scanning-openapi,2023-01-15T09:29:58Z
abap_clean_code,13,https://github.com/nbagalay/abap_clean_code,2023-01-20T12:33:58Z
generic_odata_hcm_dataflow,13,https://github.com/ranjan1907/generic_odata_hcm_dataflow,2023-01-27T13:24:33Z
bapi_adressorg,12,https://github.com/urcm/bapi_adressorg,2023-01-24T11:07:24Z
btp_rap,11,https://github.com/OliverKol/btp_rap,2023-01-18T14:38:26Z
zoe_em,10,https://github.com/onurerten1/zoe_em,2023-01-29T21:52:58Z
RFC_INFO_CREATE,10,https://github.com/zhangpan1985/RFC_INFO_CREATE,2023-01-05T06:43:34Z
cust_tab,9,https://github.com/bhawsinghkaa/cust_tab,2023-01-19T07:29:15Z
Z00IFAPC_DRIVERS,9,https://github.com/DE2020/Z00IFAPC_DRIVERS,2023-01-21T14:36:27Z
Daemon,8,https://github.com/lovalace/Daemon,2023-01-18T10:35:28Z
abap-itab-set,8,https://github.com/whothefluff/abap-itab-set,2023-01-21T19:19:45Z
ABAP-Download-File-SMW0,7,https://github.com/aufaraditya/ABAP-Download-File-SMW0,2023-01-29T06:40:31Z
ABAP-STATIC-TVARVC,7,https://github.com/aufaraditya/ABAP-STATIC-TVARVC,2023-01-29T10:19:18Z
VIEW_types,7,https://github.com/abapGit-tests/VIEW_types,2023-01-11T15:05:58Z
abap-XMLParser,7,https://github.com/whothefluff/abap-XMLParser,2023-01-21T20:15:21Z
Firefly,7,https://github.com/Keller-Michael/Firefly,2023-01-06T07:58:02Z
ZGITHUB_DEMO_NUT,7,https://github.com/sindhu-anbalagan/ZGITHUB_DEMO_NUT,2023-01-20T04:55:30Z
zjackrat,6,https://github.com/Allam76/zjackrat,2023-01-31T13:05:57Z
abapcode,6,https://github.com/vineetklkrn/abapcode,2023-01-06T09:18:42Z
abap-checkpointBreak,5,https://github.com/whothefluff/abap-checkpointBreak,2023-01-21T19:27:02Z
abapgit-RAP_Travel_ext,5,https://github.com/hjbokermann/abapgit-RAP_Travel_ext,2023-01-04T16:33:56Z
DOMA_with_exit,4,https://github.com/abapGit-tests/DOMA_with_exit,2023-01-16T15:28:20Z
PartnerBootcampCCM,4,https://github.com/Mani-P-S/PartnerBootcampCCM,2023-01-30T04:36:29Z
Comandos-ABAP,4,https://github.com/WesleyConstantino/Comandos-ABAP,2023-01-03T14:18:28Z
FirstABAPRepo,4,https://github.com/Sadullah-TANRIKULU/FirstABAPRepo,2023-01-25T06:18:55Z
ABAP-ALV_CL_SALV_TABLE_example,3,https://github.com/vitorcarlessi/ABAP-ALV_CL_SALV_TABLE_example,2023-01-08T18:32:34Z
Clone_Project,3,https://github.com/amalaravind123/Clone_Project,2023-01-24T03:33:48Z
Abap,3,https://github.com/Magozero0/Abap,2023-01-05T21:15:19Z
ZTEST42,2,https://github.com/z12rredd/ZTEST42,2023-01-18T09:52:39Z
FLIGHT_FINDER_VOL1,2,https://github.com/mateuszkozlowsk1/FLIGHT_FINDER_VOL1,2023-01-29T14:16:50Z
excel_upload_colors,2,https://github.com/monty79/excel_upload_colors,2023-01-19T17:14:49Z
FLIGHT_FINDER_VOL2,2,https://github.com/mateuszkozlowsk1/FLIGHT_FINDER_VOL2,2023-01-29T14:54:37Z
ZAT_RAP_Repo,1,https://github.com/ashishtyagi7/ZAT_RAP_Repo,2023-01-05T21:41:03Z
plantuml-to-abap,37133,https://github.com/mathbastian/plantuml-to-abap,2023-02-01T20:02:46Z
kigsap,1432,https://github.com/15ik/kigsap,2023-02-17T13:18:03Z
BC425,1299,https://github.com/dustyplanet/BC425,2023-02-19T18:58:26Z
abapGit,1061,https://github.com/Movses14042001/abapGit,2023-02-20T13:13:07Z
steampunk-2302-api,818,https://github.com/abapedia/steampunk-2302-api,2023-02-20T14:05:24Z
dxp-sap-edition-abapgit-extension,447,https://github.com/neptune-software/dxp-sap-edition-abapgit-extension,2023-02-24T11:36:45Z
rap-zs4sc-poc,322,https://github.com/ndbs-rti/rap-zs4sc-poc,2023-02-21T08:28:50Z
ZHCM,316,https://github.com/jddtrejo/ZHCM,2023-02-06T21:29:15Z
abap-tbox-csvman,305,https://github.com/zenrosadira/abap-tbox-csvman,2023-02-28T08:55:04Z
abap_rap,300,https://github.com/sasidiro/abap_rap,2023-02-19T22:24:52Z
SAP-RAP-BAS-2023,288,https://github.com/evrenntom/SAP-RAP-BAS-2023,2023-02-19T17:44:21Z
abap-tbox-stats,246,https://github.com/zenrosadira/abap-tbox-stats,2023-02-28T14:59:26Z
sflight-fiori-abap,209,https://github.com/tsig-sap/sflight-fiori-abap,2023-02-10T18:15:59Z
Portal-do-colaborador,207,https://github.com/HiveTechGHUB/Portal-do-colaborador,2023-02-09T10:23:24Z
ZDEVFICO,192,https://github.com/jddtrejo/ZDEVFICO,2023-02-07T02:48:13Z
my_ABAp_files,187,https://github.com/gery22/my_ABAp_files,2023-02-25T21:42:03Z
ABAP,192,https://github.com/vziegler2/ABAP,2023-02-15T04:54:22Z
ABAP-LIBRARY,187,https://github.com/GabrielaSchmitt/ABAP-LIBRARY,2023-02-08T13:23:10Z
ZPENGO,155,https://github.com/jddtrejo/ZPENGO,2023-02-02T13:56:32Z
S4D435_demo,142,https://github.com/dustyplanet/S4D435_demo,2023-02-01T10:46:01Z
code-pal-for-abap-cloud-backup,115,https://github.com/D074020/code-pal-for-abap-cloud-backup,2023-02-24T13:43:06Z
S4D2022-DEV,91,https://github.com/Rahulpippalla/S4D2022-DEV,2023-02-02T12:50:52Z
abap-timestamps,115,https://github.com/whothefluff/abap-timestamps,2023-02-15T14:49:14Z
ABAP,103,https://github.com/1391202028/ABAP,2023-02-14T13:56:11Z
ZDEVMM,87,https://github.com/jddtrejo/ZDEVMM,2023-02-07T02:56:07Z
open-sql,96,https://github.com/zvikesh/open-sql,2023-02-12T07:34:02Z
zpla_project3,77,https://github.com/Aple13/zpla_project3,2023-02-08T13:32:02Z
bapi_materialstammdaten_anlegen_andern_lesen,76,https://github.com/urcm/bapi_materialstammdaten_anlegen_andern_lesen,2023-02-28T16:40:44Z
GitExport,70,https://github.com/Mau5D/GitExport,2023-02-08T11:22:27Z
Big-Integer-ABAP,71,https://github.com/JozsefSzikszai/Big-Integer-ABAP,2023-02-13T14:32:00Z
ABAP-Project3-,64,https://github.com/Movses14042001/ABAP-Project3-,2023-02-20T14:08:26Z
abap_hfc,61,https://github.com/HEFECO/abap_hfc,2023-02-06T10:29:40Z
rap_seminary,59,https://github.com/Logali-Group/rap_seminary,2023-02-28T21:39:49Z
abap-api-ecovadis,61,https://github.com/irodrigob/abap-api-ecovadis,2023-02-08T11:51:24Z
BPCSMETA,40,https://github.com/lucodealethea/BPCSMETA,2023-02-11T16:49:22Z
demo-rap-travel-app,35,https://github.com/ndbs-rti/demo-rap-travel-app,2023-02-08T11:18:00Z
abap-tbox-lockwaiter,34,https://github.com/zenrosadira/abap-tbox-lockwaiter,2023-02-27T17:02:14Z
zpla_test,33,https://github.com/Aple13/zpla_test,2023-02-08T14:53:36Z
abapgit2,33,https://github.com/PRIMUSABAP/abapgit2,2023-02-01T08:26:12Z
AbapBasics,32,https://github.com/NorbertMyGit/AbapBasics,2023-02-11T19:34:57Z
ABAP_SCP,32,https://github.com/MIKEROCA/ABAP_SCP,2023-02-22T21:16:22Z
SAP-RAP,56,https://github.com/1391202028/SAP-RAP,2023-02-14T13:56:40Z
abap-tbox-fmoduler,31,https://github.com/zenrosadira/abap-tbox-fmoduler,2023-02-27T16:29:41Z
SEARCH_HELP,27,https://github.com/mateuszkozlowsk1/SEARCH_HELP,2023-02-01T18:50:44Z
abap-tbox-splitter,26,https://github.com/zenrosadira/abap-tbox-splitter,2023-02-27T16:49:14Z
abap-tbox-processer,26,https://github.com/zenrosadira/abap-tbox-processer,2023-02-28T09:26:55Z
TEST_REDEF,26,https://github.com/mbtools/TEST_REDEF,2023-02-26T16:38:38Z
RFC_TOOLS,25,https://github.com/grillo8585/RFC_TOOLS,2023-02-05T16:24:19Z
S4D430,25,https://github.com/kishanraaj77/S4D430,2023-02-15T13:00:51Z
abapgit-RAP_Travel_U,24,https://github.com/hjbokermann/abapgit-RAP_Travel_U,2023-02-10T13:21:22Z
ZEMP_MANAGE,22,https://github.com/raCetam-noey/ZEMP_MANAGE,2023-02-08T07:49:11Z
embedded_cloud,22,https://github.com/SarinSangpongaumpai/embedded_cloud,2023-02-07T10:02:44Z
SRB_Workspaces_Chart_Examples,22,https://github.com/SRBConsultingTeam/SRB_Workspaces_Chart_Examples,2023-02-20T07:35:15Z
ZKRK_GCTS_SALES,19,https://github.com/ravikishore1979/ZKRK_GCTS_SALES,2023-02-01T05:34:32Z
test111,18,https://github.com/micol92/test111,2023-02-09T22:01:04Z
ABAP2XLSX_EXAMPLES,18,https://github.com/hardyp/ABAP2XLSX_EXAMPLES,2023-02-11T07:05:18Z
abap_mvc_alv,17,https://github.com/brkcnplt/abap_mvc_alv,2023-02-28T13:06:23Z
adobe-forms,18,https://github.com/edmilson-nascimento/adobe-forms,2023-02-25T19:18:15Z
Smartform,16,https://github.com/jindong1978/Smartform,2023-02-13T03:50:08Z
abapGit,16,https://github.com/odinleenr/abapGit,2023-02-03T11:14:58Z
cap_application,14,https://github.com/GyeonghwaOH/cap_application,2023-02-26T14:12:28Z
AbapShiritori,14,https://github.com/saka-y/AbapShiritori,2023-02-03T10:04:00Z
EmbeddedSteampunk,14,https://github.com/MujeebChoudhari/EmbeddedSteampunk,2023-02-07T18:14:49Z
RAPWorkshop,14,https://github.com/mohit209/RAPWorkshop,2023-02-08T02:00:28Z
s4c-bootcamp,14,https://github.com/ndbs-rti/s4c-bootcamp,2023-02-08T05:32:10Z
abap-tbox-jobber,14,https://github.com/zenrosadira/abap-tbox-jobber,2023-02-27T16:21:33Z
abap_deps_test,12,https://github.com/Allam76/abap_deps_test,2023-02-02T16:35:32Z
alvgrid_demo,11,https://github.com/abapvcgit/alvgrid_demo,2023-02-10T22:23:30Z
test_abapGIT_stage,11,https://github.com/shubhamWaghmare-sap/test_abapGIT_stage,2023-02-11T14:59:31Z
zbapireservation,8,https://github.com/sandraros/zbapireservation,2023-02-17T08:18:20Z
northwind_odata_example,7,https://github.com/Keller-Michael/northwind_odata_example,2023-02-05T19:43:23Z
GA_CONN_R3_HR,7,https://github.com/igdies/GA_CONN_R3_HR,2023-02-24T10:27:52Z
MassSAPUserMaintenance,13,https://github.com/taiabr/MassSAPUserMaintenance,2023-02-01T13:36:51Z
CreateUpdateBP_API,6,https://github.com/taiabr/CreateUpdateBP_API,2023-02-01T13:51:23Z
Z60SECSDEV,6,https://github.com/60secsDEV/Z60SECSDEV,2023-02-24T21:20:16Z
mail,6,https://github.com/edmilson-nascimento/mail,2023-02-14T09:38:08Z
api-overpass-json,6,https://github.com/julieplummer20/api-overpass-json,2023-02-27T09:34:18Z
S4H_Training_Public,4,https://github.com/kutaybektas/S4H_Training_Public,2023-02-27T16:29:19Z
ABAP-List-Viewer-OO,3,https://github.com/LilianRaissa/ABAP-List-Viewer-OO,2023-02-09T03:27:41Z
ABAP,3,https://github.com/alejandrobracho1/ABAP,2023-02-27T14:00:07Z
CLD400_CCM_IST000,3,https://github.com/reinierschoeman/CLD400_CCM_IST000,2023-02-08T12:46:31Z
rap-eml-np,3,https://github.com/ndbs-rti/rap-eml-np,2023-02-09T08:36:04Z
TIME_STAMP,2,https://github.com/mateuszkozlowsk1/TIME_STAMP,2023-02-03T11:59:28Z
ZMJ,2,https://github.com/MaciekJ85/ZMJ,2023-02-23T08:50:13Z
ABAP_GIT,2,https://github.com/victortoledo10/ABAP_GIT,2023-02-01T10:23:21Z
GUI,2,https://github.com/mohan-dandu/GUI,2023-02-27T09:32:26Z
demo,5,https://github.com/ayyaparaja/demo,2023-02-21T03:12:10Z
test_tag,2,https://github.com/christianguenter2/test_tag,2023-02-13T15:41:46Z
ABAP_GIT_AI,2,https://github.com/AlexNembus/ABAP_GIT_AI,2023-02-13T08:58:47Z
Competitive-Programming-in-ABAP,3,https://github.com/JozsefSzikszai/Competitive-Programming-in-ABAP,2023-02-08T14:05:06Z
ABAP_Design_Pattern_Singleton,1,https://github.com/JozsefSzikszai/ABAP_Design_Pattern_Singleton,2023-02-20T10:30:50Z
spacelab-problem-management-backend-dev,1831,https://github.com/simplicity-goodness-truth/spacelab-problem-management-backend-dev,2023-03-14T19:19:27Z
CORSO_ABAP,1761,https://github.com/GianlucaCollot/CORSO_ABAP,2023-03-09T13:12:00Z
AMDP_pretty,1512,https://github.com/jindong1978/AMDP_pretty,2023-03-23T02:53:52Z
abap-workflow,1134,https://github.com/burakeven/abap-workflow,2023-03-10T12:02:16Z
sap_academy,527,https://github.com/Usopp39/sap_academy,2023-03-09T13:50:20Z
z4_abap_to_the_future,366,https://github.com/dvontress73/z4_abap_to_the_future,2023-03-27T16:24:16Z
ABAP-Sample-Code,339,https://github.com/Billyguo1013/ABAP-Sample-Code,2023-03-07T05:58:58Z
abap_devs_practice,298,https://github.com/EsteMaeLeo/abap_devs_practice,2023-03-24T16:33:14Z
ABAP2UI5,281,https://github.com/PapaOurss/ABAP2UI5,2023-03-04T07:51:48Z
manualOfABAP,254,https://github.com/pentyann12/manualOfABAP,2023-03-15T00:45:15Z
ABAP-Dev,213,https://github.com/dev4kis/ABAP-Dev,2023-03-29T22:45:43Z
zscv_search_cds_views,207,https://github.com/alwinvandeput/zscv_search_cds_views,2023-03-04T17:33:15Z
SAP-ABAP-RDV,193,https://github.com/siglesias83/SAP-ABAP-RDV,2023-03-16T09:33:40Z
ABAP_Library,188,https://github.com/Rody1025/ABAP_Library,2023-03-21T10:10:10Z
ABAP-Tools-for-abapGit,197,https://github.com/Marc-Bernard-Tools/ABAP-Tools-for-abapGit,2023-03-16T16:26:38Z
ZBDE,156,https://github.com/dicksonperdana/ZBDE,2023-03-07T04:10:50Z
Abap_Excel,371,https://github.com/AtanurBesirli/Abap_Excel,2023-03-30T11:32:11Z
hcm,103,https://github.com/edmilson-nascimento/hcm,2023-03-01T15:09:49Z
CorsoAbap23,90,https://github.com/GioF3rro/CorsoAbap23,2023-03-09T13:18:12Z
SAP_Entwicklung_Semester3,90,https://github.com/dieju/SAP_Entwicklung_Semester3,2023-03-13T20:41:13Z
ZFIORI_TILES,88,https://github.com/lucodealethea/ZFIORI_TILES,2023-03-03T20:08:21Z
BTP_2935_PF,79,https://github.com/diegocullera/BTP_2935_PF,2023-03-18T12:53:08Z
bapi_bestellung_anlegen_andern_lesen,77,https://github.com/urcm/bapi_bestellung_anlegen_andern_lesen,2023-03-16T16:27:03Z
gr5_vgr,74,https://github.com/karldermarx/gr5_vgr,2023-03-13T09:57:25Z
btp-abap-001,72,https://github.com/carivasr/btp-abap-001,2023-03-08T17:37:39Z
ABAP_EML,70,https://github.com/creciapaolaab/ABAP_EML,2023-03-27T20:37:35Z
Z_UP_DL_TABLE_TOOL,69,https://github.com/septum128/Z_UP_DL_TABLE_TOOL,2023-03-22T09:02:42Z
abap_config,68,https://github.com/PicciMario/abap_config,2023-03-14T20:27:43Z
MyDemoRAP001,62,https://github.com/naruepan2/MyDemoRAP001,2023-03-07T15:13:09Z
ZKUA_PRODUCTS_RAP,60,https://github.com/AlexKukharau/ZKUA_PRODUCTS_RAP,2023-03-27T19:26:25Z
fioriAppProject,55,https://github.com/Walz-M/fioriAppProject,2023-03-15T16:23:28Z
ZTEST_MCH_DATA_V4,54,https://github.com/cherifim/ZTEST_MCH_DATA_V4,2023-03-03T12:50:38Z
MyDemoRAP003,52,https://github.com/naruepan2/MyDemoRAP003,2023-03-24T09:28:11Z
va_academia,47,https://github.com/VitorA-AH/va_academia,2023-03-01T16:19:25Z
ABAP_CLOUD_GR,45,https://github.com/creciapaolaab/ABAP_CLOUD_GR,2023-03-16T14:26:20Z
BTP-MFG-Proyecto_Final_RAP,45,https://github.com/mfgfiori/BTP-MFG-Proyecto_Final_RAP,2023-03-10T10:52:29Z
S4D445,42,https://github.com/dustyplanet/S4D445,2023-03-10T10:48:12Z
ABAP_RAP,42,https://github.com/erikres08/ABAP_RAP,2023-03-14T20:47:48Z
abapprograms,40,https://github.com/analiteg/abapprograms,2023-03-31T10:16:55Z
RAP_Sales_Orders_Final_Project,39,https://github.com/sschacon/RAP_Sales_Orders_Final_Project,2023-03-16T19:21:31Z
CloudTraining,38,https://github.com/atharitGitHubNDBS/CloudTraining,2023-03-06T09:35:37Z
ABAP_CLOUD_GR,37,https://github.com/adja2207/ABAP_CLOUD_GR,2023-03-16T14:13:45Z
ZRK_SIDE_EFFECTS_RAP,35,https://github.com/koradaramjee789/ZRK_SIDE_EFFECTS_RAP,2023-03-25T13:08:44Z
Sap_Rap_Test,34,https://github.com/gzmilgar/Sap_Rap_Test,2023-03-01T07:40:30Z
ABAP-RESTful-Employee,33,https://github.com/ErVigue/ABAP-RESTful-Employee,2023-03-16T11:42:49Z
zrap_travel_907,33,https://github.com/bekozdemir/zrap_travel_907,2023-03-16T12:31:16Z
abap-caches,33,https://github.com/ypinc/abap-caches,2023-03-27T09:42:24Z
project2,32,https://github.com/DongwookRoh/project2,2023-03-14T03:55:01Z
abapgit_zonlineshopxxx,31,https://github.com/micol92/abapgit_zonlineshopxxx,2023-03-21T06:04:31Z
MyDemoRAP002,31,https://github.com/naruepan2/MyDemoRAP002,2023-03-07T15:53:52Z
gCTS_Testing,30,https://github.com/DevopsSacyr/gCTS_Testing,2023-03-23T08:49:22Z
RAP100_ATRAS306,30,https://github.com/chunrichi/RAP100_ATRAS306,2023-03-28T08:16:15Z
RAP-Seminario-2023,30,https://github.com/Logali-Group/RAP-Seminario-2023,2023-03-20T00:05:56Z
ABAP_RESTFUL,28,https://github.com/jamesduquee/ABAP_RESTFUL,2023-03-14T20:47:47Z
ABAP-Utilities-File-Class,27,https://github.com/juansebastiansoto/ABAP-Utilities-File-Class,2023-03-25T22:34:21Z
zrap_cds,25,https://github.com/thebestabapdeveloper/zrap_cds,2023-03-01T06:27:31Z
z_error_codes,24,https://github.com/bekozdemir/z_error_codes,2023-03-16T15:11:03Z
ZSU_BRF-_TEST,23,https://github.com/SugguSandeep29/ZSU_BRF-_TEST,2023-03-27T06:32:14Z
ZRAP620_005,23,https://github.com/S0004828647/ZRAP620_005,2023-03-14T14:14:40Z
STUD110,21,https://github.com/oswellhuang/STUD110,2023-03-20T09:29:50Z
abapgit_zonlineshopreuse,21,https://github.com/micol92/abapgit_zonlineshopreuse,2023-03-10T01:26:35Z
ZRAP100_907,21,https://github.com/bekozdemir/ZRAP100_907,2023-03-16T07:07:19Z
SearchCDSViewTool,21,https://github.com/stevinangelo/SearchCDSViewTool,2023-03-08T06:55:17Z
ZRAP100_801,29,https://github.com/S0004828647/ZRAP100_801,2023-03-14T14:29:12Z
ZRAP100,20,https://github.com/shahrukhbhat/ZRAP100,2023-03-21T14:55:25Z
abap_code_snipptets,20,https://github.com/brkcnplt/abap_code_snipptets,2023-03-03T18:52:32Z
test-abap-checks,20,https://github.com/kseretis-dacc/test-abap-checks,2023-03-16T10:27:35Z
BTP_TRAVEL,20,https://github.com/valihan/BTP_TRAVEL,2023-03-14T12:46:11Z
ZRAP_INVENTORY_0005,31,https://github.com/S0004828647/ZRAP_INVENTORY_0005,2023-03-14T13:14:12Z
zrap_travel_u_907,19,https://github.com/bekozdemir/zrap_travel_u_907,2023-03-16T15:04:41Z
custom_pa_infotype,17,https://github.com/ranjan1907/custom_pa_infotype,2023-03-07T08:53:24Z
abapcloud_edu,17,https://github.com/zenyrkim/abapcloud_edu,2023-03-09T03:41:13Z
3SLBootCamp,16,https://github.com/whb1991727/3SLBootCamp,2023-03-19T14:27:42Z
markdown_from_table_or_structure,16,https://github.com/Keller-Michael/markdown_from_table_or_structure,2023-03-25T20:20:51Z
ztravel_app_907,15,https://github.com/yasin199111/ztravel_app_907,2023-03-30T07:01:49Z
abap-functionalInterfaces,15,https://github.com/whothefluff/abap-functionalInterfaces,2023-03-08T22:26:53Z
S4-HANA-Cloud-0320,15,https://github.com/578099506/S4-HANA-Cloud-0320,2023-03-20T09:00:46Z
ztravel_app_907,15,https://github.com/bekozdemir/ztravel_app_907,2023-03-16T15:06:54Z
SAP-ABAP-Programacion-Iniciacion,15,https://github.com/Heiho-BitCuantico/SAP-ABAP-Programacion-Iniciacion,2023-03-28T17:52:24Z
Z_ONLINESHOP_085,14,https://github.com/jayforhe/Z_ONLINESHOP_085,2023-03-20T15:30:23Z
20230321_homework,14,https://github.com/yuehhua-lee/20230321_homework,2023-03-21T07:02:03Z
LJW0401,14,https://github.com/JWABAP/LJW0401,2023-03-09T02:46:00Z
TEST1,14,https://github.com/gahyoei/TEST1,2023-03-09T02:42:47Z
teste_abap,13,https://github.com/ricardow2005/teste_abap,2023-03-24T00:55:50Z
custom_om_infotype,13,https://github.com/ranjan1907/custom_om_infotype,2023-03-07T09:05:57Z
alv_splitter,13,https://github.com/brkcnplt/alv_splitter,2023-03-04T07:57:37Z
abapgit02,13,https://github.com/micol92/abapgit02,2023-03-07T08:05:17Z
sap_embedded_steampunk_studente100,13,https://github.com/Flexibility/sap_embedded_steampunk_studente100,2023-03-20T06:37:03Z
abap-checks-etc,12,https://github.com/kseretis-dacc/abap-checks-etc,2023-03-17T13:18:00Z
functionalabap,12,https://github.com/marcellourbani/functionalabap,2023-03-26T18:04:04Z
Report-com-Insert-Gerador-de-Codigo-Automatico-Saida-ALV,11,https://github.com/WesleyConstantino/Report-com-Insert-Gerador-de-Codigo-Automatico-Saida-ALV,2023-03-14T17:26:34Z
RAP-Training---2,11,https://github.com/UditaDevRoy/RAP-Training---2,2023-03-27T20:21:23Z
bapi_anlegen_prufplan,11,https://github.com/urcm/bapi_anlegen_prufplan,2023-03-16T20:27:31Z
SAP-ABAP,11,https://github.com/TuRous/SAP-ABAP,2023-03-17T07:48:20Z
ZFC_TEST,19,https://github.com/S0004828647/ZFC_TEST,2023-03-14T14:53:53Z
RAPTraining,10,https://github.com/UditaDevRoy/RAPTraining,2023-03-24T10:20:35Z
RAP-Training-Session,9,https://github.com/SUBASAK/RAP-Training-Session,2023-03-29T20:31:20Z
RAP-Training-3,9,https://github.com/UditaDevRoy/RAP-Training-3,2023-03-28T17:24:57Z
RAP-Training-Session,9,https://github.com/UditaDevRoy/RAP-Training-Session,2023-03-29T06:11:17Z
RAP-Trainining-Test1,9,https://github.com/UditaDevRoy/RAP-Trainining-Test1,2023-03-27T17:04:09Z
RAP-Trainining-Test,9,https://github.com/UditaDevRoy/RAP-Trainining-Test,2023-03-27T15:22:52Z
ABAP_Codes,8,https://github.com/vinifrigulha/ABAP_Codes,2023-03-28T17:28:06Z
exception-class,14,https://github.com/edmilson-nascimento/exception-class,2023-03-23T15:10:48Z
IWS-TEST,7,https://github.com/Jivaraj-Dhone/IWS-TEST,2023-03-03T08:58:15Z
TAB_ZHU_CODE,12,https://github.com/tabjxzhu/TAB_ZHU_CODE,2023-03-15T06:47:01Z
golang_download_sap_note,6,https://github.com/wwsheng009/golang_download_sap_note,2023-03-10T14:57:07Z
zrap_travel_e_907,5,https://github.com/bekozdemir/zrap_travel_e_907,2023-03-16T12:38:16Z
ABAP_ENV,5,https://github.com/jamesduquee/ABAP_ENV,2023-03-14T19:29:29Z
RAP-Start,5,https://github.com/Logali-Group/RAP-Start,2023-03-17T23:55:35Z
RAP-ScriptData,5,https://github.com/Logali-Group/RAP-ScriptData,2023-03-09T18:46:18Z
aie_test01,4,https://github.com/roedevries/aie_test01,2023-03-07T13:27:14Z
RAP_ENV,4,https://github.com/erikres08/RAP_ENV,2023-03-14T20:23:39Z
zdriver_car_select_2,4,https://github.com/GulcanC/zdriver_car_select_2,2023-03-30T11:48:26Z
ZGCO_INTERNALT_1,3,https://github.com/GulcanC/ZGCO_INTERNALT_1,2023-03-31T11:37:02Z
GSMP,3,https://github.com/abapGit-tests/GSMP,2023-03-15T11:06:25Z
s4h_code_migration,3,https://github.com/xiajiqiang666/s4h_code_migration,2023-03-21T08:15:53Z
zdriver_car_select_1,3,https://github.com/GulcanC/zdriver_car_select_1,2023-03-30T09:30:49Z
texttoolong,3,https://github.com/AndreaBorgia-Abo/texttoolong,2023-03-01T19:09:54Z
ZST_ETL,3,https://github.com/Sadullah-TANRIKULU/ZST_ETL,2023-03-20T13:33:07Z
common-dev,3,https://github.com/yasin199111/common-dev,2023-03-30T06:49:30Z
Ztestgit,2,https://github.com/epamSAPPoC/Ztestgit,2023-03-03T12:14:44Z
ZST_DIFF_OF_SQUARES,2,https://github.com/Sadullah-TANRIKULU/ZST_DIFF_OF_SQUARES,2023-03-20T06:29:33Z
ZDEV_REUSEALV,2,https://github.com/Sadullah-TANRIKULU/ZDEV_REUSEALV,2023-03-16T18:14:36Z
ZDEV_ABAP2UI5_PACKAGE,2,https://github.com/Sadullah-TANRIKULU/ZDEV_ABAP2UI5_PACKAGE,2023-03-12T20:40:36Z
0323,2,https://github.com/issuca81/0323,2023-03-23T06:45:28Z
ABAP_Repo,2,https://github.com/FaridBenamara/ABAP_Repo,2023-03-22T12:33:30Z
test0301,2,https://github.com/issuca81/test0301,2023-03-22T12:56:26Z
3SLCodeMigration,2,https://github.com/whb1991727/3SLCodeMigration,2023-03-20T14:40:10Z
BUProcessAutomation,2,https://github.com/standfestscc/BUProcessAutomation,2023-03-03T17:25:12Z
Report-que-faz-Insert-no-Banco-de-Dados,1,https://github.com/WesleyConstantino/Report-que-faz-Insert-no-Banco-de-Dados,2023-03-13T20:24:33Z
ZMFK_EGITIM_PACKAGE,1,https://github.com/muhammedkoruyaan/ZMFK_EGITIM_PACKAGE,2023-03-08T14:45:03Z
ABAP-SDK-for-Azure,19296,https://github.com/akchaithanya1980/ABAP-SDK-for-Azure,2023-04-03T20:07:40Z
RAP-ZST7BEHVPOOL_DRAFT_UMG,14934,https://github.com/thesaltpit/RAP-ZST7BEHVPOOL_DRAFT_UMG,2023-04-12T15:46:34Z
abap,11346,https://github.com/Anupam2386/abap,2023-04-14T07:29:54Z
aisdkforsapabap,3110,https://github.com/microsoft/aisdkforsapabap,2023-04-18T01:46:17Z
spacelab-problem-management-backend-live,1519,https://github.com/simplicity-goodness-truth/spacelab-problem-management-backend-live,2023-04-17T15:05:05Z
testyTest,986,https://github.com/abapGit/testyTest,2023-04-01T08:14:36Z
abap-i18n-checker,1285,https://github.com/guitaristanbul/abap-i18n-checker,2023-04-19T17:16:51Z
abap-sap-tools,902,https://github.com/irodrigob/abap-sap-tools,2023-04-22T13:38:51Z
abap2UI5,796,https://github.com/YuvarajRangasamy/abap2UI5,2023-04-10T19:36:49Z
cloudyTest,796,https://github.com/abapGit/cloudyTest,2023-04-04T15:09:46Z
ABAP_demo,746,https://github.com/jindong1978/ABAP_demo,2023-04-08T14:45:46Z
rap-fe-samples,688,https://github.com/jcailan/rap-fe-samples,2023-04-02T12:33:09Z
abap-to-json,707,https://github.com/SAP/abap-to-json,2023-04-18T15:48:21Z
RAP-ZST7OBJECTS,671,https://github.com/thesaltpit/RAP-ZST7OBJECTS,2023-04-08T21:54:57Z
abap-tbox-random-data,429,https://github.com/zenrosadira/abap-tbox-random-data,2023-04-03T14:57:02Z
ZCM001,274,https://github.com/rex1101/ZCM001,2023-04-04T12:14:41Z
atahancesur,280,https://github.com/atahancesur/atahancesur,2023-04-29T13:25:14Z
ZRAP_PRODUCT_2023,196,https://github.com/epamSAPPoC/ZRAP_PRODUCT_2023,2023-04-13T15:26:31Z
ABAPKIT,195,https://github.com/chunrichi/ABAPKIT,2023-04-07T12:19:31Z
RESULT-for-ABAP,153,https://github.com/dominikpanzer/RESULT-for-ABAP,2023-04-17T22:40:49Z
ZMM_GOOD_RECEIPT,120,https://github.com/cherifim/ZMM_GOOD_RECEIPT,2023-04-07T15:29:27Z
ZRAP_LIBRARY_BOOKING,111,https://github.com/epamSAPPoC/ZRAP_LIBRARY_BOOKING,2023-04-13T16:55:56Z
TR_COPY_RELEASE,110,https://github.com/Sgudkov/TR_COPY_RELEASE,2023-04-04T07:05:31Z
abap_master_btp,107,https://github.com/Jessicka-Code/abap_master_btp,2023-04-06T06:59:22Z
abap,98,https://github.com/qiyanwang0/abap,2023-04-13T05:59:57Z
carbonmark-sapabap-demo,97,https://github.com/fleischr/carbonmark-sapabap-demo,2023-04-26T03:31:57Z
ABAP,95,https://github.com/o-nik-s/ABAP,2023-04-04T15:37:42Z
abap-unit-runner-ci,83,https://github.com/colbyhemond/abap-unit-runner-ci,2023-04-22T14:55:54Z
MyAbapGit,76,https://github.com/andreyqwertyxyz/MyAbapGit,2023-04-05T09:47:48Z
ABAP,128,https://github.com/friveratobar/ABAP,2023-04-30T17:20:13Z
EPAM-RAP,72,https://github.com/Kerym/EPAM-RAP,2023-04-03T05:01:43Z
mcbc_sap_modernabap,76,https://github.com/SatheesP/mcbc_sap_modernabap,2023-04-18T03:33:02Z
Customers,69,https://github.com/guitaristanbul/Customers,2023-04-14T14:04:01Z
ABAP,68,https://github.com/Akemitsuru/ABAP,2023-04-03T21:41:05Z
test_repo,68,https://github.com/OpenTestUser/test_repo,2023-04-11T13:06:37Z
ajson_dt_mirror,60,https://github.com/christianguenter2/ajson_dt_mirror,2023-04-28T09:43:45Z
prodz,58,https://github.com/burakeven/prodz,2023-04-28T05:28:56Z
ABAP,58,https://github.com/hakanozcan/ABAP,2023-04-26T11:27:39Z
FILE_ASSIST,55,https://github.com/taiabr/FILE_ASSIST,2023-04-03T12:49:58Z
Exception-Management,54,https://github.com/ChiragDeloitte/Exception-Management,2023-04-20T13:46:16Z
ZRAP_ZAPYARD_R19,53,https://github.com/MSHAIKH589/ZRAP_ZAPYARD_R19,2023-04-11T07:22:07Z
ABAP_Target1,48,https://github.com/mallickp/ABAP_Target1,2023-04-17T16:42:30Z
KDE_SAP,47,https://github.com/Demonda64/KDE_SAP,2023-04-25T17:29:26Z
ABAP-Logger_dt_mirror,39,https://github.com/christianguenter2/ABAP-Logger_dt_mirror,2023-04-28T11:45:02Z
rap_opensap,35,https://github.com/heriyantoliu/rap_opensap,2023-04-28T07:54:04Z
abap_mat_master_data_validator,34,https://github.com/germanysources/abap_mat_master_data_validator,2023-04-21T07:27:29Z
CAP_PROCESSOR_BTP,32,https://github.com/egorKazit/CAP_PROCESSOR_BTP,2023-04-22T15:09:13Z
Brights_LHIND_Coching_Content,32,https://github.com/MaddinJay/Brights_LHIND_Coching_Content,2023-04-17T14:49:10Z
codeSAP,36,https://github.com/Demonda64/codeSAP,2023-04-24T09:36:23Z
ABAP,28,https://github.com/Eggy115/ABAP,2023-04-14T14:03:59Z
abapgit,28,https://github.com/herogate/abapgit,2023-04-08T02:23:05Z
sflight-demo,28,https://github.com/nuve-platform/sflight-demo,2023-04-24T23:22:17Z
bapi_bestellanforderung_anlegen_andern_lesen,27,https://github.com/urcm/bapi_bestellanforderung_anlegen_andern_lesen,2023-04-24T10:27:15Z
Zclone,26,https://github.com/qiyanwang0/Zclone,2023-04-13T07:06:20Z
yfi-highradius-usage-report,25,https://github.com/dkfedalv/yfi-highradius-usage-report,2023-04-18T07:14:50Z
WSTW_CROSS_TRANSPORT,24,https://github.com/andreasmuenster/WSTW_CROSS_TRANSPORT,2023-04-05T13:51:31Z
ZPRACTICAS_2023,22,https://github.com/joseandresgithub/ZPRACTICAS_2023,2023-04-20T22:29:50Z
BTP_FP_RESTful,21,https://github.com/fanjor/BTP_FP_RESTful,2023-04-17T01:15:53Z
ZMM42_LOGCD,21,https://github.com/edgar-r-soares/ZMM42_LOGCD,2023-04-11T14:30:18Z
ABAP_Target,20,https://github.com/mallickp/ABAP_Target,2023-04-16T16:11:19Z
RAP100,19,https://github.com/vziegler2/RAP100,2023-04-24T20:35:35Z
monotis,18,https://github.com/devaziz/monotis,2023-04-25T08:18:47Z
sap-rapm-draft,17,https://github.com/sabarna17/sap-rapm-draft,2023-04-18T17:28:14Z
RAP-ZST7BEHVPOOL_N,17,https://github.com/thesaltpit/RAP-ZST7BEHVPOOL_N,2023-04-08T22:02:39Z
mver-consumption-management,17,https://github.com/joaoponcianoo/mver-consumption-management,2023-04-16T02:30:51Z
simple-alv,17,https://github.com/joaoponcianoo/simple-alv,2023-04-16T02:11:52Z
ZPEDROFCV_1,17,https://github.com/pedrofcv/ZPEDROFCV_1,2023-04-19T21:47:14Z
RAP-Sales-Logamr,16,https://github.com/maxromeroupc/RAP-Sales-Logamr,2023-04-17T03:28:13Z
Z_OUTBOUND_RFC_000_PMD,20,https://github.com/julieplummer20/Z_OUTBOUND_RFC_000_PMD,2023-04-20T12:03:28Z
dev,15,https://github.com/wuhongyan2020/dev,2023-04-10T13:34:59Z
zmm42_mean,14,https://github.com/edgar-r-soares/zmm42_mean,2023-04-12T09:15:24Z
AMDP-ZST7AMDP,12,https://github.com/thesaltpit/AMDP-ZST7AMDP,2023-04-12T17:39:17Z
i18n_test,11,https://github.com/sbcgua/i18n_test,2023-04-04T07:08:46Z
ABAP_Source,9,https://github.com/mallickp/ABAP_Source,2023-04-16T15:14:45Z
RAP-Training,9,https://github.com/n736974/RAP-Training,2023-04-03T15:43:01Z
RAP-Vendor-Portal,9,https://github.com/shobhverma/RAP-Vendor-Portal,2023-04-02T13:51:36Z
RAPTraining,9,https://github.com/pondev1/RAPTraining,2023-04-05T20:28:37Z
RAP-Practice-1,9,https://github.com/Biswas-Subhashis/RAP-Practice-1,2023-04-02T06:33:47Z
ZMS_REPOSITORY,8,https://github.com/iamSmallY/ZMS_REPOSITORY,2023-04-26T08:10:17Z
zabap_oop,8,https://github.com/Sadullah-TANRIKULU/zabap_oop,2023-04-04T12:04:15Z
ABAP_Target2,8,https://github.com/mallickp/ABAP_Target2,2023-04-19T11:45:11Z
abap-customCDSAnnotationsEx,7,https://github.com/whothefluff/abap-customCDSAnnotationsEx,2023-04-21T13:43:42Z
value_objects,7,https://github.com/Keller-Michael/value_objects,2023-04-16T19:40:52Z
general_business_exception_class,7,https://github.com/Keller-Michael/general_business_exception_class,2023-04-26T07:24:00Z
abapgit-deneme,6,https://github.com/yasinsgrc/abapgit-deneme,2023-04-18T13:10:06Z
ENHO_ENHS_with_SOTR,6,https://github.com/abapGit-tests/ENHO_ENHS_with_SOTR,2023-04-01T15:40:46Z
timestamp,6,https://github.com/Keller-Michael/timestamp,2023-04-22T20:20:35Z
AbapRfcJobMonitor,6,https://github.com/saka-y/AbapRfcJobMonitor,2023-04-07T09:47:45Z
ZGCO_MARA_MAKT,5,https://github.com/GulcanC/ZGCO_MARA_MAKT,2023-04-01T01:37:17Z
ZGCO_EX_3,5,https://github.com/GulcanC/ZGCO_EX_3,2023-04-02T21:30:01Z
bapi_lesen_daten_debitoren,5,https://github.com/urcm/bapi_lesen_daten_debitoren,2023-04-20T21:20:52Z
ZGCO_EKKO_EKPO,5,https://github.com/GulcanC/ZGCO_EKKO_EKPO,2023-04-16T21:51:31Z
BTPTest,4,https://github.com/aditya23b/BTPTest,2023-04-09T09:49:45Z
abapGit-Demo,4,https://github.com/ErVigue/abapGit-Demo,2023-04-04T10:28:43Z
ABAPObjectTest,3,https://github.com/Sam-Typing/ABAPObjectTest,2023-04-18T10:38:45Z
Bachelorarbeit-Experiment-V2,3,https://github.com/DrBackmischung/Bachelorarbeit-Experiment-V2,2023-04-12T09:08:29Z
tempoabap01,3,https://github.com/tempo0101/tempoabap01,2023-04-14T04:25:10Z
zst_beer_song,2,https://github.com/Sadullah-TANRIKULU/zst_beer_song,2023-04-04T15:07:58Z
test-sorting,2,https://github.com/bjoern-jueliger-sap/test-sorting,2023-04-26T08:03:40Z
abap,2,https://github.com/oomerak/abap,2023-04-05T11:37:18Z
abap01,1,https://github.com/lconstantinosap/abap01,2023-04-20T09:47:57Z
abapGitTest,1,https://github.com/ythdelmar68/abapGitTest,2023-04-11T07:39:39Z
ABAP_Extensibility_WS_Japan,87966,https://github.com/goto510ken/ABAP_Extensibility_WS_Japan,2023-05-26T07:29:26Z
ABAP-Study,46769,https://github.com/hansung0904/ABAP-Study,2023-05-02T23:52:16Z
samples,3030,https://github.com/abap2UI5/samples,2023-05-21T11:35:33Z
code-pal-for-abap,2598,https://github.com/guitaristanbul/code-pal-for-abap,2023-05-17T12:09:36Z
SAP-Developer-Code-Challenge,1812,https://github.com/nomssi/SAP-Developer-Code-Challenge,2023-05-14T01:21:08Z
Product-Hierarchy,1778,https://github.com/ipravir/Product-Hierarchy,2023-05-22T19:58:41Z
abap2ui5,980,https://github.com/A142612/abap2ui5,2023-05-25T13:19:57Z
abap2UI5clone,928,https://github.com/mmpcse/abap2UI5clone,2023-05-19T15:02:12Z
steampunk-2305-api,799,https://github.com/abapedia/steampunk-2305-api,2023-05-27T10:20:11Z
ABAP-Learner,799,https://github.com/mds6810/ABAP-Learner,2023-05-22T09:46:25Z
0427,632,https://github.com/JayeonC/0427,2023-05-03T06:31:51Z
matrix,561,https://github.com/aleksei-belousov/matrix,2023-05-12T07:11:44Z
abapGit,537,https://github.com/manojkumarpotharaju/abapGit,2023-05-11T09:04:46Z
abap-test,459,https://github.com/stankovic-sasa/abap-test,2023-05-26T13:27:54Z
ZCTS_BROWSER_v1,318,https://github.com/OlegBash599/ZCTS_BROWSER_v1,2023-05-20T12:09:22Z
SOLMOVE,265,https://github.com/Chupakebr/SOLMOVE,2023-05-29T08:04:50Z
cacamber-BDD-for-ABAP,196,https://github.com/dominikpanzer/cacamber-BDD-for-ABAP,2023-05-01T18:06:31Z
sap-developer-cc-open-source-cloud,186,https://github.com/JliberalFTC/sap-developer-cc-open-source-cloud,2023-05-15T19:10:13Z
Curso_HANA_GVALER,182,https://github.com/cesar-ramielo/Curso_HANA_GVALER,2023-05-15T17:10:09Z
RAP_Product,176,https://github.com/Shampyn/RAP_Product,2023-05-24T15:50:39Z
ISRTraxxionreports,145,https://github.com/fjrd12/ISRTraxxionreports,2023-05-02T23:47:14Z
SAP1,140,https://github.com/p4elopuh/SAP1,2023-05-13T19:52:47Z
SAP-Developer-Code-Challenge-Open-Source-ABAP,124,https://github.com/TBuryanek/SAP-Developer-Code-Challenge-Open-Source-ABAP,2023-05-17T07:54:14Z
ZLEARN-013,119,https://github.com/MaximKaufmann/ZLEARN-013,2023-05-06T08:44:18Z
ABAP,118,https://github.com/CoderRahu1/ABAP,2023-05-01T07:13:16Z
ZRAP_DEMO_EN,99,https://github.com/Calin89/ZRAP_DEMO_EN,2023-05-25T12:28:38Z
SAP-RAP-practice,95,https://github.com/dhowardb/SAP-RAP-practice,2023-05-23T04:37:27Z
Course_Hana_CRE,94,https://github.com/cesar-ramielo/Course_Hana_CRE,2023-05-26T19:38:34Z
RAPManagedSD,94,https://github.com/VishnuPriyakadiyala/RAPManagedSD,2023-05-08T10:01:31Z
SAP_2,93,https://github.com/frankenstain1256/SAP_2,2023-05-13T04:26:53Z
data-migration-centre,102,https://github.com/H00fie/data-migration-centre,2023-05-24T10:38:06Z
abapPM-Package-JSON,85,https://github.com/abapPM/abapPM-Package-JSON,2023-05-25T15:15:58Z
TEMPLATE-ABAP-PROGRAM,82,https://github.com/wellys3/TEMPLATE-ABAP-PROGRAM,2023-05-19T10:58:54Z
KE_RAP,75,https://github.com/KEGitHub01/KE_RAP,2023-05-08T14:03:18Z
btp_abap_trial_test,118,https://github.com/yliu114pwc/btp_abap_trial_test,2023-05-24T14:25:13Z
SAP-ABAP-Study,88,https://github.com/2zzzi/SAP-ABAP-Study,2023-05-21T07:05:35Z
sap-dev-cc-open-source,66,https://github.com/miggi92/sap-dev-cc-open-source,2023-05-10T15:10:00Z
suman,57,https://github.com/sumankuma456/suman,2023-05-17T22:11:02Z
abapgit,51,https://github.com/Paullewa/abapgit,2023-05-11T07:24:10Z
ZCMFICO,51,https://github.com/rex1101/ZCMFICO,2023-05-13T23:18:57Z
ABAP-RAP-Tutorial,51,https://github.com/sahilnandimedala/ABAP-RAP-Tutorial,2023-05-11T11:06:54Z
Z_OB_000,48,https://github.com/MaximKaufmann/Z_OB_000,2023-05-06T09:13:18Z
abap_simple_remote_query,47,https://github.com/manwell77/abap_simple_remote_query,2023-05-04T08:59:21Z
ZRAP,46,https://github.com/ekendy/ZRAP,2023-05-12T22:06:14Z
zdhl,44,https://github.com/almedinhodzic/zdhl,2023-05-21T19:47:08Z
Training_rap_btp,59,https://github.com/ladbdevelopment/Training_rap_btp,2023-05-02T11:17:59Z
rap-logali,43,https://github.com/ricacodu/rap-logali,2023-05-10T00:01:30Z
ZJS_AO,41,https://github.com/jskodurubtp/ZJS_AO,2023-05-30T14:25:40Z
ZAO,41,https://github.com/i356559/ZAO,2023-05-30T13:30:53Z
sap-developer-cc-open-source,38,https://github.com/JliberalFTC/sap-developer-cc-open-source,2023-05-15T18:50:44Z
Z_OB_011,37,https://github.com/MaximKaufmann/Z_OB_011,2023-05-06T09:14:25Z
wsabap,37,https://github.com/shkwaseem86/wsabap,2023-05-11T03:28:02Z
abap-excel-to-sap-table-dynamic,34,https://github.com/muhammedazman/abap-excel-to-sap-table-dynamic,2023-05-13T21:57:07Z
SAP_3,34,https://github.com/frankenstain1256/SAP_3,2023-05-13T04:31:46Z
RAP,34,https://github.com/ngochuy1999/RAP,2023-05-12T04:25:28Z
alchemy_abap,33,https://github.com/ra-lamba/alchemy_abap,2023-05-02T22:54:45Z
NWinCall,33,https://github.com/OlegBash599/NWinCall,2023-05-28T16:19:47Z
TDD_Samples,36,https://github.com/mindsquare-Custom-Solutions/TDD_Samples,2023-05-24T04:52:09Z
rap_logali_2,32,https://github.com/ricacodu/rap_logali_2,2023-05-10T01:21:51Z
abap_util,31,https://github.com/manwell77/abap_util,2023-05-04T11:28:23Z
helpful-pattern,30,https://github.com/darkfrozenfire/helpful-pattern,2023-05-06T10:13:54Z
ZLEARN_004_POKEMON,28,https://github.com/MaximKaufmann/ZLEARN_004_POKEMON,2023-05-06T08:49:21Z
zInventoryage,28,https://github.com/whb1991727/zInventoryage,2023-05-16T09:20:52Z
ZZCO2COMP2,27,https://github.com/MaximKaufmann/ZZCO2COMP2,2023-05-06T09:08:15Z
Exercicios_ABAP_FioriNet,27,https://github.com/IsaiasLops/Exercicios_ABAP_FioriNet,2023-05-23T14:27:41Z
abap_structured_remote_query_language,27,https://github.com/manwell77/abap_structured_remote_query_language,2023-05-04T10:36:03Z
ABAP_CSV_TOOLS,25,https://github.com/SRBConsultingTeam/ABAP_CSV_TOOLS,2023-05-30T18:38:49Z
simple,25,https://github.com/aleksei-belousov/simple,2023-05-17T14:19:40Z
eco_emissions_demo,24,https://github.com/fleischr/eco_emissions_demo,2023-05-17T06:07:19Z
axage_example,24,https://github.com/jung-thomas/axage_example,2023-05-01T20:07:39Z
GO_GROW,23,https://github.com/Marc0ne94/GO_GROW,2023-05-16T00:31:23Z
ZLEARN_004_ASS,23,https://github.com/MaximKaufmann/ZLEARN_004_ASS,2023-05-06T08:46:35Z
abaprep1,23,https://github.com/subasaraswathi/abaprep1,2023-05-23T10:13:31Z
ABAP-STATIC-TVARVC,23,https://github.com/wellys3/ABAP-STATIC-TVARVC,2023-05-30T04:28:00Z
gCTS,22,https://github.com/srinivas2210/gCTS,2023-05-11T14:16:37Z
ZPAKET_MAXIM_ASSESS_2,22,https://github.com/MaximKaufmann/ZPAKET_MAXIM_ASSESS_2,2023-05-06T09:04:07Z
maintenance-type-app,21,https://github.com/frankjentsch/maintenance-type-app,2023-05-13T19:15:34Z
abap_ooALV,20,https://github.com/burakeven/abap_ooALV,2023-05-24T09:16:14Z
zcl_bc_pdf_converter,20,https://github.com/sap-weberpatrick/zcl_bc_pdf_converter,2023-05-10T10:23:05Z
ZTEST_DOWNLOAD_BASE64,16,https://github.com/TBuryanek/ZTEST_DOWNLOAD_BASE64,2023-05-17T07:09:22Z
karchitect-abapgit,16,https://github.com/kartefact/karchitect-abapgit,2023-05-11T08:17:42Z
SCM_BYOG,16,https://github.com/IngridMLG/SCM_BYOG,2023-05-04T06:35:57Z
OpenABAPChallenge,15,https://github.com/SAPSertorious/OpenABAPChallenge,2023-05-16T05:56:03Z
helloworld,15,https://github.com/titustt/helloworld,2023-05-18T05:10:26Z
Codebackup,15,https://github.com/NikishP13/Codebackup,2023-05-05T10:44:52Z
downport_test,14,https://github.com/dominikpanzer/downport_test,2023-05-10T17:58:07Z
sap_chal_05_2023,14,https://github.com/smuhsb/sap_chal_05_2023,2023-05-16T02:15:22Z
embedded-steampunk-enablement,14,https://github.com/wdjimenez/embedded-steampunk-enablement,2023-05-23T23:29:06Z
ZMI_PAKET2,14,https://github.com/MaximKaufmann/ZMI_PAKET2,2023-05-06T08:59:50Z
ZJW_BEHAVIOUR,14,https://github.com/MaximKaufmann/ZJW_BEHAVIOUR,2023-05-06T08:42:49Z
abap_simple_odata_service,14,https://github.com/Voelkerdo/abap_simple_odata_service,2023-05-29T12:49:12Z
Batch-Data-Communication-,13,https://github.com/harshsharma1506/Batch-Data-Communication-,2023-05-15T12:13:04Z
abap_exception_chain,13,https://github.com/manwell77/abap_exception_chain,2023-05-04T11:24:12Z
ZTRAVEL_APP_011,13,https://github.com/MaximKaufmann/ZTRAVEL_APP_011,2023-05-06T09:07:22Z
alinecanteiro-sap-dev-cc-open-source,13,https://github.com/alinecanteiro/alinecanteiro-sap-dev-cc-open-source,2023-05-11T13:54:24Z
Code-Challenge-Open-Source-ABAP,13,https://github.com/anachavesrs/Code-Challenge-Open-Source-ABAP,2023-05-17T13:58:14Z
Z_T012_TRAVEL_APP,13,https://github.com/MaximKaufmann/Z_T012_TRAVEL_APP,2023-05-06T09:15:14Z
demo_steampunk,13,https://github.com/mtauch/demo_steampunk,2023-05-02T12:31:40Z
booking_event,13,https://github.com/shahrukhbhat/booking_event,2023-05-24T14:51:53Z
core_acquire,12,https://github.com/sh4il3sh/core_acquire,2023-05-17T18:27:13Z
Prathyusha,12,https://github.com/Prathyushavanga9/Prathyusha,2023-05-11T10:28:32Z
Z009_TRAVEL,11,https://github.com/MaximKaufmann/Z009_TRAVEL,2023-05-04T11:52:51Z
Dependency_Injection,10,https://github.com/4ndr3ass/Dependency_Injection,2023-05-16T07:23:12Z
abap-JSONParser,10,https://github.com/whothefluff/abap-JSONParser,2023-05-25T21:36:19Z
SAP_Dev_Code_Challenge,10,https://github.com/vickynaren/SAP_Dev_Code_Challenge,2023-05-12T07:31:54Z
bapi_inforecord_getlist,10,https://github.com/urcm/bapi_inforecord_getlist,2023-05-18T11:08:42Z
abap-ca-ldap,9,https://github.com/irodrigob/abap-ca-ldap,2023-05-16T13:16:05Z
SAPDevCodeChallengeOS,9,https://github.com/jasshaue/SAPDevCodeChallengeOS,2023-05-16T07:24:51Z
abap-hello-world,9,https://github.com/jung-thomas/abap-hello-world,2023-05-12T13:40:29Z
ABAP_ChatGPT_Client,11,https://github.com/clemens1994/ABAP_ChatGPT_Client,2023-05-21T11:48:10Z
SAP-Developer-Code-Challenge,9,https://github.com/adrianawoitexem/SAP-Developer-Code-Challenge,2023-05-18T00:56:05Z
developerchallenge-abap,9,https://github.com/dazowens/developerchallenge-abap,2023-05-20T08:40:01Z
TESTABAPGIT,8,https://github.com/serkantaskan/TESTABAPGIT,2023-05-12T13:15:04Z
abap-code-challenge,8,https://github.com/jrodriguez-rc/abap-code-challenge,2023-05-10T14:13:38Z
abapGit,8,https://github.com/fatimaygbv/abapGit,2023-05-15T11:26:41Z
btp_abap_cloud,8,https://github.com/Momogo999/btp_abap_cloud,2023-05-25T12:39:42Z
SAP_DEV_Code_Challenge,8,https://github.com/sourav-exe/SAP_DEV_Code_Challenge,2023-05-14T14:27:40Z
abap_change_document,8,https://github.com/manwell77/abap_change_document,2023-05-04T11:23:20Z
larudat_ABAP_OSS_23,8,https://github.com/larudat/larudat_ABAP_OSS_23,2023-05-16T19:36:59Z
sap-opensource-abap,8,https://github.com/ruthiel/sap-opensource-abap,2023-05-12T09:28:36Z
ZLEARN_004_FOOD,7,https://github.com/MaximKaufmann/ZLEARN_004_FOOD,2023-05-06T08:47:59Z
sap-developer-code-challenge-open-source-abap,7,https://github.com/kjetil-kilhavn/sap-developer-code-challenge-open-source-abap,2023-05-13T11:20:24Z
SAP_Dev_Chlg,7,https://github.com/jmoutreux/SAP_Dev_Chlg,2023-05-20T17:40:10Z
ABAP_Projects,7,https://github.com/IsaiasLops/ABAP_Projects,2023-05-16T20:53:07Z
Ojeswini,7,https://github.com/OjeswiniSanaka/Ojeswini,2023-05-11T10:18:23Z
shuzigua,7,https://github.com/zhaowei0315/shuzigua,2023-05-18T09:29:58Z
hello_world,7,https://github.com/Ennowulff/hello_world,2023-05-17T08:51:06Z
ABAP_REPOSITORY,7,https://github.com/SSingiredd/ABAP_REPOSITORY,2023-05-11T13:39:40Z
desktop-tutorial,7,https://github.com/Marc0ne94/desktop-tutorial,2023-05-15T23:58:03Z
ZPAKET_MAXIM_ASSESS,7,https://github.com/MaximKaufmann/ZPAKET_MAXIM_ASSESS,2023-05-06T09:03:18Z
ABAP-Report-with-OO-and-Reuse-Function,6,https://github.com/BrunoVelascoBerenger/ABAP-Report-with-OO-and-Reuse-Function,2023-05-21T22:08:52Z
sap-developer-code-challenge-open-source-abap,6,https://github.com/leskanic/sap-developer-code-challenge-open-source-abap,2023-05-18T11:40:46Z
ZOB11_INTERFACE_011,6,https://github.com/MaximKaufmann/ZOB11_INTERFACE_011,2023-05-06T09:02:21Z
helloWorldClassAbap,6,https://github.com/ggarcia-de-souza/helloWorldClassAbap,2023-05-11T20:52:37Z
zsap_communitiy_abapgit,6,https://github.com/kunalsahi/zsap_communitiy_abapgit,2023-05-11T14:41:13Z
sh_abapgit,6,https://github.com/sheenamk/sh_abapgit,2023-05-15T05:52:38Z
reportALV,5,https://github.com/ggarcia-de-souza/reportALV,2023-05-10T23:51:36Z
ZCOOL,5,https://github.com/MaximKaufmann/ZCOOL,2023-05-06T08:40:56Z
ABAPOPENAI,5,https://github.com/joaquin-erenas/ABAPOPENAI,2023-05-27T16:39:16Z
sap-abap-opensource-code-challenge,5,https://github.com/bztoy/sap-abap-opensource-code-challenge,2023-05-13T08:38:55Z
Rahul,5,https://github.com/RahulChowdary10/Rahul,2023-05-19T09:51:30Z
Customer-Exit-EXIT_SAPLRSR0_001,7,https://github.com/harshsharma1506/Customer-Exit-EXIT_SAPLRSR0_001,2023-05-15T13:57:18Z
BankingApplicationABAP,4,https://github.com/sbahad/BankingApplicationABAP,2023-05-02T19:35:12Z
Prem,4,https://github.com/premkasina9/Prem,2023-05-11T10:14:10Z
ABAPCC202305W3,4,https://github.com/Yoloyoda/ABAPCC202305W3,2023-05-30T13:00:11Z
abap_cr_util,4,https://github.com/manwell77/abap_cr_util,2023-05-04T11:22:27Z
ABAP-Challenge,4,https://github.com/MikitaMez/ABAP-Challenge,2023-05-14T20:12:10Z
sdcc,4,https://github.com/jerrywong-sap/sdcc,2023-05-10T23:31:50Z
May2023DeveloperChallenge,4,https://github.com/bohranooru17/May2023DeveloperChallenge,2023-05-17T05:43:37Z
abapdev-code-challenge,4,https://github.com/gnahor/abapdev-code-challenge,2023-05-11T06:07:51Z
Recibo_Pedagio_ABAP,4,https://github.com/IsaiasLops/Recibo_Pedagio_ABAP,2023-05-22T23:27:24Z
AbapChallenge,4,https://github.com/OneShivam/AbapChallenge,2023-05-13T05:29:02Z
ABAP-cc,4,https://github.com/rajesh481/ABAP-cc,2023-05-26T15:53:32Z
ZST_ABAP2UI5_WEEK1,4,https://github.com/Sadullah-TANRIKULU/ZST_ABAP2UI5_WEEK1,2023-05-25T11:30:55Z
SAP-Developer-Code-Challenge-,4,https://github.com/kwinzig/SAP-Developer-Code-Challenge-,2023-05-12T17:18:08Z
abapGit,3,https://github.com/yatinvparab/abapGit,2023-05-11T08:29:32Z
scn-abap_code_challenge,3,https://github.com/neocluster/scn-abap_code_challenge,2023-05-21T16:37:29Z
abapCodeChallenge2023,3,https://github.com/pokrakam/abapCodeChallenge2023,2023-05-17T20:15:35Z
SAPDevelopersCodeChallenge_May23_Week3,3,https://github.com/EcemYalim/SAPDevelopersCodeChallenge_May23_Week3,2023-05-28T10:52:10Z
Automatizacao-de-Boletos,3,https://github.com/LilianRaissa/Automatizacao-de-Boletos,2023-05-22T19:05:11Z
abapChallenge,3,https://github.com/daniel-aguilar-garcia/abapChallenge,2023-05-10T19:59:24Z
AbapChallengeW3,3,https://github.com/giric34/AbapChallengeW3,2023-05-26T14:16:30Z
ABAP-Challenge,3,https://github.com/sahilnandimedala/ABAP-Challenge,2023-05-11T07:01:34Z
abapossw2,3,https://github.com/ravish-garg/abapossw2,2023-05-24T22:52:07Z
abap_helloworld,3,https://github.com/tammielm/abap_helloworld,2023-05-19T08:23:50Z
abap-code-challenge,3,https://github.com/Atashovic/abap-code-challenge,2023-05-15T06:51:02Z
ABAP-Challenge,3,https://github.com/AmauryVanEspen/ABAP-Challenge,2023-05-11T08:15:25Z
ABAPChallenge,3,https://github.com/giric34/ABAPChallenge,2023-05-16T13:37:44Z
ZCO2INV3,3,https://github.com/MaximKaufmann/ZCO2INV3,2023-05-06T08:37:55Z
TESTABAPGIT,2,https://github.com/devifk/TESTABAPGIT,2023-05-12T09:28:33Z
ZMFK_CODECHALLENGE,2,https://github.com/muhammedkoruyaan/ZMFK_CODECHALLENGE,2023-05-11T10:55:25Z
Rathod.Preetha,2,https://github.com/1012771/Rathod.Preetha,2023-05-11T09:25:20Z
SAP-DCC-OSA1,2,https://github.com/pat-leh/SAP-DCC-OSA1,2023-05-13T11:27:29Z
ZST_CODECHALLANGE_MAY,2,https://github.com/Sadullah-TANRIKULU/ZST_CODECHALLANGE_MAY,2023-05-11T10:38:19Z
ABAPGit,2,https://github.com/JANUJVS/ABAPGit,2023-05-17T10:06:50Z
abap-eml,3,https://github.com/ashish32patel/abap-eml,2023-05-08T05:36:18Z
AbapGit-Challenge-Week-1,2,https://github.com/BrunoVelascoBerenger/AbapGit-Challenge-Week-1,2023-05-21T15:52:23Z
ABAPCC202305,2,https://github.com/Yoloyoda/ABAPCC202305,2023-05-15T07:45:59Z
BOOTCAMP,2,https://github.com/Zorenlo33/BOOTCAMP,2023-05-03T13:17:45Z
sap_abap,2,https://github.com/rash1234/sap_abap,2023-05-16T09:51:01Z
TEST_ORIGLANG,5,https://github.com/mbtools/TEST_ORIGLANG,2023-05-21T15:36:47Z
abap-units,2,https://github.com/ashish32patel/abap-units,2023-05-08T04:58:26Z
npl_abap_devs,2,https://github.com/EsteMaeLeo/npl_abap_devs,2023-05-04T22:12:06Z
ZMFK_ABAP_MUSTACHE,2,https://github.com/muhammedkoruyaan/ZMFK_ABAP_MUSTACHE,2023-05-26T13:27:20Z
SAP_Dev_Chlg,2,https://github.com/f4abap/SAP_Dev_Chlg,2023-05-10T20:31:07Z
dev4s4_codemigration,2,https://github.com/tpares/dev4s4_codemigration,2023-05-03T14:50:58Z
devChallenge,2,https://github.com/fgalastri/devChallenge,2023-05-23T20:58:44Z
ABAP_CHALLENGE,2,https://github.com/Vrum89/ABAP_CHALLENGE,2023-05-16T21:37:48Z
AKR_Repository,2,https://github.com/rajenashok/AKR_Repository,2023-05-12T08:15:21Z
Sap,2,https://github.com/devens02/Sap,2023-05-16T09:51:26Z
TESTABAPGIT,2,https://github.com/gurpreetjaspal/TESTABAPGIT,2023-05-12T01:42:19Z
ABAPMustache,2,https://github.com/devifk/ABAPMustache,2023-05-30T06:19:41Z
bootcampDev4S4,2,https://github.com/victortsuchida/bootcampDev4S4,2023-05-26T04:33:32Z
REP_001,3,https://github.com/roy1sun/REP_001,2023-05-06T10:58:57Z
s4h_code_migration_b93,2,https://github.com/wdjimenez/s4h_code_migration_b93,2023-05-26T23:53:09Z
SAPDevCodeChallenge,2,https://github.com/MattisDev/SAPDevCodeChallenge,2023-05-23T11:38:23Z
abap2ui5-tests,2,https://github.com/AndreaBorgia-Abo/abap2ui5-tests,2023-05-18T15:38:41Z
abapgit,2,https://github.com/saranya146/abapgit,2023-05-16T06:08:41Z
ZMFK_ABAP2UI5_CLOUD,2,https://github.com/muhammedkoruyaan/ZMFK_ABAP2UI5_CLOUD,2023-05-26T06:16:42Z
abapmustache_tests,2,https://github.com/AndreaBorgia-Abo/abapmustache_tests,2023-05-28T08:58:40Z
AbapGit,2,https://github.com/LilianRaissa/AbapGit,2023-05-22T14:50:49Z
abapOSSW1,2,https://github.com/ravish-garg/abapOSSW1,2023-05-10T23:25:45Z
Abap-Challenge-Week-2,2,https://github.com/BrunoVelascoBerenger/Abap-Challenge-Week-2,2023-05-29T15:10:57Z
saul,2,https://github.com/sh4il3sh/saul,2023-05-17T20:26:09Z
SAP_BTP_CODE_MIGRAT,2,https://github.com/modi7/SAP_BTP_CODE_MIGRAT,2023-05-03T12:09:02Z
zco_code_challenge,2,https://github.com/cemozdemirr/zco_code_challenge,2023-05-11T11:04:12Z
ABAPGit,2,https://github.com/UZOIQ4SW/ABAPGit,2023-05-13T12:22:32Z
abap_challange_git,2,https://github.com/gitfranks/abap_challange_git,2023-05-30T10:31:42Z
steampunkDemo,2,https://github.com/carlososanta/steampunkDemo,2023-05-25T22:08:06Z
ABAP,2,https://github.com/bguler11/ABAP,2023-05-26T21:15:45Z
ZST_ABAP_MUSTACHE_WEEK2,2,https://github.com/Sadullah-TANRIKULU/ZST_ABAP_MUSTACHE_WEEK2,2023-05-26T14:49:13Z
TESTABAPGIT,1,https://github.com/ahmetbozdag/TESTABAPGIT,2023-05-12T15:45:00Z
Developer-Code-Challenge,1,https://github.com/ThajalanK/Developer-Code-Challenge,2023-05-12T07:53:05Z
helloworld,1,https://github.com/oscargp0201/helloworld,2023-05-18T23:01:33Z
abap_code_challenge,1,https://github.com/kishoregokara/abap_code_challenge,2023-05-20T20:43:35Z
ABAPGITCH,1,https://github.com/getamir/ABAPGITCH,2023-05-10T16:25:01Z
ChallengeWeek1ABAPGit,1,https://github.com/DiegoValzar/ChallengeWeek1ABAPGit,2023-05-23T17:50:59Z
SAP_ABAP,1,https://github.com/bguler11/SAP_ABAP,2023-05-20T19:26:32Z
DevChallenge,1,https://github.com/sap2019/DevChallenge,2023-05-17T12:13:54Z
abapGit,1,https://github.com/EcemYalim/abapGit,2023-05-23T07:08:59Z
AbapGit,1,https://github.com/NigillJK/AbapGit,2023-05-18T06:03:32Z
ZMAXIM_POKEMON,1,https://github.com/MaximKaufmann/ZMAXIM_POKEMON,2023-05-06T08:58:41Z
abap_trial,1,https://github.com/yliu114/abap_trial,2023-05-22T05:52:23Z
zopensourcechallenge,1,https://github.com/A142612/zopensourcechallenge,2023-05-15T11:24:23Z
abap_hello,1,https://github.com/anupam-sap-btp/abap_hello,2023-05-25T19:17:10Z
ZSU_CHALLENGE_ABAPGIT,1,https://github.com/SugguSandeep29/ZSU_CHALLENGE_ABAPGIT,2023-05-18T09:37:18Z
ABI_VAULT,1,https://github.com/Abinash-Prasad/ABI_VAULT,2023-05-11T15:20:54Z
code_challenge,1,https://github.com/bguler11/code_challenge,2023-05-20T21:30:25Z
abapgit_week1,1,https://github.com/miyasuta/abapgit_week1,2023-05-14T19:49:52Z
0427,1,https://github.com/issuca81/0427,2023-05-03T06:31:51Z
gitabap,1,https://github.com/gitfranks/gitabap,2023-05-30T20:08:40Z
abap_sreenith,2,https://github.com/sreenith/abap_sreenith,2023-05-20T07:18:41Z
zdelay_bgrjobs,1,https://github.com/CRCOOP/zdelay_bgrjobs,2023-05-04T12:25:07Z
ABAP-calculator,1,https://github.com/mvbuhl02/ABAP-calculator,2023-05-17T11:30:49Z
ABAPCodeChallenge2023,1,https://github.com/foessleitnerj/ABAPCodeChallenge2023,2023-05-12T08:22:57Z
ABAPGIT_test,0,https://github.com/clemens1994/ABAPGIT_test,2023-05-13T20:30:59Z
abap2xlsx,23762,https://github.com/Garlyhe/abap2xlsx,2023-06-16T05:35:50Z
ABAP2XLSX,23762,https://github.com/gab1022/ABAP2XLSX,2023-06-16T04:27:28Z
ZWAGGER_ODATA,10710,https://github.com/gab1022/ZWAGGER_ODATA,2023-06-09T02:32:30Z
abapgit,10702,https://github.com/Abaper1025/abapgit,2023-06-14T05:28:38Z
prog3,4587,https://github.com/limcatcat/prog3,2023-06-20T22:06:00Z
steampunk-helper,2343,https://github.com/MartinPankraz/steampunk-helper,2023-06-20T14:15:36Z
PMAJHI,1645,https://github.com/PPmajhi/PMAJHI,2023-06-05T03:49:31Z
ZCL_COMMON,1480,https://github.com/a87b01c14/ZCL_COMMON,2023-06-14T04:58:11Z
BTP_BACKEND_DEV,1445,https://github.com/AkshayCP1997/BTP_BACKEND_DEV,2023-06-26T10:41:16Z
ABAPGit,1166,https://github.com/vjohari/ABAPGit,2023-06-13T03:05:21Z
MULTI_ALV,1154,https://github.com/a87b01c14/MULTI_ALV,2023-06-12T02:26:43Z
aws-abapsdk-idp-textract-demo,869,https://github.com/aws-samples/aws-abapsdk-idp-textract-demo,2023-06-30T16:19:01Z
salv,863,https://github.com/a87b01c14/salv,2023-06-13T05:28:08Z
abap_zafo,913,https://github.com/OutKeal/abap_zafo,2023-06-23T10:48:03Z
CommitCode,650,https://github.com/AbapGitPOC/CommitCode,2023-06-19T11:11:15Z
0615,640,https://github.com/Joanne0615/0615,2023-06-15T06:35:42Z
0615,640,https://github.com/hycert/0615,2023-06-15T06:35:45Z
a2UI5-generic_search_hlp,547,https://github.com/axelmohnen/a2UI5-generic_search_hlp,2023-06-26T08:25:00Z
abap_zwftools,512,https://github.com/OutKeal/abap_zwftools,2023-06-21T10:12:02Z
abap_zat,351,https://github.com/OutKeal/abap_zat,2023-06-25T01:40:15Z
abap_zcct,304,https://github.com/OutKeal/abap_zcct,2023-06-23T10:35:33Z
abap-tbox-dyntab,278,https://github.com/zenrosadira/abap-tbox-dyntab,2023-06-24T13:13:00Z
test,235,https://github.com/INSUNG-BANG/test,2023-06-23T18:44:11Z
EXA-OTP-Cloud-Backup,210,https://github.com/dassharma/EXA-OTP-Cloud-Backup,2023-06-12T14:11:39Z
Conversao-do-SAP-ECC-para-S4-HANA,209,https://github.com/WesleyConstantino/Conversao-do-SAP-ECC-para-S4-HANA,2023-06-29T15:04:35Z
easyHtmlEmail,153,https://github.com/guitaristanbul/easyHtmlEmail,2023-06-05T09:20:33Z
abapgit-launcher,131,https://github.com/fabianlupa/abapgit-launcher,2023-06-11T10:51:28Z
zsegw,126,https://github.com/olafp85/zsegw,2023-06-12T08:16:50Z
ABAP-Different-Tasks,119,https://github.com/hazem-jr/ABAP-Different-Tasks,2023-06-29T08:57:57Z
REPORT-KOMPARASI,111,https://github.com/wellys3/REPORT-KOMPARASI,2023-06-27T08:44:35Z
abap_zmsg,106,https://github.com/OutKeal/abap_zmsg,2023-06-23T11:04:57Z
crud-client,103,https://github.com/joaoponcianoo/crud-client,2023-06-25T13:58:31Z
OOPS_ABAP,62,https://github.com/CoderRahu1/OOPS_ABAP,2023-06-14T13:39:58Z
ABAP-for-consultants-May-2023,99,https://github.com/Buran1988/ABAP-for-consultants-May-2023,2023-06-02T14:07:16Z
BTP_ABAP_TRIAL_PS,98,https://github.com/spraveen1302/BTP_ABAP_TRIAL_PS,2023-06-07T19:03:35Z
zaxage,96,https://github.com/sheenamk/zaxage,2023-06-02T15:29:22Z
abap_zapp,93,https://github.com/OutKeal/abap_zapp,2023-06-23T11:00:43Z
Swagger,76,https://github.com/gab1022/Swagger,2023-06-09T02:04:49Z
bopf_draftSO,73,https://github.com/abapvcgit/bopf_draftSO,2023-06-27T22:49:24Z
zrap100_jk1,71,https://github.com/msbike/zrap100_jk1,2023-06-06T14:49:33Z
opensap-rap-course,87,https://github.com/brianstaunton/opensap-rap-course,2023-06-23T12:45:22Z
REPORT-ANTASENA,71,https://github.com/wellys3/REPORT-ANTASENA,2023-06-30T07:16:57Z
Szakdoga,67,https://github.com/gasparfalvip/Szakdoga,2023-06-02T17:46:43Z
SIRI_RAP,66,https://github.com/SRILATHATHIRU/SIRI_RAP,2023-06-26T18:17:23Z
ABAP-LeetCode-Solutions,58,https://github.com/analiteg/ABAP-LeetCode-Solutions,2023-06-30T13:15:54Z
New-ABAP-Tips-Tricks,55,https://github.com/marcelorodrigues1977/New-ABAP-Tips-Tricks,2023-06-09T21:43:40Z
ActiveXControlSigPlus,55,https://github.com/marksmith-II/ActiveXControlSigPlus,2023-06-21T19:31:41Z
sap-abap2ui5,51,https://github.com/nov05/sap-abap2ui5,2023-06-01T23:39:43Z
formacion-huc-15670,48,https://github.com/RESULTO-CONSULTORIA-SL/formacion-huc-15670,2023-06-05T11:50:32Z
ABAPDemo,45,https://github.com/vjohari/ABAPDemo,2023-06-13T02:47:24Z
GDLeser_abap,42,https://github.com/Am3ric/GDLeser_abap,2023-06-07T09:05:51Z
SAP-ABAP-CURSO,41,https://github.com/matheusgoncalvesbr/SAP-ABAP-CURSO,2023-06-27T19:57:56Z
ABAP_AXAGE_CUSTOM,39,https://github.com/Yoloyoda/ABAP_AXAGE_CUSTOM,2023-06-02T12:59:08Z
BW_DISPLAY_HCPR_MAPPING,37,https://github.com/WolfgangZeller/BW_DISPLAY_HCPR_MAPPING,2023-06-30T04:24:46Z
POC_GIT,36,https://github.com/Cgonzalr/POC_GIT,2023-06-27T08:57:10Z
Sap-Abap,35,https://github.com/maikoborges/Sap-Abap,2023-06-22T23:37:38Z
Demo1,32,https://github.com/bplus-Avvale/Demo1,2023-06-29T06:12:39Z
oop_principles,32,https://github.com/feyzgit/oop_principles,2023-06-07T02:22:29Z
StBTest,32,https://github.com/stb-gmbh/StBTest,2023-06-14T07:56:44Z
RAPServices,31,https://github.com/valanticHansel/RAPServices,2023-06-21T12:29:19Z
BTP_MGB,30,https://github.com/MGB001/BTP_MGB,2023-06-30T01:45:17Z
E_Akshay_dev,30,https://github.com/AkshayCP1997/E_Akshay_dev,2023-06-15T15:43:06Z
ABAP-RAP100,28,https://github.com/bdebayan/ABAP-RAP100,2023-06-08T14:21:09Z
Z0523_GR_FIN_V2,27,https://github.com/adja2207/Z0523_GR_FIN_V2,2023-06-03T18:27:13Z
RDP_Eclipse,26,https://github.com/AkshayCP1997/RDP_Eclipse,2023-06-16T06:40:12Z
Aceleradores-ABAP-ALV-OO,23,https://github.com/anachavesrs/Aceleradores-ABAP-ALV-OO,2023-06-06T17:05:21Z
sap-iss,22,https://github.com/rasdani/sap-iss,2023-06-03T16:44:21Z
abap_steampunk,22,https://github.com/shahzebahmad/abap_steampunk,2023-06-21T05:24:29Z
abap-nft,23,https://github.com/fleischr/abap-nft,2023-06-30T20:16:28Z
abap_workshop,19,https://github.com/inwerken/abap_workshop,2023-06-07T17:13:31Z
backupCC_demo,16,https://github.com/BackupUseriCCM/backupCC_demo,2023-06-15T10:55:58Z
S4HC_DevBootcamp,16,https://github.com/juliocsanto/S4HC_DevBootcamp,2023-06-29T00:17:18Z
abap-gildedrose,15,https://github.com/brianstaunton/abap-gildedrose,2023-06-26T08:20:46Z
ZBC_EXCEL_UPLOAD,15,https://github.com/monty79/ZBC_EXCEL_UPLOAD,2023-06-23T08:39:36Z
bootcampabaps4c-exercise01-step1,15,https://github.com/lucianofilho88gfx/bootcampabaps4c-exercise01-step1,2023-06-27T12:33:19Z
ztodo,15,https://github.com/gab1022/ztodo,2023-06-13T00:43:45Z
CUC-T,14,https://github.com/Preyde/CUC-T,2023-06-18T13:57:28Z
cloud-abap,14,https://github.com/jaeheeMin/cloud-abap,2023-06-22T07:46:23Z
RAP-Unmanaged,14,https://github.com/wonseokHan/RAP-Unmanaged,2023-06-20T11:08:29Z
exercise1-c69,14,https://github.com/sandcat024/exercise1-c69,2023-06-29T23:33:28Z
KIRAN123,14,https://github.com/SARAS14366/KIRAN123,2023-06-05T09:00:58Z
Another,13,https://github.com/KarinSp/Another,2023-06-16T07:52:20Z
workbench,13,https://github.com/Shrutimanevw/workbench,2023-06-12T05:39:22Z
abap_extensiability_cloud_public,13,https://github.com/tarlisamaral/abap_extensiability_cloud_public,2023-06-29T02:25:21Z
abap-tennis-kata,13,https://github.com/brianstaunton/abap-tennis-kata,2023-06-30T09:10:27Z
abapGit03,12,https://github.com/yuebaixiao/abapGit03,2023-06-09T05:12:10Z
MultiTest,12,https://github.com/KarinSp/MultiTest,2023-06-30T14:53:11Z
Upload_Table,12,https://github.com/GokhanYilmazExt/Upload_Table,2023-06-28T22:00:42Z
ABAP-OOP,11,https://github.com/hansung0904/ABAP-OOP,2023-06-20T05:18:20Z
abapgitDevChallenge,11,https://github.com/alessandraarm/abapgitDevChallenge,2023-06-05T13:08:31Z
Aceleradores-ABAP-Extracao-Dados,11,https://github.com/anachavesrs/Aceleradores-ABAP-Extracao-Dados,2023-06-12T18:02:29Z
abapgit_02,11,https://github.com/dbudina/abapgit_02,2023-06-19T10:28:14Z
ABAP_TEMPLATE,10,https://github.com/juergenbaur/ABAP_TEMPLATE,2023-06-05T05:03:15Z
relatorioalv,10,https://github.com/matheusgoncalvesbr/relatorioalv,2023-06-27T19:40:14Z
Complete-RAP-APP,10,https://github.com/hazem-jr/Complete-RAP-APP,2023-06-26T09:38:53Z
exercise2-c69-btp,10,https://github.com/sandcat024/exercise2-c69-btp,2023-06-30T15:14:20Z
abap-lift-pass-pricing-kata,9,https://github.com/brianstaunton/abap-lift-pass-pricing-kata,2023-06-30T11:50:38Z
sap-abap-mustache,9,https://github.com/nov05/sap-abap-mustache,2023-06-02T07:16:45Z
BTP_01,8,https://github.com/amachuca01/BTP_01,2023-06-02T01:58:28Z
SAP-Developer-Code-Challenge,8,https://github.com/sapbtp-bmsudhakaran/SAP-Developer-Code-Challenge,2023-06-01T15:56:57Z
ZFR_BP,8,https://github.com/Stephane27480/ZFR_BP,2023-06-30T13:34:43Z
testbtpgit,8,https://github.com/gasparfalvip/testbtpgit,2023-06-02T18:00:53Z
RAP_API,7,https://github.com/hazem-jr/RAP_API,2023-06-01T08:00:42Z
sap-developer-cc-on-prem-public,7,https://github.com/JliberalFTC/sap-developer-cc-on-prem-public,2023-06-02T20:15:59Z
ResidualClearing,18,https://github.com/Pahiro/ResidualClearing,2023-06-27T12:34:56Z
open_source_abap_mustache,6,https://github.com/aditheos/open_source_abap_mustache,2023-06-05T12:30:44Z
abapvision,6,https://github.com/Dev4Develop/abapvision,2023-06-20T15:19:59Z
ZABAPGIT,6,https://github.com/Dimitrah/ZABAPGIT,2023-06-14T14:03:11Z
ABAP,6,https://github.com/TuRous/ABAP,2023-06-12T08:30:41Z
ZDEMO_MIGRATE_CODE_C65,6,https://github.com/copyneto/ZDEMO_MIGRATE_CODE_C65,2023-06-28T17:06:53Z
ABAPGIT_TEST,6,https://github.com/ABAPGITTEST/ABAPGIT_TEST,2023-06-15T14:52:06Z
Registros_de_voo.abap,6,https://github.com/mozarmedeiros/Registros_de_voo.abap,2023-06-05T16:25:21Z
Conceto_Zeugs,5,https://github.com/MichaelFuchsDE/Conceto_Zeugs,2023-06-08T12:34:11Z
TESTE,5,https://github.com/anachavesrs/TESTE,2023-06-26T13:47:13Z
SAP-User-Access-Control-Inspector,8,https://github.com/albertoanalytics/SAP-User-Access-Control-Inspector,2023-06-10T01:22:51Z
SAP-AMDP-Training-June-2023,5,https://github.com/gmanousaridis/SAP-AMDP-Training-June-2023,2023-06-26T07:19:13Z
xierd1,6,https://github.com/Xierlo/xierd1,2023-06-22T11:58:44Z
SAUDI-EINVOICE-QR-Generator,5,https://github.com/hazem-jr/SAUDI-EINVOICE-QR-Generator,2023-06-27T13:49:26Z
ABAPGIT_TEST,7,https://github.com/Chaitanya-madala/ABAPGIT_TEST,2023-06-21T17:24:57Z
copy-class-to-users,4,https://github.com/tricktresor/copy-class-to-users,2023-06-13T14:37:43Z
0615,3,https://github.com/sungwoon84/0615,2023-06-15T06:35:54Z
ABAP-Code-Challenge,3,https://github.com/vannipa/ABAP-Code-Challenge,2023-06-04T12:47:15Z
Consume-APIs-in-ABAP-,3,https://github.com/hazem-jr/Consume-APIs-in-ABAP-,2023-06-30T12:44:29Z
0615,3,https://github.com/issuca81/0615,2023-06-15T06:35:47Z
Abap-Challenge-Week-3,3,https://github.com/BrunoVelascoBerenger/Abap-Challenge-Week-3,2023-06-05T19:28:35Z
abap_rap_02,3,https://github.com/msbike/abap_rap_02,2023-06-06T12:33:01Z
abap_git,3,https://github.com/LitsCon/abap_git,2023-06-05T11:14:31Z
bootcampabaps4c-exercise03-step2,2,https://github.com/lucianofilho88gfx/bootcampabaps4c-exercise03-step2,2023-06-28T03:29:15Z
exercise3-c69,2,https://github.com/sandcat024/exercise3-c69,2023-06-30T17:08:21Z
S4H_CODE_MIGRATION,2,https://github.com/SUNAIK80/S4H_CODE_MIGRATION,2023-06-30T11:06:59Z
s4h_code_migration_c40,2,https://github.com/tiborche/s4h_code_migration_c40,2023-06-11T21:01:39Z
abapgit_paris_demo,2,https://github.com/paolosfilio/abapgit_paris_demo,2023-06-06T07:26:27Z
ZST_CL_SECRET_HANDSHAKE,2,https://github.com/Sadullah-TANRIKULU/ZST_CL_SECRET_HANDSHAKE,2023-06-21T09:28:04Z
abapGit01,2,https://github.com/yuebaixiao/abapGit01,2023-06-08T08:23:23Z
hello-world,2,https://github.com/hdevelopergit/hello-world,2023-06-01T13:27:26Z
Z_CONTROLE_DE_VOOS,2,https://github.com/mozarmedeiros/Z_CONTROLE_DE_VOOS,2023-06-14T15:33:29Z
migracion,2,https://github.com/graceprotech/migracion,2023-06-29T15:12:14Z
abap_git,2,https://github.com/hamzaefe44/abap_git,2023-06-01T08:30:03Z
Test_namespaces,1,https://github.com/shwetharusha/Test_namespaces,2023-06-08T12:06:53Z
C05_230615,1,https://github.com/Choibyeongchun/C05_230615,2023-06-15T06:51:26Z
DATA-TYPE-CHECKED,1,https://github.com/IsmailPotuk/DATA-TYPE-CHECKED,2023-06-13T21:26:00Z
C09_230615,1,https://github.com/DustinAn/C09_230615,2023-06-15T06:51:31Z
FUNCTION-CLASS,1,https://github.com/IsmailPotuk/FUNCTION-CLASS,2023-06-11T22:43:44Z
SCREEN_WORKS,1,https://github.com/IsmailPotuk/SCREEN_WORKS,2023-06-14T20:04:18Z
PruebaBTP,1,https://github.com/RubenLindes/PruebaBTP,2023-06-05T07:42:56Z
ABAPDemo,1,https://github.com/mailtolalit/ABAPDemo,2023-06-21T05:24:45Z
C04_230617,1,https://github.com/4district/C04_230617,2023-06-15T06:51:27Z
envio_email_abap,1,https://github.com/gleilsonalves/envio_email_abap,2023-06-09T21:26:59Z
SAP_NOTES,19079,https://github.com/Liceka/SAP_NOTES,2023-07-11T07:54:37Z
dev4s4c-bootcamp,15122,https://github.com/jcailan/dev4s4c-bootcamp,2023-07-19T11:45:08Z
complete_abap_book,2125,https://github.com/alibozkurtkyrd/complete_abap_book,2023-07-30T08:14:39Z
sap-abap-trainee,2044,https://github.com/marcelcr98/sap-abap-trainee,2023-07-04T22:12:40Z
Refactoring-Guru,1181,https://github.com/MaddinJay/Refactoring-Guru,2023-07-12T07:22:10Z
ApplicationLogsNotificationToFiori,983,https://github.com/aditheos/ApplicationLogsNotificationToFiori,2023-07-27T05:42:03Z
totp_generator_abap,931,https://github.com/developedbysom/totp_generator_abap,2023-07-29T10:58:26Z
SAP-abap-cheat-sheets,789,https://github.com/neutrinoxtronicmaster/SAP-abap-cheat-sheets,2023-07-09T16:27:57Z
OneTalent2023,761,https://github.com/seda-yaman/OneTalent2023,2023-07-10T13:59:53Z
beunalonetalent23,687,https://github.com/ErenUnal24/beunalonetalent23,2023-07-09T11:17:46Z
abap-erc-20,507,https://github.com/fleischr/abap-erc-20,2023-07-13T19:27:21Z
abap_consume_rest_api,436,https://github.com/alibozkurtkyrd/abap_consume_rest_api,2023-07-28T20:14:59Z
dBaltanOneTalent23,383,https://github.com/demetbaltan/dBaltanOneTalent23,2023-07-11T13:47:11Z
vsd,352,https://github.com/jayantvsd/vsd,2023-07-26T11:14:51Z
motalent23,346,https://github.com/ozkayamustafa/motalent23,2023-07-10T13:39:25Z
snozbekonetalent23,286,https://github.com/nilozbek/snozbekonetalent23,2023-07-08T12:11:13Z
sccakaronetalent23,285,https://github.com/JarlX/sccakaronetalent23,2023-07-10T14:20:49Z
welocy,272,https://github.com/welocy/welocy,2023-07-10T12:12:23Z
sap-abap,274,https://github.com/liumaowen/sap-abap,2023-07-13T13:12:49Z
ZOT_19,254,https://github.com/saidsemihy/ZOT_19,2023-07-10T13:48:08Z
nttonetalent,251,https://github.com/canipek-onetalent/nttonetalent,2023-07-10T13:14:00Z
ZOT_01,251,https://github.com/preikestolen/ZOT_01,2023-07-10T13:27:41Z
ZOT_02,223,https://github.com/Guisner/ZOT_02,2023-07-10T13:32:21Z
steampunk-2305-api-intersect-702,248,https://github.com/abapedia/steampunk-2305-api-intersect-702,2023-07-28T04:27:33Z
ssuyunonetaIent23,201,https://github.com/ssuyun1/ssuyunonetaIent23,2023-07-10T12:00:53Z
Grupo-de-Estudos-ABAP,203,https://github.com/WesleyConstantino/Grupo-de-Estudos-ABAP,2023-07-23T14:56:30Z
baliskan,183,https://github.com/berkayaliskan/baliskan,2023-07-10T12:47:29Z
abap_calculator,174,https://github.com/alibozkurtkyrd/abap_calculator,2023-07-28T18:22:04Z
ckacaronetalent23,153,https://github.com/caglakacar/ckacaronetalent23,2023-07-08T16:26:30Z
onetalentottozturk,152,https://github.com/tozturk23/onetalentottozturk,2023-07-11T06:44:12Z
DMO_SAMPLE,146,https://github.com/phucdt4/DMO_SAMPLE,2023-07-09T04:35:07Z
zif_frame,134,https://github.com/lingcSun/zif_frame,2023-07-19T08:30:03Z
-yyukseltalent23,125,https://github.com/yusufyuksell/-yyukseltalent23,2023-07-10T13:15:10Z
abap2UI5-downport,108,https://github.com/larshp/abap2UI5-downport,2023-07-02T10:46:36Z
zalmfsapp,107,https://github.com/mludovici/zalmfsapp,2023-07-03T08:23:48Z
RAF,107,https://github.com/chunrichi/RAF,2023-07-06T10:03:12Z
otferdemOneTalent01,106,https://github.com/bilalerdemm/otferdemOneTalent01,2023-07-10T12:36:51Z
ybiceronetalent2023,102,https://github.com/YasinBicer/ybiceronetalent2023,2023-07-10T12:11:12Z
RAP_DEMO,102,https://github.com/phucdt4/RAP_DEMO,2023-07-09T04:52:54Z
csar-onetalent23,99,https://github.com/7ozzy35/csar-onetalent23,2023-07-10T12:48:07Z
epm_som_bopf,99,https://github.com/abapvcgit/epm_som_bopf,2023-07-27T22:00:46Z
ABAP-Tap,104,https://github.com/abapPM/ABAP-Tap,2023-07-18T01:28:10Z
Reporte_CEJA_AdobeForm,91,https://github.com/barumunk/Reporte_CEJA_AdobeForm,2023-07-13T17:43:14Z
tr-onetalent-2023,89,https://github.com/anilagcalar/tr-onetalent-2023,2023-07-11T06:27:54Z
Sales-Order-App,87,https://github.com/dream-strider/Sales-Order-App,2023-07-12T05:06:49Z
ASENDUR-ONETALENT23,84,https://github.com/Atalaysendur/ASENDUR-ONETALENT23,2023-07-10T15:53:29Z
abilginonetalent23,82,https://github.com/aybikebilgin/abilginonetalent23,2023-07-11T13:24:37Z
RAPLearning,80,https://github.com/marunsct/RAPLearning,2023-07-19T16:55:16Z
ONETALENTBERKAY23,75,https://github.com/berkayumutklnc/ONETALENTBERKAY23,2023-07-11T21:24:43Z
-YKY-EXPENSE,81,https://github.com/yokoy-samoroso/-YKY-EXPENSE,2023-07-24T08:28:04Z
davcionetalent23,67,https://github.com/denizavcii/davcionetalent23,2023-07-10T20:57:49Z
ZTOAD,66,https://github.com/jindong1978/ZTOAD,2023-07-04T01:30:07Z
PROGRAM-TAC-AUTO-RECLASS,64,https://github.com/wellys3/PROGRAM-TAC-AUTO-RECLASS,2023-07-21T03:24:37Z
ZJCF_RAP,57,https://github.com/MIKEROCA/ZJCF_RAP,2023-07-25T02:41:30Z
abapjson,57,https://github.com/XW-ABAP/abapjson,2023-07-28T11:31:57Z
PROGRAM-NEW-TABLE-PAJAK,53,https://github.com/wellys3/PROGRAM-NEW-TABLE-PAJAK,2023-07-21T03:21:55Z
otayfuronetalent23,46,https://github.com/ogulcantayfur/otayfuronetalent23,2023-07-10T18:37:17Z
ZOT_26_EYUP,40,https://github.com/eyyupkaya/ZOT_26_EYUP,2023-07-10T18:18:29Z
LIB_MANGEMENT_ABAP,39,https://github.com/Akankshakoti20/LIB_MANGEMENT_ABAP,2023-07-19T06:14:22Z
ZSWAGGER,38,https://github.com/a87b01c14/ZSWAGGER,2023-07-06T00:46:18Z
abap-payroll-upl,34,https://github.com/Via04/abap-payroll-upl,2023-07-14T13:02:04Z
RAP-POCs,34,https://github.com/goyalan/RAP-POCs,2023-07-27T06:56:47Z
ProyectoFinalRAP,32,https://github.com/royfredyjimenez/ProyectoFinalRAP,2023-07-15T23:42:23Z
ALV,31,https://github.com/BrunoBonatti/ALV,2023-07-28T14:47:24Z
zeqb_projeto,28,https://github.com/vcavalca/zeqb_projeto,2023-07-22T14:56:11Z
sd_price_upload,27,https://github.com/Ennowulff/sd_price_upload,2023-07-03T15:31:30Z
mcbc_sap_abapineclipse,33,https://github.com/SatheesP/mcbc_sap_abapineclipse,2023-07-12T09:14:40Z
abap-sm30-text-input,25,https://github.com/arnabdatta/abap-sm30-text-input,2023-07-06T05:30:33Z
Team-A-Project,24,https://github.com/Dudualuizio17/Team-A-Project,2023-07-24T17:46:39Z
zscv_search_cds_views,24,https://github.com/PeterGeurts1965/zscv_search_cds_views,2023-07-10T16:32:59Z
sap,34,https://github.com/likith05/sap,2023-07-12T02:54:44Z
export-database-cluster-background,23,https://github.com/edmilson-nascimento/export-database-cluster-background,2023-07-26T15:32:55Z
HCPR_Referential_Integrity_check--ABAP,21,https://github.com/KAITY27/HCPR_Referential_Integrity_check--ABAP,2023-07-06T14:11:36Z
SAP_ABAP,19,https://github.com/doguner1/SAP_ABAP,2023-07-07T19:40:01Z
RAP100,18,https://github.com/paolosfilio/RAP100,2023-07-30T18:32:07Z
OneTalent2023,18,https://github.com/demiremir/OneTalent2023,2023-07-10T13:56:34Z
PWS,17,https://github.com/ksasikiran/PWS,2023-07-13T05:46:13Z
abap-exceptions,17,https://github.com/whothefluff/abap-exceptions,2023-07-12T08:02:47Z
ZEMAIL,16,https://github.com/a87b01c14/ZEMAIL,2023-07-07T04:08:03Z
abap-messages,17,https://github.com/whothefluff/abap-messages,2023-07-12T08:10:15Z
BusinessPartner,15,https://github.com/Abaper1025/BusinessPartner,2023-07-05T00:38:43Z
ABAP,13,https://github.com/basti345/ABAP,2023-07-28T09:04:55Z
SAP-ABAP-TRAIN,13,https://github.com/Poojashree1111/SAP-ABAP-TRAIN,2023-07-12T07:55:06Z
SAP-ABAP,13,https://github.com/VasaviMogalla/SAP-ABAP,2023-07-13T06:15:54Z
bapi_kundenangebot_anlegen_andern_lesen,12,https://github.com/urcm/bapi_kundenangebot_anlegen_andern_lesen,2023-07-20T14:13:07Z
consumo-mver,12,https://github.com/joaoponcianoo/consumo-mver,2023-07-07T18:56:45Z
ABAP-Codes,12,https://github.com/imshivendu/ABAP-Codes,2023-07-29T12:53:12Z
BeatBox,9,https://github.com/AVogelTEC/BeatBox,2023-07-06T08:35:10Z
ABAPExercise,9,https://github.com/AJEB1999/ABAPExercise,2023-07-20T13:35:40Z
stock-target,9,https://github.com/miyasuta/stock-target,2023-07-13T20:50:02Z
ZATCA-QR-CODE-Generator-,8,https://github.com/hazem-jr/ZATCA-QR-CODE-Generator-,2023-07-13T01:41:01Z
IVQM,8,https://github.com/lopessgiv/IVQM,2023-07-28T13:37:48Z
generativeai_chat,8,https://github.com/alss-brazil/generativeai_chat,2023-07-11T14:59:29Z
download-image,7,https://github.com/edmilson-nascimento/download-image,2023-07-12T14:17:43Z
game-of-life,7,https://github.com/fabianlupa/game-of-life,2023-07-09T14:43:52Z
batch-temperature-app-in-abap,7,https://github.com/hazem-jr/batch-temperature-app-in-abap,2023-07-01T12:51:35Z
SWN_SELSEN-Email-Template,7,https://github.com/peyn/SWN_SELSEN-Email-Template,2023-07-05T18:34:44Z
abap,70,https://github.com/sinosdiego/abap,2023-07-28T19:08:30Z
zal13_cockpit_endereco,6,https://github.com/vcavalca/zal13_cockpit_endereco,2023-07-21T19:45:40Z
acduman_alv_001,6,https://github.com/acduman/acduman_alv_001,2023-07-14T12:50:43Z
authority_check_for_fiori_tiles_cds_views_tcodes,13,https://github.com/harshsharma1506/authority_check_for_fiori_tiles_cds_views_tcodes,2023-07-06T17:36:25Z
get-contract-data,7,https://github.com/joaoponcianoo/get-contract-data,2023-07-07T18:46:39Z
ABAP,5,https://github.com/fun-redoc/ABAP,2023-07-15T17:33:24Z
dynamic-filter,5,https://github.com/edmilson-nascimento/dynamic-filter,2023-07-14T11:19:41Z
abap_date_converter,4,https://github.com/aakashgit/abap_date_converter,2023-07-27T04:42:22Z
SAP-ABAP,4,https://github.com/victorj42/SAP-ABAP,2023-07-10T06:22:09Z
ABAP-Call-External-API,3,https://github.com/HusnulM/ABAP-Call-External-API,2023-07-03T04:18:33Z
acduman_call_api_001,3,https://github.com/acduman/acduman_call_api_001,2023-07-28T11:03:04Z
Monster_Actions,2,https://github.com/mjavila/Monster_Actions,2023-07-31T00:54:40Z
Onetalent_abozdag_2023,2,https://github.com/ahmetbozdag/Onetalent_abozdag_2023,2023-07-10T06:04:20Z
acduman_SINGLETON_001,2,https://github.com/acduman/acduman_SINGLETON_001,2023-07-24T10:41:26Z
candikis-onetalent2023,2,https://github.com/candikis/candikis-onetalent2023,2023-07-11T09:33:37Z
tozturkonetalent23,2,https://github.com/tozturk23/tozturkonetalent23,2023-07-10T12:03:02Z
REGEX-with-ABAP,2,https://github.com/hazem-jr/REGEX-with-ABAP,2023-07-05T09:04:29Z
ABAB_HTML_tagger,2,https://github.com/JozsefSzikszai/ABAB_HTML_tagger,2023-07-03T18:53:26Z
LEARN_ABAP,1,https://github.com/tiagovizoto/LEARN_ABAP,2023-07-20T09:32:03Z
SAP-TM,1,https://github.com/Seokyeon123/SAP-TM,2023-07-19T07:54:55Z
internal,1,https://github.com/devifk/internal,2023-07-05T12:50:14Z
Repository01,1,https://github.com/KoKyungmin83/Repository01,2023-07-27T06:12:50Z
onetalent2023,1,https://github.com/devifk/onetalent2023,2023-07-05T11:31:29Z
0727,1,https://github.com/issuca81/0727,2023-07-27T06:12:48Z
DollarTest,48,https://github.com/mmpcse/DollarTest,2023-07-17T17:18:17Z
google-cloud-abap,46447,https://github.com/GoogleCloudPlatform/google-cloud-abap,2023-08-21T23:00:05Z
S4ZAG,6289,https://github.com/avorio-dev/S4ZAG,2023-08-10T13:49:48Z
SAP-ABAP,1318,https://github.com/christianlepio/SAP-ABAP,2023-08-14T05:21:36Z
grainsroy,1095,https://github.com/matbks/grainsroy,2023-08-07T12:26:05Z
My_Cheat_Sheets_ABAP,647,https://github.com/icebergs1912/My_Cheat_Sheets_ABAP,2023-08-21T03:50:05Z
Abap_Personal_Cheat_Sheets,236,https://github.com/R4F43LL-D3VB3GINN3R/Abap_Personal_Cheat_Sheets,2023-08-18T10:06:49Z
FMC-ABAP,395,https://github.com/rahulnairUST/FMC-ABAP,2023-08-28T04:38:05Z
ZXTT_SAMPLES,163,https://github.com/monty79/ZXTT_SAMPLES,2023-08-09T06:47:50Z
Abap_Restaurant_Project,105,https://github.com/R4F43LL-D3VB3GINN3R/Abap_Restaurant_Project,2023-08-26T03:44:26Z
AGCO_D01_YMTLE10358,92,https://github.com/MartonPapp/AGCO_D01_YMTLE10358,2023-08-01T12:36:15Z
testabapgit,85,https://github.com/nununo/testabapgit,2023-08-10T09:00:21Z
tms-utilities,87,https://github.com/neptune-software/tms-utilities,2023-08-01T14:54:06Z
SAP-ADOBE-FORM,70,https://github.com/amit3kumar/SAP-ADOBE-FORM,2023-08-28T07:23:11Z
http-rest-api-abap,70,https://github.com/baridy/http-rest-api-abap,2023-08-10T11:56:48Z
projects_abap,65,https://github.com/umutcankonukcu/projects_abap,2023-08-02T14:45:53Z
PersonnelManagementSystem,57,https://github.com/hashus12/PersonnelManagementSystem,2023-08-16T13:15:21Z
FLIGHT_RESTFULL,57,https://github.com/PRADUM-VERMA/FLIGHT_RESTFULL,2023-08-10T12:13:45Z
Flight_scenario,56,https://github.com/Mihir001-mn/Flight_scenario,2023-08-10T11:23:05Z
abap-alv-struc-viewer,55,https://github.com/jrgkraus/abap-alv-struc-viewer,2023-08-15T20:07:09Z
ABAP,55,https://github.com/Neyilo/ABAP,2023-08-04T12:38:18Z
Abap_Salary_Calculator,59,https://github.com/R4F43LL-D3VB3GINN3R/Abap_Salary_Calculator,2023-08-18T20:47:35Z
Y27D_MANAGED_UN,50,https://github.com/GuptaDhanna/Y27D_MANAGED_UN,2023-08-11T18:24:17Z
zfeatureshowcase,49,https://github.com/Icosa2050/zfeatureshowcase,2023-08-22T14:36:16Z
BTP,45,https://github.com/ShapavalSiarhei/BTP,2023-08-03T10:30:25Z
bdcHelper,44,https://github.com/WegnerDan/bdcHelper,2023-08-30T14:21:43Z
Practice_course3,44,https://github.com/Onix089/Practice_course3,2023-08-02T09:39:12Z
SAP-RAP-BTP,42,https://github.com/PANKAJ-DEV-IND/SAP-RAP-BTP,2023-08-17T15:04:39Z
abap,40,https://github.com/natilimalda/abap,2023-08-21T20:36:13Z
REPORT-BUDGET-VS-ACTUAL,39,https://github.com/wellys3/REPORT-BUDGET-VS-ACTUAL,2023-08-23T03:12:09Z
CDS-SEARCH,35,https://github.com/NikhilKayal/CDS-SEARCH,2023-08-01T15:21:31Z
ABAP_IS-U,31,https://github.com/GlennVerhaag/ABAP_IS-U,2023-08-01T11:05:35Z
ZBTP_HACKATHON,31,https://github.com/paolosfilio/ZBTP_HACKATHON,2023-08-18T05:35:05Z
Novel_123,30,https://github.com/RishirajsinghS/Novel_123,2023-08-12T07:14:44Z
ABAP-Helpers,26,https://github.com/Kaszub09/ABAP-Helpers,2023-08-21T10:28:13Z
easyToc,29,https://github.com/noso2k1/easyToc,2023-08-30T19:19:32Z
TECH_MART,24,https://github.com/Erivanildo-maciel/TECH_MART,2023-08-28T13:31:31Z
abap_endcheck,24,https://github.com/OutKeal/abap_endcheck,2023-08-29T06:09:44Z
abap-itab-storage,21,https://github.com/maxfreck/abap-itab-storage,2023-08-23T21:22:38Z
embedded-steampunk-enablement,21,https://github.com/likweitan/embedded-steampunk-enablement,2023-08-23T07:14:40Z
RAP-POC2,20,https://github.com/goyalan/RAP-POC2,2023-08-11T15:50:12Z
sap-abapgit-user-exits,24,https://github.com/equinor/sap-abapgit-user-exits,2023-08-11T05:49:54Z
Crude-Clientes,17,https://github.com/Erivanildo-maciel/Crude-Clientes,2023-08-24T17:16:32Z
TravelAppDKS,17,https://github.com/DheerendraShukla81/TravelAppDKS,2023-08-18T18:45:41Z
abap-domain-constants-test,16,https://github.com/ConjuringCoffee/abap-domain-constants-test,2023-08-18T09:22:50Z
BTP_ABAP,16,https://github.com/rbsub/BTP_ABAP,2023-08-13T12:15:20Z
z_simple_011,16,https://github.com/aleksei-belousov/z_simple_011,2023-08-15T21:04:33Z
open.x.select,15,https://github.com/edmilson-nascimento/open.x.select,2023-08-16T17:11:17Z
DEV4S4,13,https://github.com/vjvats/DEV4S4,2023-08-22T19:30:45Z
zdv_par_so,12,https://github.com/paladv/zdv_par_so,2023-08-04T17:55:30Z
rap100,12,https://github.com/alessandraarm/rap100,2023-08-21T14:34:38Z
ABAP-COPY_TABLE_DATA,9,https://github.com/asabino2/ABAP-COPY_TABLE_DATA,2023-08-29T17:16:51Z
Codigos-Abap,15,https://github.com/Cliciaf/Codigos-Abap,2023-08-22T19:41:31Z
Session_1,7,https://github.com/AMosbah2/Session_1,2023-08-08T19:03:50Z
SAP_TRAVEL2,7,https://github.com/Neil057/SAP_TRAVEL2,2023-08-14T04:22:48Z
SAP_TRAVEL,7,https://github.com/Neil057/SAP_TRAVEL,2023-08-14T03:57:55Z
abap.analiteg,7,https://github.com/lhdias/abap.analiteg,2023-08-15T18:51:02Z
Lancamentos-e-Consultas-de-Clientes,7,https://github.com/WesleyConstantino/Lancamentos-e-Consultas-de-Clientes,2023-08-08T20:58:01Z
zsession,7,https://github.com/AMosbah2/zsession,2023-08-09T09:00:30Z
SAP,7,https://github.com/TobiasWiSoftware/SAP,2023-08-09T12:54:03Z
abapBoostClasses,6,https://github.com/josedsousa/abapBoostClasses,2023-08-30T16:05:31Z
AG_S4_P2P_SUPER1,5,https://github.com/sindhu-anbalagan/AG_S4_P2P_SUPER1,2023-08-21T17:41:24Z
ZZ_API,6,https://github.com/TheWirtschaftsmann/ZZ_API,2023-08-09T15:05:23Z
ABAP,7,https://github.com/JGsouzaa/ABAP,2023-08-21T12:39:03Z
reduce_test,4,https://github.com/alessandraarm/reduce_test,2023-08-09T22:00:15Z
GIT_TEST_081_2,4,https://github.com/ECHO081/GIT_TEST_081_2,2023-08-01T05:00:38Z
AG_S4_O2C_SUPER,3,https://github.com/sindhu-anbalagan/AG_S4_O2C_SUPER,2023-08-22T14:01:58Z
abap-frontend-files,3,https://github.com/MBartsch71/abap-frontend-files,2023-08-02T06:38:30Z
abapMemory,2,https://github.com/matto0O/abapMemory,2023-08-18T12:02:52Z
ABAP-exercicios-OO,2,https://github.com/Nyo02/ABAP-exercicios-OO,2023-08-30T14:55:19Z
ZMIEGT_GITHUB2,2,https://github.com/xmisik/ZMIEGT_GITHUB2,2023-08-19T10:20:43Z
ABAP_API,1,https://github.com/gleilsonalves/ABAP_API,2023-08-19T16:47:46Z
cloudtoonprem,1,https://github.com/Rameshabap/cloudtoonprem,2023-08-08T09:29:14Z
abap_agos_repo,1,https://github.com/EsteMaeLeo/abap_agos_repo,2023-08-09T18:12:05Z
ABAP-Solved-Exercises,1,https://github.com/Nyo02/ABAP-Solved-Exercises,2023-08-29T18:07:28Z
Nova-Proxima,54348,https://github.com/Octavius-Dante/Nova-Proxima,2023-09-11T16:43:30Z
Apostilas-SAP-ABAP,14361,https://github.com/GabrielCordeiroBarrosoTeles/Apostilas-SAP-ABAP,2023-09-06T16:53:07Z
SAPABAP,7285,https://github.com/DanKor98/SAPABAP,2023-09-12T09:58:49Z
shrinker,4578,https://github.com/sandraros/shrinker,2023-09-19T08:06:14Z
zbr_makt_update,2865,https://github.com/ritschmaster/zbr_makt_update,2023-09-25T06:41:34Z
GoToHell,1526,https://github.com/OCTO-COLA/GoToHell,2023-09-15T12:43:10Z
falv,1009,https://github.com/jindong1978/falv,2023-09-01T01:01:26Z
MULTI_ALV,995,https://github.com/jindong1978/MULTI_ALV,2023-09-01T00:38:23Z
sample-abap,834,https://github.com/dirigiblelabs/sample-abap,2023-09-19T11:05:49Z
abapgit-exit-example,744,https://github.com/fabianlupa/abapgit-exit-example,2023-09-11T18:35:07Z
excel,480,https://github.com/firatyildiz/excel,2023-09-27T16:18:20Z
mensa,466,https://github.com/hpi23/mensa,2023-09-30T19:14:18Z
ABAP-EXCEL-,425,https://github.com/jindong1978/ABAP-EXCEL-,2023-09-01T04:00:22Z
ZCL_COMMON,425,https://github.com/jindong1978/ZCL_COMMON,2023-09-01T04:11:57Z
GtsSIDB,334,https://github.com/Sandeep-madhyastha/GtsSIDB,2023-09-04T16:07:10Z
ZSBM_ABAP,232,https://github.com/shashankmistry31/ZSBM_ABAP,2023-09-10T08:35:19Z
ZTDA,219,https://github.com/demm0/ZTDA,2023-09-16T16:58:48Z
AbapCodes,304,https://github.com/Rafael-Pierre/AbapCodes,2023-09-21T17:20:04Z
test_namespace,152,https://github.com/meierfelix2001/test_namespace,2023-09-22T13:35:23Z
qualivida,186,https://github.com/Erivanildo-maciel/qualivida,2023-09-20T12:45:56Z
abap-cleanup-test,134,https://github.com/stockbal/abap-cleanup-test,2023-09-30T20:09:30Z
saphcmhire,118,https://github.com/XW-ABAP/saphcmhire,2023-09-15T06:49:53Z
MasterSAPBTP_RAP,118,https://github.com/royfredyjimenez/MasterSAPBTP_RAP,2023-09-19T00:23:11Z
Ciao,114,https://github.com/Adarienzo1/Ciao,2023-09-07T08:16:55Z
abap-celonis,98,https://github.com/gainogalindo/abap-celonis,2023-09-19T18:23:09Z
abaplintautomation,85,https://github.com/valeriast/abaplintautomation,2023-09-30T00:25:20Z
json,81,https://github.com/Fgz-jshi/json,2023-09-11T07:44:35Z
ABAP-Swagger,77,https://github.com/jindong1978/ABAP-Swagger,2023-09-01T00:33:34Z
abap-soar,68,https://github.com/sandraros/abap-soar,2023-09-18T15:29:49Z
dev4s4c-train-the-trainer,62,https://github.com/SAP-samples/dev4s4c-train-the-trainer,2023-09-28T17:51:57Z
-SAP-BTP-ABAP-CLOUD,59,https://github.com/George280400/-SAP-BTP-ABAP-CLOUD,2023-09-06T23:55:13Z
SNU_abap,58,https://github.com/Hhpy410/SNU_abap,2023-09-15T08:32:34Z
abap_scp,50,https://github.com/titoalfon/abap_scp,2023-09-19T23:21:39Z
abap,46,https://github.com/bobbilidineshnaidu/abap,2023-09-27T10:17:12Z
abap-test-isolation-examples,42,https://github.com/SAP-samples/abap-test-isolation-examples,2023-09-06T18:16:05Z
master_btp,38,https://github.com/oswaldojgarcia/master_btp,2023-09-25T01:37:47Z
rap-sem-e2311,38,https://github.com/Logali-Group/rap-sem-e2311,2023-09-27T22:22:43Z
sap-s4d437-excercises,38,https://github.com/blahbap/sap-s4d437-excercises,2023-09-19T11:15:59Z
abap-btp,36,https://github.com/MiguelArbieto/abap-btp,2023-09-30T16:49:04Z
abap_scp,35,https://github.com/Aramruss24/abap_scp,2023-09-30T01:29:48Z
SAP-BTP-250,30,https://github.com/ozapata23/SAP-BTP-250,2023-09-30T16:49:06Z
ZSTY_DC,31,https://github.com/ZSTY0622/ZSTY_DC,2023-09-08T19:04:59Z
Rap2,28,https://github.com/Simon-Berg-Eq/Rap2,2023-09-20T13:44:13Z
ZSWAGGER,28,https://github.com/jindong1978/ZSWAGGER,2023-09-01T00:36:46Z
open-abap-odata-poc,28,https://github.com/open-abap/open-abap-odata-poc,2023-09-09T09:42:34Z
abap-btp-ejercicios,27,https://github.com/MiguelArbieto/abap-btp-ejercicios,2023-09-30T21:48:43Z
abap2del,26,https://github.com/Logali-Group/abap2del,2023-09-23T10:52:54Z
ZCOGUNIALV,45,https://github.com/Suaniel/ZCOGUNIALV,2023-09-14T14:11:48Z
ZRK_CE_DEV,29,https://github.com/koradaramjee789/ZRK_CE_DEV,2023-09-13T14:04:08Z
abaprepo,24,https://github.com/ashutosh91125/abaprepo,2023-09-18T21:20:04Z
Z_ERROR_CODES_583,24,https://github.com/onurerten1/Z_ERROR_CODES_583,2023-09-20T14:09:25Z
devs4c-day,24,https://github.com/rbertizini/devs4c-day,2023-09-26T16:02:34Z
apacpubliccloud,24,https://github.com/cfrepo/apacpubliccloud,2023-09-19T14:29:10Z
trl2,23,https://github.com/Arne-159/trl2,2023-09-29T12:25:11Z
trl2,23,https://github.com/unicornsfirst/trl2,2023-09-29T12:20:37Z
abap2xlsx-format-as-table,22,https://github.com/kjetil-kilhavn/abap2xlsx-format-as-table,2023-09-02T13:32:03Z
Estagio-ABAP-Testes,22,https://github.com/ErikTakeuti/Estagio-ABAP-Testes,2023-09-05T19:09:49Z
abap_scp,21,https://github.com/Rafazu20/abap_scp,2023-09-26T21:27:51Z
trl2,21,https://github.com/NotYanter/trl2,2023-09-29T12:20:34Z
abap-utesthelp,22,https://github.com/endresshauser-infoserve/abap-utesthelp,2023-09-18T12:55:37Z
conversion-routine,20,https://github.com/vidyadharg/conversion-routine,2023-09-27T16:30:17Z
embedded-steampunk-enablement,19,https://github.com/smtpsantiago/embedded-steampunk-enablement,2023-09-27T12:19:27Z
trl2,19,https://github.com/Maurice-Reichenbach/trl2,2023-09-29T12:20:36Z
trl,18,https://github.com/gelauft/trl,2023-09-29T12:20:35Z
GetSmart,18,https://github.com/AndreaBorgia-Abo/GetSmart,2023-09-09T08:45:36Z
zrap100,18,https://github.com/onurerten1/zrap100,2023-09-20T13:43:55Z
RAP_Tasks,16,https://github.com/SuhasGavas/RAP_Tasks,2023-09-30T11:58:36Z
Z_ROOM_583,15,https://github.com/onurerten1/Z_ROOM_583,2023-09-20T14:13:56Z
ZTRAVEL_APP_583,15,https://github.com/onurerten1/ZTRAVEL_APP_583,2023-09-20T14:05:54Z
ZCL_XML_SERIALIZER,15,https://github.com/coreline/ZCL_XML_SERIALIZER,2023-09-21T05:34:10Z
SAPDev4S4_Embedded_Steampunk,14,https://github.com/gmanousaridis/SAPDev4S4_Embedded_Steampunk,2023-09-18T23:31:48Z
ZEMAIL,14,https://github.com/jindong1978/ZEMAIL,2023-09-01T04:03:06Z
gCTS10,13,https://github.com/shipulinvictor/gCTS10,2023-09-05T12:47:56Z
ABAPCloudEhcTraining,13,https://github.com/theharlen/ABAPCloudEhcTraining,2023-09-27T12:48:34Z
ABAP-Acc,11,https://github.com/Hugo-Davi/ABAP-Acc,2023-09-23T18:06:09Z
N09_REPO002,10,https://github.com/SaurabhCHCLTech/N09_REPO002,2023-09-06T08:17:00Z
appointment,13,https://github.com/tricktresor/appointment,2023-09-05T11:26:06Z
abapgit-test-table,10,https://github.com/meierfelix2001/abapgit-test-table,2023-09-13T12:31:33Z
Z_BOOKING_583,10,https://github.com/onurerten1/Z_BOOKING_583,2023-09-20T14:07:27Z
sap-abap-examples,9,https://github.com/ing01jonas/sap-abap-examples,2023-09-12T22:41:23Z
LEETCODE_PROBLEMS,10,https://github.com/clemens1994/LEETCODE_PROBLEMS,2023-09-09T22:55:44Z
ABAP2GIT,8,https://github.com/pavelkorenev/ABAP2GIT,2023-09-04T15:03:23Z
zmav_gcts_test,8,https://github.com/RailRay/zmav_gcts_test,2023-09-16T22:36:36Z
rap-start-e2311,7,https://github.com/Logali-Group/rap-start-e2311,2023-09-28T07:57:50Z
abap-source-code-doumenter,7,https://github.com/jliberal/abap-source-code-doumenter,2023-09-15T19:35:20Z
test_rap,7,https://github.com/meierfelix2001/test_rap,2023-09-20T13:27:40Z
zsc_soap,6,https://github.com/onurerten1/zsc_soap,2023-09-20T13:56:15Z
sigweb.be,5,https://github.com/marksmith-II/sigweb.be,2023-09-12T22:47:25Z
UPLOAD_TXT,4,https://github.com/BrunoBonatti/UPLOAD_TXT,2023-09-04T23:42:29Z
crc32c,4,https://github.com/open-abap/crc32c,2023-09-19T11:42:17Z
CLAS_exceptions,4,https://github.com/abapGit-tests/CLAS_exceptions,2023-09-15T13:00:22Z
zscreens_introducao,3,https://github.com/mikeferreiraz/zscreens_introducao,2023-09-27T19:22:20Z
VSCodeRepo,3,https://github.com/alokranjanct333/VSCodeRepo,2023-09-29T11:08:44Z
s4h_code_migration,2,https://github.com/likweitan/s4h_code_migration,2023-09-05T06:26:01Z
s4h_code_migration_h33,2,https://github.com/wdjimenez/s4h_code_migration_h33,2023-09-30T21:09:53Z
ABAP,1,https://github.com/GabrielCordeiroBarrosoTeles/ABAP,2023-09-05T18:34:03Z
KKBTP,65,https://github.com/KranthiBTP/KKBTP,2023-09-06T15:57:18Z
abaptest,1,https://github.com/sidhishkumar/abaptest,2023-09-01T09:47:38Z
abap,0,https://github.com/Devdavilourenco/abap,2023-09-05T19:15:47Z
sample-abap-snowflake,1647,https://github.com/dirigiblelabs/sample-abap-snowflake,2023-10-03T06:45:12Z
SAP-Satis-Siparis-Izleme-ve-Yonetme-Sistemi,955,https://github.com/furkanklvz/SAP-Satis-Siparis-Izleme-ve-Yonetme-Sistemi,2023-10-27T12:45:00Z
ABAP_Pract,894,https://github.com/CarlosGuzmanCG/ABAP_Pract,2023-10-06T17:48:06Z
s4d,694,https://github.com/Rannaery/s4d,2023-10-20T07:06:04Z
ABAP-Intro,692,https://github.com/NoelleSophie/ABAP-Intro,2023-10-20T07:09:10Z
ABAP-Get-Stock-Market-Data,429,https://github.com/analiteg/ABAP-Get-Stock-Market-Data,2023-10-19T11:58:22Z
ZBC_LOG,354,https://github.com/coreline/ZBC_LOG,2023-10-09T06:38:03Z
ZCA_TBX_FILE_UTILITY,347,https://github.com/JSB-Vienna/ZCA_TBX_FILE_UTILITY,2023-10-21T19:29:10Z
abap-sencha,356,https://github.com/wozjac/abap-sencha,2023-10-19T21:04:14Z
trm-server,319,https://github.com/RegestaItalia/trm-server,2023-10-28T13:16:18Z
ZCA_TBX_WORKFLOW,275,https://github.com/JSB-Vienna/ZCA_TBX_WORKFLOW,2023-10-21T20:14:57Z
btp102023,299,https://github.com/opodecano/btp102023,2023-10-05T19:29:06Z
Adobe-Forms,510,https://github.com/joharog/Adobe-Forms,2023-10-03T19:44:54Z
ZCA_TOOLBOX,277,https://github.com/JSB-Vienna/ZCA_TOOLBOX,2023-10-21T18:35:03Z
ZCA_TBX_TEXT_PREPARATION,139,https://github.com/JSB-Vienna/ZCA_TBX_TEXT_PREPARATION,2023-10-21T19:54:38Z
ZZCOMR_TABLE_CREATE,225,https://github.com/linhuang0405/ZZCOMR_TABLE_CREATE,2023-10-18T02:15:38Z
ERP_Portfolio,242,https://github.com/PhilippKaem/ERP_Portfolio,2023-10-30T12:21:37Z
ZC8A009,191,https://github.com/OlegBash599/ZC8A009,2023-10-01T18:03:51Z
ABAP_DATABASE_MANAGER,188,https://github.com/furkancosgun/ABAP_DATABASE_MANAGER,2023-10-09T11:41:00Z
ZPRUEBAS,156,https://github.com/Nestorjsan/ZPRUEBAS,2023-10-28T22:32:05Z
sflight,149,https://github.com/phdaucourt/sflight,2023-10-09T07:44:28Z
SAPBTP,127,https://github.com/cmedranogmz/SAPBTP,2023-10-03T21:20:28Z
ZCA_TBX_ARCHIVING,152,https://github.com/JSB-Vienna/ZCA_TBX_ARCHIVING,2023-10-21T19:18:09Z
notes_abap,119,https://github.com/FastForse/notes_abap,2023-10-20T13:46:08Z
BTP,117,https://github.com/JuanKapi/BTP,2023-10-02T15:18:03Z
ZCA_TBX_APPLICATION_LOGGING,110,https://github.com/JSB-Vienna/ZCA_TBX_APPLICATION_LOGGING,2023-10-21T18:56:38Z
ABAP_SCP,99,https://github.com/Jhabap91/ABAP_SCP,2023-10-02T15:59:55Z
Master_SAP_BTP,92,https://github.com/Armandohr/Master_SAP_BTP,2023-10-07T19:50:41Z
ZCA_TBX_SCREEN_FRAMEWORK,96,https://github.com/JSB-Vienna/ZCA_TBX_SCREEN_FRAMEWORK,2023-10-21T19:46:23Z
Programming_in_ABAP,88,https://github.com/stengi95/Programming_in_ABAP,2023-10-15T09:35:40Z
BTP_MGB_1,79,https://github.com/MGB001/BTP_MGB_1,2023-10-18T11:38:03Z
RAP,90,https://github.com/sourav-exe/RAP,2023-10-29T20:27:03Z
PP_TOOL,78,https://github.com/SINGTEN/PP_TOOL,2023-10-04T02:34:40Z
abap_movie,81,https://github.com/appenmaier/abap_movie,2023-10-25T12:26:34Z
MasterSAPBTP_FinalProject,78,https://github.com/cristinallamasnbx/MasterSAPBTP_FinalProject,2023-10-30T19:56:49Z
PROGRAM_CREATE_MASS_JOURNAL_PERBAIKAN_BUKTI_POTONG,70,https://github.com/wellys3/PROGRAM_CREATE_MASS_JOURNAL_PERBAIKAN_BUKTI_POTONG,2023-10-16T02:54:40Z
abap_rout_planner,77,https://github.com/analiteg/abap_rout_planner,2023-10-27T12:56:06Z
ZCA_TBX_APPROVAL_HISTORY,73,https://github.com/JSB-Vienna/ZCA_TBX_APPROVAL_HISTORY,2023-10-21T19:11:23Z
C23C250,57,https://github.com/Logali-Group/C23C250,2023-10-31T13:19:09Z
unmanaged-test,61,https://github.com/yucelgamze/unmanaged-test,2023-10-30T13:59:26Z
product,54,https://github.com/aleksei-belousov/product,2023-10-23T09:22:13Z
ZCA_TBX_ALV,53,https://github.com/JSB-Vienna/ZCA_TBX_ALV,2023-10-21T18:44:53Z
01ZS,50,https://github.com/rrnui/01ZS,2023-10-31T07:25:06Z
btp_rap_ztravel,45,https://github.com/QuanTranDoanAnh/btp_rap_ztravel,2023-10-19T06:53:15Z
Calculator,44,https://github.com/ahmetfigen/Calculator,2023-10-05T02:53:42Z
btp_trial_202309,43,https://github.com/goncalvesp/btp_trial_202309,2023-10-02T11:29:57Z
abap_cloud,42,https://github.com/jwgabriel/abap_cloud,2023-10-16T23:46:45Z
s4d,36,https://github.com/Tynopia/s4d,2023-10-20T07:08:53Z
S4D,36,https://github.com/Am4gedon/S4D,2023-10-20T07:07:02Z
abap_scripting,36,https://github.com/carbsi/abap_scripting,2023-10-29T11:12:31Z
SAPBTP-AbapGit,35,https://github.com/henrysotelo/SAPBTP-AbapGit,2023-10-01T16:16:01Z
ZGT_DOCIMP,34,https://github.com/WojciechRzeczyckiVESLOG/ZGT_DOCIMP,2023-10-06T07:11:50Z
ABAP-Coding,37,https://github.com/Leena0290/ABAP-Coding,2023-10-15T20:40:12Z
ALV-REPORTES,36,https://github.com/Josselintp/ALV-REPORTES,2023-10-03T14:35:02Z
Myongji-University-ABAP_Basics,32,https://github.com/YunFrey/Myongji-University-ABAP_Basics,2023-10-25T10:56:09Z
ZCA_TBX_VALUE_HELP_TOOL,31,https://github.com/JSB-Vienna/ZCA_TBX_VALUE_HELP_TOOL,2023-10-21T20:12:04Z
abap-btp-250,31,https://github.com/simontercia/abap-btp-250,2023-10-08T23:11:11Z
abap_scp,31,https://github.com/jwgabriel/abap_scp,2023-10-16T23:29:57Z
Myongji-University-ABAP_STUDY_1,31,https://github.com/YunFrey/Myongji-University-ABAP_STUDY_1,2023-10-25T11:29:50Z
ABAP-RESTful,35,https://github.com/yucelgamze/ABAP-RESTful,2023-10-16T19:02:33Z
BTP-Abap,29,https://github.com/Lau270777/BTP-Abap,2023-10-17T01:51:13Z
ZCA_TBX_SCREEN_ENHANCEMENT,39,https://github.com/JSB-Vienna/ZCA_TBX_SCREEN_ENHANCEMENT,2023-10-21T19:43:01Z
carsharing_kp,53,https://github.com/PepeKormendi/carsharing_kp,2023-10-05T12:01:34Z
editable_alv_with_webservice_integration_and_printing,27,https://github.com/harshsharma1506/editable_alv_with_webservice_integration_and_printing,2023-10-25T07:30:16Z
s4d,27,https://github.com/Butterkeks23/s4d,2023-10-20T07:08:57Z
Myongji-University-ABAP_STUDY_2,26,https://github.com/YunFrey/Myongji-University-ABAP_STUDY_2,2023-10-25T11:32:04Z
zscv_search_cds_views_before_75h,26,https://github.com/alwinvandeput/zscv_search_cds_views_before_75h,2023-10-13T14:04:33Z
ZCA_TBX_MAIL_DISTRIBUTION,36,https://github.com/JSB-Vienna/ZCA_TBX_MAIL_DISTRIBUTION,2023-10-21T19:39:28Z
S4D,24,https://github.com/EinCloudy/S4D,2023-10-20T07:06:07Z
ZCA_TBX_BATCH_INPUT_UTILITY,23,https://github.com/JSB-Vienna/ZCA_TBX_BATCH_INPUT_UTILITY,2023-10-21T19:25:29Z
RAP_DEMO,24,https://github.com/yucelgamze/RAP_DEMO,2023-10-19T19:43:47Z
ZCA_TBX_OBJECT_STATUS_HANDLER,21,https://github.com/JSB-Vienna/ZCA_TBX_OBJECT_STATUS_HANDLER,2023-10-21T19:41:19Z
actions-abaplint-v2,22,https://github.com/valeriast/actions-abaplint-v2,2023-10-03T00:00:51Z
ZCA_TBX_SCREEN_REUSABLES,28,https://github.com/JSB-Vienna/ZCA_TBX_SCREEN_REUSABLES,2023-10-21T19:50:12Z
ABAPSandBox,20,https://github.com/Abap-test-org-local/ABAPSandBox,2023-10-04T11:05:52Z
abap_travel,20,https://github.com/Tynopia/abap_travel,2023-10-30T10:23:36Z
s4d,19,https://github.com/AnnaSophiaJ/s4d,2023-10-20T07:10:08Z
ABAP-exercicios,19,https://github.com/GabrielCordeiroBarrosoTeles/ABAP-exercicios,2023-10-06T16:00:47Z
vat_validate,18,https://github.com/analiteg/vat_validate,2023-10-17T10:40:47Z
abapGit-OnPremise,17,https://github.com/devrajsinghrawat/abapGit-OnPremise,2023-10-03T02:12:05Z
ZPACKAGE_GY,24,https://github.com/yucelgamze/ZPACKAGE_GY,2023-10-24T00:52:41Z
Lock-Objects,16,https://github.com/VenkataSuryaPrakash4/Lock-Objects,2023-10-13T14:24:57Z
FUGR_dynp_template,17,https://github.com/abapGit-tests/FUGR_dynp_template,2023-10-26T22:11:23Z
CursoS4HCloud,14,https://github.com/rodrigo1766/CursoS4HCloud,2023-10-13T16:04:46Z
ABAPTest,15,https://github.com/PetrHavir/ABAPTest,2023-10-09T10:05:22Z
dev_cds,18,https://github.com/koray-ana65536/dev_cds,2023-10-23T10:56:32Z
Nexgen_ATC,13,https://github.com/mmigac/Nexgen_ATC,2023-10-12T07:28:32Z
Estagio-ABAP,23,https://github.com/ErikTakeuti/Estagio-ABAP,2023-10-04T16:09:24Z
praca-pedagio,16,https://github.com/alanfljesus/praca-pedagio,2023-10-05T19:12:47Z
tree-table-rap,12,https://github.com/arunkrishnamoorthy/tree-table-rap,2023-10-24T09:56:36Z
Estagio-ABAP-Exercicios,12,https://github.com/ErikTakeuti/Estagio-ABAP-Exercicios,2023-10-06T16:08:48Z
ZCA_TBX_UNIT_TEST_SUPPORT,11,https://github.com/JSB-Vienna/ZCA_TBX_UNIT_TEST_SUPPORT,2023-10-21T20:08:31Z
Load_Excel_File_To_Database_Tables,11,https://github.com/VenkataSuryaPrakash4/Load_Excel_File_To_Database_Tables,2023-10-13T14:38:19Z
ABAP-Translit-Polish-Text,10,https://github.com/analiteg/ABAP-Translit-Polish-Text,2023-10-26T10:52:34Z
Bader_Presenation2,10,https://github.com/SDiegnitz/Bader_Presenation2,2023-10-17T14:44:25Z
connections,10,https://github.com/aracelychavez/connections,2023-10-10T23:30:14Z
EL_01,14,https://github.com/ksasikiran/EL_01,2023-10-19T07:18:31Z
sap-metrics,10,https://github.com/ZalaPanda/sap-metrics,2023-10-07T14:05:02Z
Z_FILE_UTILS,10,https://github.com/ABAP-Lib/Z_FILE_UTILS,2023-10-23T15:27:59Z
Calculadora-em-ABAP,8,https://github.com/GabrielCordeiroBarrosoTeles/Calculadora-em-ABAP,2023-10-09T19:29:26Z
YNAY_DEMO_RPSTRY,8,https://github.com/Y-Nayak/YNAY_DEMO_RPSTRY,2023-10-25T11:25:24Z
ABAP-FizzBuzz-Solution,7,https://github.com/analiteg/ABAP-FizzBuzz-Solution,2023-10-13T11:40:57Z
sap-forever,7,https://github.com/eLONEwolf/sap-forever,2023-10-20T13:10:09Z
Myongji-University-ABAP_ALV_BASICS,7,https://github.com/YunFrey/Myongji-University-ABAP_ALV_BASICS,2023-10-28T05:13:58Z
Interactive-ALV-Report,7,https://github.com/VenkataSuryaPrakash4/Interactive-ALV-Report,2023-10-13T14:49:39Z
EstagioABAP-UsoDeForm,7,https://github.com/ErikTakeuti/EstagioABAP-UsoDeForm,2023-10-31T17:49:52Z
SapTest,7,https://github.com/steqee/SapTest,2023-10-06T13:47:54Z
Daily-Usage-Source-Code,7,https://github.com/VenkataSuryaPrakash4/Daily-Usage-Source-Code,2023-10-13T16:30:21Z
ALV-Report-With-Spool-Job-,7,https://github.com/VenkataSuryaPrakash4/ALV-Report-With-Spool-Job-,2023-10-13T16:20:43Z
ZRAP_NP,7,https://github.com/nawakan/ZRAP_NP,2023-10-25T11:01:30Z
ALV-Report-,7,https://github.com/VenkataSuryaPrakash4/ALV-Report-,2023-10-13T16:07:11Z
dev_cds,11,https://github.com/AhmetFarukKoseoglu/dev_cds,2023-10-24T13:24:47Z
Sles-Order-ALV-Report,6,https://github.com/VenkataSuryaPrakash4/Sles-Order-ALV-Report,2023-10-13T16:39:19Z
dev_cds,7,https://github.com/neptune-pixel/dev_cds,2023-10-24T18:13:57Z
EasySAPABAP,6,https://github.com/edonovanto/EasySAPABAP,2023-10-29T13:51:28Z
Estagio-ABAP-Relatorio,6,https://github.com/ErikTakeuti/Estagio-ABAP-Relatorio,2023-10-18T18:20:39Z
Cooporate-Training-BD,8,https://github.com/Enzo1975/Cooporate-Training-BD,2023-10-12T15:57:16Z
Open-Customers-ALV-Report,6,https://github.com/VenkataSuryaPrakash4/Open-Customers-ALV-Report,2023-10-13T16:13:03Z
Spool-Test,6,https://github.com/VenkataSuryaPrakash4/Spool-Test,2023-10-13T16:28:11Z
Sap_Lab_abapGit,5,https://github.com/guzmanis/Sap_Lab_abapGit,2023-10-30T22:48:26Z
study-abap,4,https://github.com/ijlalWindhi/study-abap,2023-10-19T06:20:55Z
Z_EMAIL_UTILS,6,https://github.com/ABAP-Lib/Z_EMAIL_UTILS,2023-10-23T15:24:36Z
trm-hello-world,5,https://github.com/RegestaItalia/trm-hello-world,2023-10-28T13:27:38Z
kata.fizzbuzz,4,https://github.com/marksmith-II/kata.fizzbuzz,2023-10-10T18:32:38Z
trm-dependency,4,https://github.com/RegestaItalia/trm-dependency,2023-10-28T13:39:06Z
Z_FI_COMPENSAO_DOCS,7,https://github.com/ABAP-Lib/Z_FI_COMPENSAO_DOCS,2023-10-23T15:13:02Z
trm-dependant,4,https://github.com/RegestaItalia/trm-dependant,2023-10-28T13:44:15Z
ABAP-SQL-Beautifier-Backend,4,https://github.com/lukas-mb/ABAP-SQL-Beautifier-Backend,2023-10-10T18:55:01Z
GL_Accounting_BAPI,3,https://github.com/VenkataSuryaPrakash4/GL_Accounting_BAPI,2023-10-13T15:01:13Z
exercism_abap,3,https://github.com/Huargh/exercism_abap,2023-10-22T14:29:59Z
Practise,3,https://github.com/VenkataSuryaPrakash4/Practise,2023-10-13T16:42:43Z
Z_ONLINESHOP_017,3,https://github.com/nawakan/Z_ONLINESHOP_017,2023-10-25T11:02:15Z
CLAS_KEY_USER,3,https://github.com/abapGit-tests/CLAS_KEY_USER,2023-10-20T08:21:23Z
ABAP-Calculadora,3,https://github.com/ErikTakeuti/ABAP-Calculadora,2023-10-09T16:24:54Z
Z_LOG_UTILS,3,https://github.com/ABAP-Lib/Z_LOG_UTILS,2023-10-23T15:29:31Z
Z_AMDP_583,3,https://github.com/onurerten1/Z_AMDP_583,2023-10-25T13:06:05Z
GL_Accounting_BDC,3,https://github.com/VenkataSuryaPrakash4/GL_Accounting_BDC,2023-10-13T15:09:23Z
s4h_code_migration_H90,2,https://github.com/Davra-mqa/s4h_code_migration_H90,2023-10-14T21:19:52Z
ABAP_RFC_COPY_TABLE,2,https://github.com/clemens1994/ABAP_RFC_COPY_TABLE,2023-10-28T21:52:36Z
Z_TEXT_UTILS,2,https://github.com/ABAP-Lib/Z_TEXT_UTILS,2023-10-29T20:15:35Z
s4h_code_migration_108,2,https://github.com/rodrigo1766/s4h_code_migration_108,2023-10-15T03:11:34Z
s4pk0,2,https://github.com/4v4j4k/s4pk0,2023-10-21T17:06:14Z
Z_XML_UTILS,2,https://github.com/ABAP-Lib/Z_XML_UTILS,2023-10-23T15:33:12Z
Open-Datasets,2,https://github.com/VenkataSuryaPrakash4/Open-Datasets,2023-10-13T16:57:56Z
s4hana_migration_code_test,2,https://github.com/bhaprasad4abap/s4hana_migration_code_test,2023-10-14T14:23:34Z
Joins,2,https://github.com/VenkataSuryaPrakash4/Joins,2023-10-13T16:25:34Z
abap_cds,5,https://github.com/ramazandlk/abap_cds,2023-10-24T06:44:05Z
Smartforms-Driver-Code,2,https://github.com/VenkataSuryaPrakash4/Smartforms-Driver-Code,2023-10-13T17:06:52Z
ZPACKAGE_583,1,https://github.com/onurerten1/ZPACKAGE_583,2023-10-25T12:57:43Z
zmav_test_us4_ssh,1,https://github.com/RailRay/zmav_test_us4_ssh,2023-10-02T21:57:39Z
zmav_test_us4,1,https://github.com/RailRay/zmav_test_us4,2023-10-02T20:43:52Z
Astforix,1,https://github.com/S900785/Astforix,2023-10-17T16:59:10Z
MyDevAbap,1,https://github.com/frbrn2/MyDevAbap,2023-10-04T12:30:12Z
BTP_DEV_25.10.2023,0,https://github.com/AkshayCP1997/BTP_DEV_25.10.2023,2023-10-25T06:42:38Z
abap-platform-rap100,60781,https://github.com/SAP-samples/abap-platform-rap100,2023-11-17T18:38:45Z
abap-platform-rap110,28832,https://github.com/SAP-samples/abap-platform-rap110,2023-11-17T18:43:31Z
GCP_ABAP_SDK,15336,https://github.com/sriramrokkam/GCP_ABAP_SDK,2023-11-06T06:02:07Z
AWS_ABAP_SDK,15336,https://github.com/sriramrokkam/AWS_ABAP_SDK,2023-11-06T06:05:27Z
abap-platform-rap630,12808,https://github.com/SAP-samples/abap-platform-rap630,2023-11-17T18:53:59Z
gh-copilot-sap,3060,https://github.com/0GiS0/gh-copilot-sap,2023-11-07T09:20:43Z
zvdb,2220,https://github.com/oisee/zvdb,2023-11-19T21:22:14Z
abap_cloud_akp,1132,https://github.com/parmaesh-chary/abap_cloud_akp,2023-11-22T15:23:12Z
ABAP-Delivery-Costs-Estimation-App,1000,https://github.com/analiteg/ABAP-Delivery-Costs-Estimation-App,2023-11-27T09:21:55Z
Cockpit-de-Compras,522,https://github.com/miguelangelooscardoso/Cockpit-de-Compras,2023-11-02T11:22:11Z
ZRK_PROCUREMENT,380,https://github.com/koradaramjee789/ZRK_PROCUREMENT,2023-11-08T13:48:33Z
cds2alv,275,https://github.com/rku-it-GmbH/cds2alv,2023-11-13T12:51:04Z
PresaleCockpit,248,https://github.com/batmanbk25/PresaleCockpit,2023-11-15T03:42:41Z
SAP_CURSO_FIORI_FREESTYLE_BACKEND,235,https://github.com/vicenterj1/SAP_CURSO_FIORI_FREESTYLE_BACKEND,2023-11-02T14:49:50Z
um-ABAPPER-ABAPAVA,203,https://github.com/Hugo-Davi/um-ABAPPER-ABAPAVA,2023-11-20T18:31:18Z
abap-advent-2023,187,https://github.com/joltdx/abap-advent-2023,2023-11-27T07:03:07Z
abapconf_ssp_demo,162,https://github.com/SaschaWaechter/abapconf_ssp_demo,2023-11-22T10:21:31Z
ABAP,133,https://github.com/anikaott/ABAP,2023-11-23T16:11:28Z
Gruppe-H,137,https://github.com/stexer2108/Gruppe-H,2023-11-27T15:38:23Z
abapToC,116,https://github.com/Kaszub09/abapToC,2023-11-24T14:07:35Z
ABAP,115,https://github.com/Tmeler/ABAP,2023-11-03T14:00:12Z
ABAP740,115,https://github.com/diogomax/ABAP740,2023-11-24T17:39:12Z
ABAPFileManagement,123,https://github.com/JAlTad/ABAPFileManagement,2023-11-09T15:39:54Z
SAP-ABAP,112,https://github.com/haribo841/SAP-ABAP,2023-11-27T17:54:36Z
rap-lean,107,https://github.com/santicisneros/rap-lean,2023-11-28T18:59:15Z
myleaverequest-fiori-rap-app,106,https://github.com/olisonsturm/myleaverequest-fiori-rap-app,2023-11-19T22:04:24Z
sap-zion,103,https://github.com/vcd94xt10z/sap-zion,2023-11-10T20:42:51Z
ABAP-Exercises,95,https://github.com/miguelangelooscardoso/ABAP-Exercises,2023-11-04T17:59:30Z
ABAPConf2023-demo,106,https://github.com/rku-it-GmbH/ABAPConf2023-demo,2023-11-27T11:41:36Z
equip-report,92,https://github.com/edmilson-nascimento/equip-report,2023-11-03T14:01:44Z
Portfolio,95,https://github.com/Lukasw-1996/Portfolio,2023-11-13T13:34:01Z
demo_rap,76,https://github.com/asarun86/demo_rap,2023-11-08T15:40:21Z
zblue_commons_to_param,87,https://github.com/flyingdog/zblue_commons_to_param,2023-11-16T18:29:49Z
rap110,67,https://github.com/attilaberencsi/rap110,2023-11-15T17:50:56Z
ZKRM-Urlaubsbuchung,76,https://github.com/Sebi2682/ZKRM-Urlaubsbuchung,2023-11-13T13:21:02Z
SAP-ABAP-Tutorial,71,https://github.com/gokcensolmaz/SAP-ABAP-Tutorial,2023-11-23T13:15:40Z
workbench,64,https://github.com/cbdao/workbench,2023-11-16T17:10:05Z
Projekt-Appenmeier,63,https://github.com/V-Wsk/Projekt-Appenmeier,2023-11-13T14:37:34Z
rap_fuel_price,67,https://github.com/PeterChain/rap_fuel_price,2023-11-02T21:44:11Z
abap,54,https://github.com/henczu/abap,2023-11-08T08:23:08Z
sapabap,53,https://github.com/zengchao881117/sapabap,2023-11-07T05:06:01Z
Portfolio-CR2023_Holiday,53,https://github.com/hallerr/Portfolio-CR2023_Holiday,2023-11-13T13:34:14Z
abap-convertible,51,https://github.com/sandraros/abap-convertible,2023-11-17T19:41:08Z
Pr-fungsleistung_ERP,68,https://github.com/BiegelMichael/Pr-fungsleistung_ERP,2023-11-13T16:58:36Z
abap-rap-time-tracking,50,https://github.com/michaelconsetto/abap-rap-time-tracking,2023-11-05T14:29:33Z
ZTEST2_ASZ,90,https://github.com/Alvaros88/ZTEST2_ASZ,2023-11-09T12:16:50Z
openSAP-RAP,56,https://github.com/ankitsrivastav-codes/openSAP-RAP,2023-11-10T05:08:39Z
shipment,73,https://github.com/aleksei-belousov/shipment,2023-11-13T10:53:29Z
master-data-rebate,44,https://github.com/Tediace/master-data-rebate,2023-11-20T10:20:55Z
abaplint-abap-base,46,https://github.com/abaplint/abaplint-abap-base,2023-11-01T07:20:18Z
openSAP---ABAP-on-HANA,42,https://github.com/ElsonM/openSAP---ABAP-on-HANA,2023-11-01T13:36:46Z
shrinked-SOAR,42,https://github.com/sandraros/shrinked-SOAR,2023-11-24T10:06:43Z
ABAP_MLB,45,https://github.com/Benjamin994-png/ABAP_MLB,2023-11-29T23:48:06Z
abap_cloud,56,https://github.com/simjl/abap_cloud,2023-11-28T01:24:03Z
Espresso-Tutorials---TDD-by-example,35,https://github.com/MaddinJay/Espresso-Tutorials---TDD-by-example,2023-11-08T16:45:53Z
abap-advent-2023-template,46,https://github.com/joltdx/abap-advent-2023-template,2023-11-27T06:22:33Z
ABAP_Implemenations,41,https://github.com/LowExpectation/ABAP_Implemenations,2023-11-18T01:39:49Z
C23C250,33,https://github.com/Armandohr/C23C250,2023-11-01T15:56:25Z
TVARVC_DATE_UTILITY,40,https://github.com/Richardson-Jessie/TVARVC_DATE_UTILITY,2023-11-04T07:04:46Z
Z27DRAP_DKV,29,https://github.com/GuptaDhannarapu/Z27DRAP_DKV,2023-11-01T15:34:33Z
SAP-Core_ABAP,50,https://github.com/PalmN72/SAP-Core_ABAP,2023-11-13T14:38:41Z
abap-platform-rap630-ext,26,https://github.com/SAP-samples/abap-platform-rap630-ext,2023-11-20T02:34:17Z
event-mesh-demo,27,https://github.com/js-soft/event-mesh-demo,2023-11-18T11:08:26Z
NTT_Team_repo,25,https://github.com/gzmilgar/NTT_Team_repo,2023-11-07T08:03:28Z
Z27DRAP_GUPTA,23,https://github.com/GuptaDhannarapu/Z27DRAP_GUPTA,2023-11-01T11:12:44Z
abaparchive,23,https://github.com/akkayahome/abaparchive,2023-11-08T07:59:23Z
todo-to-git-issue-example,2,https://github.com/mraht-abap-tools/todo-to-git-issue-example,2023-11-09T09:09:17Z
RAP_FLIGHT_DEMO,34,https://github.com/SarinSangpongaumpai/RAP_FLIGHT_DEMO,2023-11-21T03:09:00Z
ZBARUT_TRAVEL_APP_001,21,https://github.com/ismaillbarut/ZBARUT_TRAVEL_APP_001,2023-11-10T08:43:45Z
ALV-ABAP,20,https://github.com/GabrielCordeiroBarrosoTeles/ALV-ABAP,2023-11-24T18:25:21Z
Odata_Git,24,https://github.com/Mouad-MB10/Odata_Git,2023-11-10T15:28:36Z
sap-abap-applications,16,https://github.com/Alpy81/sap-abap-applications,2023-11-28T11:51:58Z
ABAP-Traning,17,https://github.com/przemyslaw-orpel/ABAP-Traning,2023-11-13T10:25:22Z
-ABAP-RESTful,15,https://github.com/ismaillbarut/-ABAP-RESTful,2023-11-10T11:12:19Z
gCTSTest,15,https://github.com/imihailovs/gCTSTest,2023-11-30T15:22:09Z
ABAP-RESTAPI,15,https://github.com/Zernez/ABAP-RESTAPI,2023-11-18T17:00:33Z
Y_DEMO_CDS,13,https://github.com/sebasgoldberg/Y_DEMO_CDS,2023-11-26T14:13:36Z
ALV-Bapi,11,https://github.com/seda-yaman/ALV-Bapi,2023-11-27T15:10:18Z
ZBARUT_HTTP_TEST,8,https://github.com/ismaillbarut/ZBARUT_HTTP_TEST,2023-11-10T11:30:31Z
NSPC_apack,10,https://github.com/abapGit-tests/NSPC_apack,2023-11-09T20:43:28Z
Employee-Leave-Management,8,https://github.com/zacjr8/Employee-Leave-Management,2023-11-04T16:11:36Z
library_System,8,https://github.com/cBerat/library_System,2023-11-25T18:05:02Z
EQUI-Manager,6,https://github.com/przemyslaw-orpel/EQUI-Manager,2023-11-20T14:44:45Z
Myongji-University-DYNPRO-ALV,5,https://github.com/YunFrey/Myongji-University-DYNPRO-ALV,2023-11-07T05:27:00Z
zsd_labst_pvp,5,https://github.com/edgar-r-soares/zsd_labst_pvp,2023-11-16T11:25:01Z
provide_shuttle_idoc_example,10,https://github.com/fleischr/provide_shuttle_idoc_example,2023-11-21T04:31:21Z
Estagio-ABAP-ALV,10,https://github.com/ErikTakeuti/Estagio-ABAP-ALV,2023-11-24T18:18:25Z
Sales-Order,7,https://github.com/zacjr8/Sales-Order,2023-11-04T14:39:13Z
mail-processing,8,https://github.com/seda-yaman/mail-processing,2023-11-27T16:05:37Z
ABAP_JIRA_CLIENT,9,https://github.com/clemens1994/ABAP_JIRA_CLIENT,2023-11-11T12:11:56Z
SAPABAP,19,https://github.com/wlaud8911/SAPABAP,2023-11-23T02:02:47Z
SAPABAP2,6,https://github.com/wlaud8911/SAPABAP2,2023-11-23T04:54:05Z
ABAP,6,https://github.com/TYPyz/ABAP,2023-11-09T09:03:23Z
request-consistency-check,3,https://github.com/tricktresor/request-consistency-check,2023-11-02T10:16:36Z
oop-abap,5,https://github.com/seda-yaman/oop-abap,2023-11-27T16:10:12Z
speedtest-fibonacci-abap,3,https://github.com/guogin/speedtest-fibonacci-abap,2023-11-03T10:33:21Z
ZMB_SELECTION_SCREEN,4,https://github.com/Mouad-MB10/ZMB_SELECTION_SCREEN,2023-11-25T11:21:02Z
Auto-CR-,3,https://github.com/Shruthigudikadi/Auto-CR-,2023-11-07T06:44:39Z
PruebaABAPgit,3,https://github.com/julianpendino22/PruebaABAPgit,2023-11-03T12:36:19Z
SAPTableCompare,2,https://github.com/taiabr/SAPTableCompare,2023-11-22T14:23:43Z
OOP,2,https://github.com/Mouad-MB10/OOP,2023-11-13T13:41:49Z
Classe-Local-ABAP,5,https://github.com/ErikTakeuti/Classe-Local-ABAP,2023-11-13T17:29:51Z
zrap,2,https://github.com/Mouad-MB10/zrap,2023-11-10T00:24:00Z
Z_MM_CARACTERISTICAS_MATERIAIS,3,https://github.com/ABAP-Lib/Z_MM_CARACTERISTICAS_MATERIAIS,2023-11-07T18:21:28Z
DEBUG_PPF_OS,4,https://github.com/clemens1994/DEBUG_PPF_OS,2023-11-25T20:55:28Z
NTT_ABAP,3,https://github.com/bguler11/NTT_ABAP,2023-11-09T12:13:55Z
Internal_Table,3,https://github.com/Mouad-MB10/Internal_Table,2023-11-13T09:58:02Z
parametrs,2,https://github.com/Mouad-MB10/parametrs,2023-11-15T14:26:07Z
adobe-excel-upload,8,https://github.com/seda-yaman/adobe-excel-upload,2023-11-27T14:54:29Z
ABAP_750,2,https://github.com/bsaldir/ABAP_750,2023-11-18T10:57:46Z
BADI_ACC_DOCUMENT_EXTENSION2,2,https://github.com/taiabr/BADI_ACC_DOCUMENT_EXTENSION2,2023-11-22T14:14:30Z
abap_open_checks,1485,https://github.com/parmaesh-chary/abap_open_checks,2023-11-27T07:35:28Z
forms,54,https://github.com/pascalfrank1/forms,2023-11-29T14:22:14Z
RAP,13,https://github.com/LOEWEJAN/RAP,2023-11-27T08:57:51Z
TASK,151,https://github.com/LOEWEJAN/TASK,2023-11-27T08:58:05Z
ZTEMPLATE_02,18,https://github.com/wlaud8911/ZTEMPLATE_02,2023-11-23T07:44:58Z
bw_create_rspc,3,https://github.com/pawelwiejkut/bw_create_rspc,2023-11-20T20:28:33Z
Z_PKG_DATA_TYPE_PRGRMS,2,https://github.com/Mouad-MB10/Z_PKG_DATA_TYPE_PRGRMS,2023-11-21T10:40:54Z
ABAP_750,2,https://github.com/meliheren/ABAP_750,2023-11-17T19:14:44Z
zgy_rap_0006,23,https://github.com/yucelgamze/zgy_rap_0006,2023-11-16T15:23:20Z
eltesaptest2,7,https://github.com/Klopfolo/eltesaptest2,2023-11-30T09:55:48Z
Eclipse_package,193,https://github.com/SuleymanSZR/Eclipse_package,2023-11-10T09:54:23Z
rap100_troubleshooting,16,https://github.com/paolosfilio/rap100_troubleshooting,2023-11-13T16:24:21Z
ALV2-ABAP-Estagio,6,https://github.com/ErikTakeuti/ALV2-ABAP-Estagio,2023-11-29T17:04:54Z
abap-cheat-sheets-copied,1094,https://github.com/parmaesh-chary/abap-cheat-sheets-copied,2023-11-22T15:42:52Z
OOP-Inheritance,2,https://github.com/seda-yaman/OOP-Inheritance,2023-11-27T16:23:37Z
dialog_programming,11,https://github.com/seda-yaman/dialog_programming,2023-11-14T12:04:04Z
Bapi-Salesorder,2,https://github.com/seda-yaman/Bapi-Salesorder,2023-11-27T15:15:44Z
abap-4-in-a-row,4,https://github.com/Dominik23/abap-4-in-a-row,2023-11-14T22:29:19Z
Adobeform-Flight,3,https://github.com/seda-yaman/Adobeform-Flight,2023-11-27T16:29:08Z
ABAP_MASS_LOAD,21,https://github.com/taiabr/ABAP_MASS_LOAD,2023-11-22T13:47:13Z
eltesaptest3,6,https://github.com/Klopfolo/eltesaptest3,2023-11-30T10:13:18Z
dev_idoc,11,https://github.com/erdincbilgi/dev_idoc,2023-11-30T13:19:20Z
abapgit-error,11,https://github.com/thorsten-wolf-neptune/abapgit-error,2023-11-16T18:58:37Z
selection-screen-toolbar,3,https://github.com/seda-yaman/selection-screen-toolbar,2023-11-27T16:14:29Z
abapGitForABAPArtefacts-customer,20,https://github.com/ibraeuninger/abapGitForABAPArtefacts-customer,2023-11-16T09:31:18Z
Abap_750,2,https://github.com/seda-yaman/Abap_750,2023-11-14T07:31:43Z
batch_input,4,https://github.com/seda-yaman/batch_input,2023-11-27T15:04:14Z
ABAP_750,2,https://github.com/rmysanurkucuk/ABAP_750,2023-11-14T05:16:28Z
CDS_ABAP_Course,4,https://github.com/arao-myspace/CDS_ABAP_Course,2023-11-19T12:22:02Z
test_public2,1,https://github.com/colbyhemond/test_public2,2023-11-30T12:52:17Z
oop-constructor,2,https://github.com/seda-yaman/oop-constructor,2023-11-27T16:20:13Z
IDOC,19,https://github.com/meliheren/IDOC,2023-11-29T22:36:37Z
zdelai_payement,1,https://github.com/AyoubRhaz/zdelai_payement,2023-11-17T11:40:18Z
BCB_TaxRate_MassLoad,13,https://github.com/taiabr/BCB_TaxRate_MassLoad,2023-11-22T14:17:02Z
ABAP_TESTS,6,https://github.com/mikeb127/ABAP_TESTS,2023-11-22T02:13:04Z
abap-idoc,4,https://github.com/seda-yaman/abap-idoc,2023-11-29T10:40:01Z
soap_ui,7,https://github.com/seda-yaman/soap_ui,2023-11-13T18:58:50Z
ABAP_Caculator,3,https://github.com/giansas/ABAP_Caculator,2023-11-23T02:29:18Z
aoc.2023,4418,https://github.com/ZalaPanda/aoc.2023,2023-12-02T00:22:15Z
sap,1005,https://github.com/andrezzahfreire/sap,2023-12-28T22:17:12Z
ZCA_GUI,548,https://github.com/coreline/ZCA_GUI,2023-12-01T05:42:09Z
abap_syntax_structures,543,https://github.com/xryal/abap_syntax_structures,2023-12-14T03:05:26Z
YDEV_BY_THECAP,461,https://github.com/ABAPDUDE/YDEV_BY_THECAP,2023-12-27T15:52:57Z
otel,329,https://github.com/abapify/otel,2023-12-15T13:12:08Z
ZSHIPMENT,341,https://github.com/aleksei-belousov/ZSHIPMENT,2023-12-12T10:00:07Z
ZMATIX,236,https://github.com/aleksei-belousov/ZMATIX,2023-12-11T16:08:34Z
abapcloudcertificate,168,https://github.com/attilaberencsi/abapcloudcertificate,2023-12-18T21:04:34Z
ZMATRIX,194,https://github.com/aleksei-belousov/ZMATRIX,2023-12-20T09:30:20Z
ZPRODUCT,147,https://github.com/aleksei-belousov/ZPRODUCT,2023-12-20T09:58:00Z
demo-po-so,188,https://github.com/google-cloud-abap/demo-po-so,2023-12-07T07:17:30Z
Conversao-do-SAP-ECC-para-S4-HANA,107,https://github.com/Voitikoski/Conversao-do-SAP-ECC-para-S4-HANA,2023-12-27T12:49:44Z
launchpad-kpi,78,https://github.com/abap2UI5-addons/launchpad-kpi,2023-12-06T18:20:08Z
MBT-Test,98,https://github.com/Marc-Bernard-Tools/MBT-Test,2023-12-13T14:53:15Z
ABAPONHANA,62,https://github.com/CoderRahu1/ABAPONHANA,2023-12-13T10:46:15Z
projeto-abap-code,84,https://github.com/abner-pereira/projeto-abap-code,2023-12-18T18:17:48Z
zefsc_cantina,84,https://github.com/alanfljesus/zefsc_cantina,2023-12-29T22:22:04Z
ABAP_TextTranslation,76,https://github.com/coldb02/ABAP_TextTranslation,2023-12-01T13:28:30Z
abap-files,61,https://github.com/raketenstart-abap/abap-files,2023-12-06T18:46:59Z
ERP-Projekt,66,https://github.com/Menzerich/ERP-Projekt,2023-12-08T10:56:51Z
Road2BTP,76,https://github.com/4ndr3ass/Road2BTP,2023-12-16T06:08:38Z
abapgit-tabl-format,6,https://github.com/abapGit/abapgit-tabl-format,2023-12-17T09:39:01Z
Advent-of-Code-2023,42,https://github.com/MBartsch71/Advent-of-Code-2023,2023-12-04T17:50:50Z
using-cl-salv-table,40,https://github.com/ElsonM/using-cl-salv-table,2023-12-19T16:40:09Z
ABAP_TDK,53,https://github.com/tn1234567890/ABAP_TDK,2023-12-02T13:11:24Z
abap-mail,37,https://github.com/raketenstart-abap/abap-mail,2023-12-22T01:25:42Z
abap-xi-proxy-cpi,36,https://github.com/raketenstart-abap/abap-xi-proxy-cpi,2023-12-14T12:16:46Z
ABAP_RAP,51,https://github.com/EduKepczynski/ABAP_RAP,2023-12-14T11:44:02Z
SalesOrderRAP,29,https://github.com/ashutosh91125/SalesOrderRAP,2023-12-14T15:34:23Z
zprogramas,31,https://github.com/AntonioCarlosSF/zprogramas,2023-12-15T17:53:48Z
abap-sfp,29,https://github.com/raketenstart-abap/abap-sfp,2023-12-06T19:21:14Z
Example_RAP_BACKEND,23,https://github.com/eliramy/Example_RAP_BACKEND,2023-12-29T11:10:55Z
ZOBS,22,https://github.com/a87b01c14/ZOBS,2023-12-26T06:17:14Z
SEARCH_UIBB_FOR_GUI,26,https://github.com/boy0korea/SEARCH_UIBB_FOR_GUI,2023-12-13T08:32:39Z
adventofcode2023,19,https://github.com/AdriSchmi/adventofcode2023,2023-12-02T11:51:42Z
namespacetest,21,https://github.com/inwerken/namespacetest,2023-12-12T15:46:01Z
AdventOfCode2023,20,https://github.com/Daniel-luis/AdventOfCode2023,2023-12-01T16:28:02Z
NEW_RAP,18,https://github.com/vikascs365/NEW_RAP,2023-12-20T10:51:23Z
abap-memoization-example,14,https://github.com/joltdx/abap-memoization-example,2023-12-29T10:03:20Z
ZAS_002,16,https://github.com/Atalaysendur/ZAS_002,2023-12-28T13:42:42Z
ABAP-Undo-Redo-Handler,12,https://github.com/analiteg/ABAP-Undo-Redo-Handler,2023-12-18T08:24:42Z
BAPI_protocol,11,https://github.com/Keller-Michael/BAPI_protocol,2023-12-19T07:25:50Z
abap-cloud-demo,12,https://github.com/Niraj2612/abap-cloud-demo,2023-12-27T09:34:00Z
abapCloud,11,https://github.com/gomege/abapCloud,2023-12-28T12:59:14Z
Cockpit_framework,24,https://github.com/sliwkawsieci/Cockpit_framework,2023-12-14T07:37:05Z
RAP,15,https://github.com/vikascs365/RAP,2023-12-13T07:39:58Z
RAP-Issues,18,https://github.com/zpatch-bom/RAP-Issues,2023-12-14T16:18:11Z
SapALV-Example,10,https://github.com/kalogirou-str/SapALV-Example,2023-12-21T08:20:45Z
ZMB_ALV_REPORT,15,https://github.com/Mouad-MB10/ZMB_ALV_REPORT,2023-12-01T18:39:52Z
abap-core,8,https://github.com/raketenstart-abap/abap-core,2023-12-18T14:25:13Z
abapGit-demo-1,7,https://github.com/yucelgamze/abapGit-demo-1,2023-12-25T06:56:22Z
sales_model_replication_cds_abap,5,https://github.com/harshsharma1506/sales_model_replication_cds_abap,2023-12-28T16:15:41Z
test,162,https://github.com/vohote/test,2023-12-08T01:21:11Z
ABAPGitRepo,17,https://github.com/TakingTao/ABAPGitRepo,2023-12-20T06:11:29Z
ABAP_GIT_P,6,https://github.com/EnbridgeGit/ABAP_GIT_P,2023-12-13T16:37:14Z
ALVReportSample,10,https://github.com/triadinurdianasukma/ALVReportSample,2023-12-04T07:36:54Z
ZGITTEST,4,https://github.com/saurabhakumbhare/ZGITTEST,2023-12-12T16:21:37Z
Mars-rover-abap,5,https://github.com/MBartsch71/Mars-rover-abap,2023-12-05T17:28:45Z
s4h_migration_cloud_btp,939,https://github.com/mikhail-gorbunov/s4h_migration_cloud_btp,2023-12-13T10:54:32Z
ABAP_excel_to_itab,2,https://github.com/cBerat/ABAP_excel_to_itab,2023-12-03T19:46:07Z
ZAS_000,8,https://github.com/Atalaysendur/ZAS_000,2023-12-28T13:34:27Z
CoreABAP,4,https://github.com/ABAPMachine/CoreABAP,2023-12-30T03:29:43Z
eq-li-charac,4,https://github.com/edmilson-nascimento/eq-li-charac,2023-12-12T17:17:37Z
THECAP-TESTDRIVE,6,https://github.com/ABAPDUDE/THECAP-TESTDRIVE,2023-12-06T10:55:03Z
zlzh,212,https://github.com/liangzihua/zlzh,2023-12-14T08:56:15Z
hybrid-repo-test,14,https://github.com/fabianlupa/hybrid-repo-test,2023-12-31T09:12:05Z
Learn-ABAP,3,https://github.com/afifabroory/Learn-ABAP,2023-12-15T07:02:31Z
oop_example,5,https://github.com/ramazandlk/oop_example,2023-12-15T11:36:34Z
PRODBINZAPISAPSF1.0,150,https://github.com/Datltatsolutions/PRODBINZAPISAPSF1.0,2023-12-04T09:24:53Z
ProjetosEmABAP,5,https://github.com/Rebellows/ProjetosEmABAP,2023-12-06T22:08:14Z
Open_Dataset,1,https://github.com/VenkataSuryaPrakash4/Open_Dataset,2023-12-04T12:33:51Z
BTP,45,https://github.com/MehmetOztop/BTP,2023-12-04T13:35:08Z
abap_btp,22,https://github.com/JhocsanPiedra/abap_btp,2023-12-13T03:47:23Z
genel_fonksiyonlar,28,https://github.com/thebestabapdeveloper/genel_fonksiyonlar,2023-12-15T08:41:22Z
ZAS_003,11,https://github.com/Atalaysendur/ZAS_003,2023-12-28T13:42:58Z
ABAP_itab_to_excel,2,https://github.com/cBerat/ABAP_itab_to_excel,2023-12-03T19:52:20Z
abap_cheat_sheet,1146,https://github.com/paulcalvin/abap_cheat_sheet,2023-12-08T11:51:35Z
ZAS_004,4,https://github.com/Atalaysendur/ZAS_004,2023-12-28T13:43:14Z
xml_proccesing,18,https://github.com/ElsonM/xml_proccesing,2023-12-25T18:39:03Z
ZMB_USERS_INFO,8,https://github.com/Mouad-MB10/ZMB_USERS_INFO,2023-12-03T22:13:06Z
ZRKC2,45,https://github.com/RobinRech/ZRKC2,2023-12-10T13:56:54Z
NTT_OOP,5,https://github.com/bguler11/NTT_OOP,2023-12-15T09:48:33Z
ABAP-Urlaubstage,40,https://github.com/Hechtei/ABAP-Urlaubstage,2023-12-09T15:53:00Z
Estagio-ABAP-POOL,5,https://github.com/ErikTakeuti/Estagio-ABAP-POOL,2023-12-11T19:05:05Z
sample,17,https://github.com/veera-vani/sample,2023-12-20T10:19:10Z
ABAPDEVL_2023,6,https://github.com/Ram-Praneeth/ABAPDEVL_2023,2023-12-16T16:24:58Z
abapGITSample,675,https://github.com/triadinurdianasukma/abapGITSample,2023-12-04T04:26:28Z
ZAS_005,7,https://github.com/Atalaysendur/ZAS_005,2023-12-28T13:43:28Z
abap_oop_demo,3,https://github.com/eduardolinaresp/abap_oop_demo,2023-12-21T23:38:29Z
dev_oop,5,https://github.com/erdincbilgi/dev_oop,2023-12-15T08:02:34Z
ABAP_PUZZLES,7,https://github.com/CoderRahu1/ABAP_PUZZLES,2023-12-26T10:29:40Z
ZAS_009,5,https://github.com/Atalaysendur/ZAS_009,2023-12-28T13:44:16Z
SadaqathZubair,33,https://github.com/SadaqathZubair/SadaqathZubair,2023-12-11T12:23:11Z
abapgit-zdatedim,4,https://github.com/igor-sangulin/abapgit-zdatedim,2023-12-18T08:00:57Z
advent_of_code,20,https://github.com/frankclassens/advent_of_code,2023-12-08T12:57:47Z
YDEVS4D437,123,https://github.com/shtjing/YDEVS4D437,2023-12-04T02:58:49Z
forms2,58,https://github.com/pascalfrank1/forms2,2023-12-15T14:21:24Z
oop,5,https://github.com/seda-yaman/oop,2023-12-15T10:47:27Z
ABAP-Patterns,2,https://github.com/DrBackmischung/ABAP-Patterns,2023-12-15T13:31:22Z
academia-abap-ejercicios,40,https://github.com/Mettralla/academia-abap-ejercicios,2023-12-12T22:57:00Z
excel_rapor,11,https://github.com/thebestabapdeveloper/excel_rapor,2023-12-15T08:08:51Z
ZAS_006,2,https://github.com/Atalaysendur/ZAS_006,2023-12-28T13:43:43Z
ZAS_008,6,https://github.com/Atalaysendur/ZAS_008,2023-12-28T13:44:03Z
abapGitTest,1,https://github.com/it231514/abapGitTest,2023-12-14T07:08:33Z
colbyAGExercise1,1,https://github.com/colbyhemond/colbyAGExercise1,2023-12-04T18:51:53Z
provide-abap-btp,5,https://github.com/fleischr/provide-abap-btp,2023-12-20T21:49:31Z
ygdlo,26,https://github.com/thebestabapdeveloper/ygdlo,2023-12-15T07:12:58Z
ABAP_OOP,5,https://github.com/bsaldir/ABAP_OOP,2023-12-15T11:59:42Z
abapnew,672,https://github.com/saurabhakumbhare/abapnew,2023-12-07T12:06:38Z
ZAS_001,51,https://github.com/Atalaysendur/ZAS_001,2023-12-28T13:24:34Z
ABAP_itab_to_excel_OLE,2,https://github.com/cBerat/ABAP_itab_to_excel_OLE,2023-12-03T19:53:31Z
advent-of-code-2020-enno,29,https://github.com/Ennowulff/advent-of-code-2020-enno,2023-12-12T10:10:57Z
rap-gr-prime,28,https://github.com/Logali-Group/rap-gr-prime,2023-12-06T14:16:43Z
frij-abapgit-exc_test,3,https://github.com/frij-aws/frij-abapgit-exc_test,2023-12-07T14:53:53Z
ZSEC_PUBLIC,10,https://github.com/HimanshuTech1008/ZSEC_PUBLIC,2023-12-17T20:12:43Z
abapGit-demo-2,8,https://github.com/yucelgamze/abapGit-demo-2,2023-12-25T10:40:40Z
NTT_IDOC,5,https://github.com/bguler11/NTT_IDOC,2023-12-04T11:59:07Z
PRODBINZLOCAL1.0,359,https://github.com/Datltatsolutions/PRODBINZLOCAL1.0,2023-12-05T02:51:11Z
new_repository2,64,https://github.com/ElsonM/new_repository2,2023-12-25T20:57:00Z
sql-console,21426,https://github.com/abap2UI5-addons/sql-console,2024-01-16T06:41:34Z
SAP-ABAP,11957,https://github.com/LovelLinan/SAP-ABAP,2024-01-23T05:29:22Z
S4ZAG,5630,https://github.com/Dalfi91/S4ZAG,2024-01-17T15:23:39Z
proje-kodlari-Final,5588,https://github.com/xryal/proje-kodlari-Final,2024-01-15T15:00:03Z
dataimportplatformrap,459,https://github.com/haihuazhang/dataimportplatformrap,2024-01-18T06:37:46Z
SalesOrdersRAP,363,https://github.com/Alejandro-M-A/SalesOrdersRAP,2024-01-27T19:50:51Z
printplatformrap,364,https://github.com/haihuazhang/printplatformrap,2024-01-22T07:18:45Z
abap_btocs_core,334,https://github.com/b-tocs/abap_btocs_core,2024-01-04T13:19:30Z
ABAP_Rules_engine,236,https://github.com/irodrigob/ABAP_Rules_engine,2024-01-19T12:39:35Z
abap_btocs_ollama,226,https://github.com/b-tocs/abap_btocs_ollama,2024-01-19T12:05:46Z
steampunk-2305-api-intersect-740,243,https://github.com/abapedia/steampunk-2305-api-intersect-740,2024-01-26T10:07:25Z
ABAP-Study,204,https://github.com/gunwoo2/ABAP-Study,2024-01-03T12:14:36Z
push-data,176,https://github.com/frankjentsch/push-data,2024-01-29T12:29:18Z
ABAP_Snippets,361,https://github.com/dafahrni/ABAP_Snippets,2024-01-24T19:14:39Z
abap_btocs_deepl,144,https://github.com/b-tocs/abap_btocs_deepl,2024-01-22T14:14:54Z
ZABAP_SALV_REPORT,135,https://github.com/Kaszub09/ZABAP_SALV_REPORT,2024-01-31T12:49:28Z
table-content-loader,131,https://github.com/abap2UI5-addons/table-content-loader,2024-01-15T15:13:20Z
ZABAP_SAP_ENHANCEMENTS,124,https://github.com/Kaszub09/ZABAP_SAP_ENHANCEMENTS,2024-01-31T14:09:27Z
TM,137,https://github.com/joharog/TM,2024-01-08T19:18:56Z
zafpm_projeto,108,https://github.com/alanfljesus/zafpm_projeto,2024-01-24T00:11:11Z
REUSE_ALV_GRID,94,https://github.com/xryal/REUSE_ALV_GRID,2024-01-29T22:23:35Z
ABAP-studies,83,https://github.com/victor4rthur/ABAP-studies,2024-01-30T10:12:27Z
flexible-workflow,85,https://github.com/zvikesh/flexible-workflow,2024-01-19T21:11:25Z
sap-abap,78,https://github.com/ingenierorat/sap-abap,2024-01-18T13:43:54Z
mime-faker,76,https://github.com/oblomov-dev/mime-faker,2024-01-24T10:10:34Z
RAP_Repo,67,https://github.com/zakir2397/RAP_Repo,2024-01-04T05:13:40Z
RAP_Sandbox,93,https://github.com/jthebat/RAP_Sandbox,2024-01-30T00:18:58Z
abap_btocs_libtrl,62,https://github.com/b-tocs/abap_btocs_libtrl,2024-01-11T12:23:47Z
zgy_rap_0008,65,https://github.com/yucelgamze/zgy_rap_0008,2024-01-02T15:09:34Z
ABAP-programs,52,https://github.com/bhuvabhavik/ABAP-programs,2024-01-09T05:54:23Z
rapSalesOrdersFinal,53,https://github.com/bherasIber/rapSalesOrdersFinal,2024-01-15T16:04:28Z
rapSalesOrderFinal2,42,https://github.com/bherasIber/rapSalesOrderFinal2,2024-01-19T11:25:58Z
trackr,42,https://github.com/mvictorr/trackr,2024-01-08T14:06:18Z
course-acquiring-core-abap-skills,41,https://github.com/jorgesanux/course-acquiring-core-abap-skills,2024-01-29T03:21:23Z
SAP,39,https://github.com/TakingTao/SAP,2024-01-04T08:28:27Z
Design-Patterns-in-ABAP,47,https://github.com/DUELCHR/Design-Patterns-in-ABAP,2024-01-03T10:39:46Z
Desafio-Abap-Robson-Juliano,50,https://github.com/WesleyConstantino/Desafio-Abap-Robson-Juliano,2024-01-18T01:37:25Z
abap-project,33,https://github.com/aszyba/abap-project,2024-01-19T13:07:35Z
composition_over_inheritance,31,https://github.com/Ennowulff/composition_over_inheritance,2024-01-23T15:15:07Z
abapgit-workflow,44,https://github.com/romannem/abapgit-workflow,2024-01-26T19:22:38Z
abapToolbox,33,https://github.com/netsrak-dev/abapToolbox,2024-01-04T16:02:32Z
MASS-UPLOAD-SM30-TMG,23,https://github.com/vidyadharg/MASS-UPLOAD-SM30-TMG,2024-01-27T07:39:24Z
planlama,31,https://github.com/ilterpeneklioglu/planlama,2024-01-31T01:39:55Z
BTP_CaseStudy,35,https://github.com/giamfrancot/BTP_CaseStudy,2024-01-05T20:05:37Z
sap_rap_cloud,17,https://github.com/NgYiCheng/sap_rap_cloud,2024-01-19T09:45:30Z
PPL,21,https://github.com/gairikacharya/PPL,2024-01-18T10:41:35Z
jasom_package,17,https://github.com/Jasom508/jasom_package,2024-01-02T09:38:35Z
rap-bgpf,14,https://github.com/miyasuta/rap-bgpf,2024-01-11T20:53:51Z
FioriDevelopment,18,https://github.com/jfbamorim/FioriDevelopment,2024-01-24T10:01:43Z
ZAPI_USER_NAME,40,https://github.com/gregorwolf/ZAPI_USER_NAME,2024-01-24T09:25:11Z
ALV_Report,15,https://github.com/Lenakirara/ALV_Report,2024-01-23T15:34:09Z
Repositori_PT3,11,https://github.com/DanmyrMR/Repositori_PT3,2024-01-25T08:13:31Z
Batch-Input-ABAP-SAP,5,https://github.com/ErikTakeuti/Batch-Input-ABAP-SAP,2024-01-16T19:27:25Z
amdp-jp,6,https://github.com/julieplummer20/amdp-jp,2024-01-22T12:31:39Z
sap-practice,5,https://github.com/hitswa/sap-practice,2024-01-26T21:39:54Z
EasySAPABAP,8,https://github.com/Kunallllllllll/EasySAPABAP,2024-01-17T05:27:45Z
abaplint_3200,5,https://github.com/pokrakam/abaplint_3200,2024-01-09T13:47:16Z
Fiori-Codigo_Basico,4,https://github.com/ErikTakeuti/Fiori-Codigo_Basico,2024-01-30T17:41:11Z
ABAP-Exercism,5,https://github.com/usun813/ABAP-Exercism,2024-01-04T00:10:19Z
ABAP_ADT1,26,https://github.com/miguelbug/ABAP_ADT1,2024-01-03T15:59:57Z
abapgit-workflow,3,https://github.com/cbdao/abapgit-workflow,2024-01-04T18:19:37Z
Order-Header-Display,4,https://github.com/zacjr8/Order-Header-Display,2024-01-30T10:19:03Z
CoreABAP,4,https://github.com/jthebat/CoreABAP,2024-01-15T02:08:12Z
BeaconRepository,49,https://github.com/ASRENAL/BeaconRepository,2024-01-12T05:28:15Z
s4d400,2,https://github.com/Limzord/s4d400,2024-01-15T13:40:52Z
abap_scp,18,https://github.com/jpvelezv/abap_scp,2024-01-12T22:02:36Z
sarp,259,https://github.com/mmustafaturkk/sarp,2024-01-13T13:24:18Z
rap5,97,https://github.com/JohnHighLake/rap5,2024-01-13T03:30:15Z
TestClass,169,https://github.com/firatasan/TestClass,2024-01-10T09:29:44Z
Abapgit-workflow1,1,https://github.com/Bhukya78/Abapgit-workflow1,2024-01-30T03:55:34Z
SAP-Table-Mass,134,https://github.com/vbak24/SAP-Table-Mass,2024-01-29T07:33:29Z
TMP_ABAP_CLOUD_DEMO,14,https://github.com/ZEAL-IT/TMP_ABAP_CLOUD_DEMO,2024-01-18T10:41:20Z
test,2,https://github.com/integrateedu/test,2024-01-02T11:15:54Z
Create-Notification-for-Pole-Inspection-Result,5,https://github.com/VenkataSuryaPrakash4/Create-Notification-for-Pole-Inspection-Result,2024-01-05T08:04:27Z
Package_Z7212,13,https://github.com/AdityaVirulkar/Package_Z7212,2024-01-25T09:47:07Z
Package_ZAADT_TOOLS,13,https://github.com/AdityaVirulkar/Package_ZAADT_TOOLS,2024-01-25T10:21:53Z
Package_Y369,7,https://github.com/AdityaVirulkar/Package_Y369,2024-01-24T11:17:03Z
HTTP_SERVICE,3,https://github.com/WUEHR/HTTP_SERVICE,2024-01-18T12:46:54Z
zns,2,https://github.com/Nilesh1378/zns,2024-01-26T12:34:40Z
swe2-evt-handling,4,https://github.com/zvikesh/swe2-evt-handling,2024-01-25T19:41:08Z
ZABAP_CLOUD_JPVV_2,61,https://github.com/jpvelezv/ZABAP_CLOUD_JPVV_2,2024-01-27T15:23:14Z
ZACC,76,https://github.com/EnbridgeGit/ZACC,2024-01-09T17:24:02Z
abapSchulung,34,https://github.com/david0209x/abapSchulung,2024-01-19T12:23:57Z
Package_YYTRTMP,3,https://github.com/AdityaVirulkar/Package_YYTRTMP,2024-01-25T05:22:06Z
ZCSZONLAB2,31,https://github.com/PepeKormendi/ZCSZONLAB2,2024-01-19T11:13:39Z
Package_Y369_LOCK,59,https://github.com/AdityaVirulkar/Package_Y369_LOCK,2024-01-25T05:04:22Z
demo2,553,https://github.com/mmustafaturkk/demo2,2024-01-15T15:47:21Z
Package_YAK1_NEW,3,https://github.com/AdityaVirulkar/Package_YAK1_NEW,2024-01-25T05:15:56Z
correct-tutorials-2020,8,https://github.com/julieplummer20/correct-tutorials-2020,2024-01-22T12:35:24Z
Package_Y369_NEW,17,https://github.com/AdityaVirulkar/Package_Y369_NEW,2024-01-25T05:09:57Z
Package_ZABAP,659,https://github.com/AdityaVirulkar/Package_ZABAP,2024-01-25T10:11:53Z
sprolimsecc,442,https://github.com/radulskispro/sprolimsecc,2024-01-19T17:42:16Z
test-abaplint,5,https://github.com/sandraros/test-abaplint,2024-01-14T17:45:03Z
Package_YABAP_TESTJ,28,https://github.com/AdityaVirulkar/Package_YABAP_TESTJ,2024-01-25T05:13:29Z
Package_ZAADT_TEST,15,https://github.com/AdityaVirulkar/Package_ZAADT_TEST,2024-01-25T10:09:58Z
deloitte-DIM-TEMP_SK_DEV_LOCAL,16,https://github.com/saurabhk-sap-tech/deloitte-DIM-TEMP_SK_DEV_LOCAL,2024-01-25T13:13:05Z
RAP110,36,https://github.com/OneForAll999/RAP110,2024-01-23T11:50:58Z
video_001,2,https://github.com/integrateedu/video_001,2024-01-02T16:49:11Z
abapGit-breaking-oo-pull,4,https://github.com/stockbal/abapGit-breaking-oo-pull,2024-01-16T16:29:14Z
printqueuedemo,2,https://github.com/shahrukhbhat/printqueuedemo,2024-01-31T23:28:45Z
zrap200,16,https://github.com/entrenarprime/zrap200,2024-01-09T15:47:26Z
ZECD_REPO,3,https://github.com/AdityaVirulkar/ZECD_REPO,2024-01-23T11:28:14Z
movieappabap,35,https://github.com/MrAnix/movieappabap,2024-01-23T08:57:32Z
szakdolgozat_egyeb,51,https://github.com/PepeKormendi/szakdolgozat_egyeb,2024-01-19T10:19:37Z
Z_ARCHIVELINK_ATTACHMENT,20,https://github.com/ABAP-Lib/Z_ARCHIVELINK_ATTACHMENT,2024-01-29T16:22:44Z
tutorials-tables,4,https://github.com/julieplummer20/tutorials-tables,2024-01-22T12:26:35Z
abap_scp_test,21,https://github.com/jmiro204/abap_scp_test,2024-01-27T20:34:04Z
zrap100,17,https://github.com/entrenarprime/zrap100,2024-01-09T15:43:18Z
Batch-Input-Arquivo,10,https://github.com/ErikTakeuti/Batch-Input-Arquivo,2024-01-17T14:11:11Z
Sales-Order-Customer-Interactive-ALV-Report,7,https://github.com/VenkataSuryaPrakash4/Sales-Order-Customer-Interactive-ALV-Report,2024-01-25T04:08:37Z
zsound5,672,https://github.com/PepeKormendi/zsound5,2024-01-19T10:43:44Z
GERADOR-ALV-ABAP,14,https://github.com/MateusMayer/GERADOR-ALV-ABAP,2024-01-09T14:17:27Z
ZMM,2242,https://github.com/EnbridgeGit/ZMM,2024-01-09T15:28:35Z
abaptest,53,https://github.com/thanushan6789/abaptest,2024-01-12T21:33:28Z
Package_ZA4H_VKJ,42,https://github.com/AdityaVirulkar/Package_ZA4H_VKJ,2024-01-25T10:06:08Z
dasc,17,https://github.com/david0209x/dasc,2024-01-19T12:42:45Z
RAPDEMO,142,https://github.com/SadaqathZubair/RAPDEMO,2024-01-08T18:05:39Z
Purchase-Order-Vendor-Interactive-Hierarchy-Report,8,https://github.com/VenkataSuryaPrakash4/Purchase-Order-Vendor-Interactive-Hierarchy-Report,2024-01-25T04:00:38Z
AbapTools,50,https://github.com/Wandersonwos/AbapTools,2024-01-19T19:47:11Z
ABAP,8,https://github.com/bridgetnigina/ABAP,2024-01-02T06:46:22Z
ABAP_CORE_SKILLS,35,https://github.com/Laura-cink/ABAP_CORE_SKILLS,2024-01-30T16:45:39Z
zda0209,18,https://github.com/david0209x/zda0209,2024-01-19T12:37:58Z
RAP100,18,https://github.com/OneForAll999/RAP100,2024-01-23T10:48:03Z
logali,37,https://github.com/entrenarprime/logali,2024-01-09T14:50:02Z
rap4,98,https://github.com/JohnHighLake/rap4,2024-01-13T02:41:29Z
ZABAP,11,https://github.com/srinihanes/ZABAP,2024-01-03T16:28:55Z
abap-testovoe,9,https://github.com/Orcoholist/abap-testovoe,2024-01-29T11:42:04Z
ZLOCAL,583,https://github.com/aleksei-belousov/ZLOCAL,2024-01-17T09:29:05Z
zpk_mara_update,7960,https://github.com/jacekirlik/zpk_mara_update,2024-02-23T10:46:34Z
SWM-2024-Bootcamp,2515,https://github.com/MaddinJay/SWM-2024-Bootcamp,2024-02-13T13:52:59Z
Curso-ABAP,1537,https://github.com/LucasAlvesG/Curso-ABAP,2024-02-22T17:25:49Z
Abap_Management_Company,1340,https://github.com/R4F43LL-D3VB3GINN3R/Abap_Management_Company,2024-02-13T02:05:09Z
abap-util,1222,https://github.com/oblomov-dev/abap-util,2024-02-10T09:05:14Z
zmonitor_wsb,973,https://github.com/jacekirlik/zmonitor_wsb,2024-02-06T14:35:56Z
sapabap_my,746,https://github.com/mkimyagery/sapabap_my,2024-02-20T15:07:00Z
sapabap,696,https://github.com/mkimyagery/sapabap,2024-02-17T13:47:39Z
ReferenceFlight,681,https://github.com/sureshbangalore/ReferenceFlight,2024-02-25T13:23:15Z
cds2alv_s4_gcts,401,https://github.com/rku-it-GmbH/cds2alv_s4_gcts,2024-02-05T13:13:15Z
MajCon---SL-1,370,https://github.com/MaddinJay/MajCon---SL-1,2024-02-04T15:42:16Z
zko_egt,328,https://github.com/dispholidus/zko_egt,2024-02-09T12:38:18Z
TransportManagementTool,306,https://github.com/Mango-CorpGitHub/TransportManagementTool,2024-02-06T10:04:13Z
Projeto-repositorio-de-series,267,https://github.com/Rafael-Ienne/Projeto-repositorio-de-series,2024-02-20T14:55:16Z
ZABAP_TABLE_EDIT,256,https://github.com/Kaszub09/ZABAP_TABLE_EDIT,2024-02-23T20:20:12Z
Entity-Extension,253,https://github.com/SugguSandeep29/Entity-Extension,2024-02-07T14:40:11Z
mirror-ajson,191,https://github.com/abap2UI5/mirror-ajson,2024-02-01T16:42:05Z
TransportManagementTool,229,https://github.com/comptepepe/TransportManagementTool,2024-02-29T15:56:22Z
ZPRICAT,143,https://github.com/aleksei-belousov/ZPRICAT,2024-02-16T09:11:40Z
anexos,124,https://github.com/edmilson-nascimento/anexos,2024-02-09T12:48:33Z
SMARTFORMS,116,https://github.com/bhuvabhavik/SMARTFORMS,2024-02-01T04:24:00Z
abap_exit_control,111,https://github.com/Holle-0815/abap_exit_control,2024-02-22T11:40:06Z
ABAP_PRJ_VTP,104,https://github.com/thanhnt1512/ABAP_PRJ_VTP,2024-02-26T10:14:11Z
abapsdk-btp-samples,93,https://github.com/GoogleCloudPlatform/abapsdk-btp-samples,2024-02-26T13:58:19Z
sap_travel,89,https://github.com/AlejandroHS4/sap_travel,2024-02-26T15:12:38Z
abap_learning_journey,73,https://github.com/PauloCalazans/abap_learning_journey,2024-02-05T23:57:21Z
Travel_RAP,83,https://github.com/Armando-Calvario/Travel_RAP,2024-02-26T15:12:43Z
abap-SWO-Key-Fields-as-SAVL,61,https://github.com/BarrelDevelopment/abap-SWO-Key-Fields-as-SAVL,2024-02-27T10:53:29Z
abap_rap,76,https://github.com/Arquemiderr/abap_rap,2024-02-26T15:16:41Z
abap-platform-rap110-tho,70,https://github.com/tobiaszgithub/abap-platform-rap110-tho,2024-02-27T13:58:01Z
flight-ddic,54,https://github.com/RishirajsinghS/flight-ddic,2024-02-16T08:22:34Z
abap606,58,https://github.com/rodrigo05190/abap606,2024-02-15T02:02:21Z
abap_rap_110,64,https://github.com/shahrukhbhat/abap_rap_110,2024-02-08T19:36:09Z
ABAPToTheFuture05GUI,50,https://github.com/hardyp/ABAPToTheFuture05GUI,2024-02-11T05:10:51Z
SAPBTP-PROYECTO-FINAL,49,https://github.com/henrysotelo/SAPBTP-PROYECTO-FINAL,2024-02-18T18:52:07Z
abap_rap,45,https://github.com/lazarp/abap_rap,2024-02-02T20:36:11Z
abaprapunmanaged,39,https://github.com/attilaberencsi/abaprapunmanaged,2024-02-03T15:40:54Z
Logali-abap-btp-268,41,https://github.com/andreinaz98/Logali-abap-btp-268,2024-02-15T12:54:45Z
Abap_Course_HCM,40,https://github.com/R4F43LL-D3VB3GINN3R/Abap_Course_HCM,2024-02-04T02:41:39Z
Abap_Rap_Fast_App,35,https://github.com/R4F43LL-D3VB3GINN3R/Abap_Rap_Fast_App,2024-02-21T01:00:33Z
rap-2024-03,34,https://github.com/Logali-Group/rap-2024-03,2024-02-29T16:10:13Z
abap_scp,64,https://github.com/Armando-Calvario/abap_scp,2024-02-08T22:02:49Z
Abap_btp_268,44,https://github.com/rvillafuerte83/Abap_btp_268,2024-02-09T21:04:05Z
RAP_EML,32,https://github.com/juergenbaur/RAP_EML,2024-02-20T06:57:38Z
AcademiaAbap,35,https://github.com/fabioromagnoli99/AcademiaAbap,2024-02-25T18:45:44Z
abap-platform-rap100-tho,31,https://github.com/tobiaszgithub/abap-platform-rap100-tho,2024-02-23T08:47:42Z
SHM,32,https://github.com/mraht-ewm-standard/SHM,2024-02-15T11:44:00Z
Cadastro_Cliente,28,https://github.com/Lenakirara/Cadastro_Cliente,2024-02-07T13:56:47Z
abap_table_cleaner,20,https://github.com/xamafe/abap_table_cleaner,2024-02-07T11:48:38Z
SapCode,26,https://github.com/BasantJoshi01/SapCode,2024-02-21T12:26:28Z
abap4cloud,19,https://github.com/smile-ot/abap4cloud,2024-02-08T13:15:49Z
abap-code,19,https://github.com/oecheverriasap/abap-code,2024-02-29T02:21:24Z
RAP100_Practice,20,https://github.com/z2soo/RAP100_Practice,2024-02-19T05:51:47Z
TRL_ZDK_RAP,20,https://github.com/dharam015/TRL_ZDK_RAP,2024-02-26T18:19:21Z
ntt-onlineshop,19,https://github.com/matheusog/ntt-onlineshop,2024-02-27T17:48:15Z
tms-abap,16,https://github.com/khush-01/tms-abap,2024-02-22T05:39:06Z
GCTS-Per,16,https://github.com/KPradeepReddy/GCTS-Per,2024-02-14T07:17:26Z
rap100_000,29,https://github.com/hyunyoonNa/rap100_000,2024-02-26T04:18:19Z
rap_travel_dev_app,14,https://github.com/PauloCalazans/rap_travel_dev_app,2024-02-07T00:20:43Z
NOTI-Report,16,https://github.com/przemyslaw-orpel/NOTI-Report,2024-02-13T13:55:02Z
ABAP_RAP100,21,https://github.com/juergenbaur/ABAP_RAP100,2024-02-22T10:17:47Z
Scenario_001,15,https://github.com/Enzo1975/Scenario_001,2024-02-27T11:52:22Z
gcts-test-2022-jp,14,https://github.com/julieplummer20/gcts-test-2022-jp,2024-02-19T10:32:52Z
ABAP_PORTS,16,https://github.com/Ports16/ABAP_PORTS,2024-02-13T18:05:07Z
abap_rap_620,20,https://github.com/shahrukhbhat/abap_rap_620,2024-02-09T21:01:57Z
postman_echo,12,https://github.com/Keller-Michael/postman_echo,2024-02-04T16:57:50Z
abap-progress-indicator,12,https://github.com/WegnerDan/abap-progress-indicator,2024-02-29T13:21:20Z
ABAP-UUIDv7,12,https://github.com/ypinc/ABAP-UUIDv7,2024-02-15T19:02:26Z
EasySAPABAP2,11,https://github.com/ArditBLC/EasySAPABAP2,2024-02-07T08:25:37Z
ABAP02,19,https://github.com/thadien665/ABAP02,2024-02-02T17:12:57Z
test_abap,12,https://github.com/K8SAP/test_abap,2024-02-17T19:46:19Z
abapGitExercise3,8,https://github.com/colbyhemond/abapGitExercise3,2024-02-25T12:24:56Z
AUNIT,5,https://github.com/mraht-ewm-standard/AUNIT,2024-02-17T13:45:33Z
abapGitExercise2,7,https://github.com/colbyhemond/abapGitExercise2,2024-02-24T14:50:43Z
Abap-playground,77,https://github.com/Caaaanee/Abap-playground,2024-02-29T00:32:39Z
z_circle_and_cross,65,https://github.com/jacekirlik/z_circle_and_cross,2024-02-08T18:53:23Z
abap-async,12,https://github.com/raketenstart-abap/abap-async,2024-02-14T16:00:56Z
abap-dev,6,https://github.com/provirabosch/abap-dev,2024-02-10T15:52:43Z
ABAP_techniques,8,https://github.com/mazhaimalar/ABAP_techniques,2024-02-07T15:55:47Z
demotrmsck,24,https://github.com/RegestaItalia/demotrmsck,2024-02-23T11:04:12Z
publicGit,723,https://github.com/Bearingsap/publicGit,2024-02-15T08:05:03Z
abapGIT,9,https://github.com/surendraabapgit/abapGIT,2024-02-14T10:20:01Z
ZCL-MPC,5,https://github.com/przemyslaw-orpel/ZCL-MPC,2024-02-06T11:13:50Z
mdg_utils,5,https://github.com/lucasjt93/mdg_utils,2024-02-12T19:28:04Z
SapAbapLearningJourney,3,https://github.com/ABKADRI-AMINE/SapAbapLearningJourney,2024-02-17T08:31:02Z
ABAPGIT,3,https://github.com/USERSAP/ABAPGIT,2024-02-20T03:48:23Z
friendly-succotash,6,https://github.com/sureshbangalore/friendly-succotash,2024-02-26T21:43:08Z
RAP,6,https://github.com/dirkwieland/RAP,2024-02-05T10:49:28Z
Test,4,https://github.com/Deloitte-DCM-Test/Test,2024-02-29T15:28:20Z
abap4hana,4,https://github.com/rvillafuerte83/abap4hana,2024-02-20T15:40:48Z
abapGitExercise4,2,https://github.com/colbyhemond/abapGitExercise4,2024-02-27T00:55:52Z
message-class-aff,4,https://github.com/birusahu/message-class-aff,2024-02-09T10:24:07Z
abap_repo,2,https://github.com/yayi27/abap_repo,2024-02-19T14:17:32Z
abap,5,https://github.com/this-yash/abap,2024-02-03T21:52:52Z
itc_ao_rap,102,https://github.com/soyuztechnologies/itc_ao_rap,2024-02-23T06:38:58Z
RAPMultiLevel,29,https://github.com/ml5hj/RAPMultiLevel,2024-02-19T13:15:02Z
Master_BTP_2024,42,https://github.com/rfaelrod/Master_BTP_2024,2024-02-23T03:27:16Z
ztestfolderlogic,4,https://github.com/attilaberencsi/ztestfolderlogic,2024-02-29T16:27:41Z
gCTS3,18,https://github.com/PandoraExtSachi/gCTS3,2024-02-19T14:49:02Z
sap_libros,35,https://github.com/AlejandroHS4/sap_libros,2024-02-14T16:01:35Z
abapgit_03,7,https://github.com/dbudina/abapgit_03,2024-02-16T10:44:03Z
demo-mde,16,https://github.com/google-cloud-abap/demo-mde,2024-02-01T17:16:51Z
mcm_new,1,https://github.com/chedlymcm/mcm_new,2024-02-20T11:43:24Z
sap,31,https://github.com/myowon/sap,2024-02-27T05:59:04Z
abap_scp,39,https://github.com/jmmorenotriguero/abap_scp,2024-02-19T17:00:34Z
abap2ole,8,https://github.com/sh4il3sh/abap2ole,2024-02-07T06:09:38Z
zbyog-on-github-000,12,https://github.com/julieplummer20/zbyog-on-github-000,2024-02-05T09:44:12Z
ZITC_FE_RAP,8,https://github.com/soyuztechnologies/ZITC_FE_RAP,2024-02-23T06:38:30Z
abap-bits-and-pieces,2,https://github.com/pliegl/abap-bits-and-pieces,2024-02-14T15:31:47Z
Other-sample-reports,47,https://github.com/ABAP-WALA/Other-sample-reports,2024-02-10T16:12:21Z
CL_GUI_ALV,6,https://github.com/xryal/CL_GUI_ALV,2024-02-05T05:15:18Z
SapAbapBasics,2,https://github.com/ABKADRI-AMINE/SapAbapBasics,2024-02-15T10:37:25Z
abap_scp,34,https://github.com/AlejandroHS4/abap_scp,2024-02-08T22:02:56Z
SAPBTP-COPIA-FINAL,24,https://github.com/henrysotelo/SAPBTP-COPIA-FINAL,2024-02-15T01:31:52Z
abapgit-test-public,5,https://github.com/MrSorh/abapgit-test-public,2024-02-12T10:01:26Z
Purchase-Requisition-Deletion,9,https://github.com/VenkataSuryaPrakash4/Purchase-Requisition-Deletion,2024-02-06T04:00:24Z
learning_sap,21,https://github.com/PauloCalazans/learning_sap,2024-02-07T00:14:03Z
a4H22Test,16,https://github.com/KarinSp/a4H22Test,2024-02-12T07:09:20Z
POC,19,https://github.com/Priya-Gupta04/POC,2024-02-13T13:42:37Z
abapGitLucia,11450,https://github.com/lcryan/abapGitLucia,2024-02-05T08:30:17Z
Building-SAP-Fiori-App-Using-the-ABAP-RESTful-Application-Programming-Model,40,https://github.com/CeyhunSimsek/Building-SAP-Fiori-App-Using-the-ABAP-RESTful-Application-Programming-Model,2024-02-25T18:06:02Z
abap-examples-RAP,80,https://github.com/fiebes/abap-examples-RAP,2024-02-21T12:18:21Z
test-abapgit,2,https://github.com/vsorha/test-abapgit,2024-02-14T22:00:57Z
RAP100,14,https://github.com/Leeemr/RAP100,2024-02-22T05:49:27Z
acmedemo,5,https://github.com/radulskispro/acmedemo,2024-02-02T17:21:26Z
abap_scp,34,https://github.com/Arquemiderr/abap_scp,2024-02-08T22:02:55Z
RAPCloudGlobal,135,https://github.com/saurang-awasthi/RAPCloudGlobal,2024-02-15T13:28:13Z
abap_book,41,https://github.com/Arquemiderr/abap_book,2024-02-14T15:34:48Z
CloudRAPobj,87,https://github.com/saurang-awasthi/CloudRAPobj,2024-02-15T12:45:53Z
sap_xlsx_upload_api,8,https://github.com/guitaristanbul/sap_xlsx_upload_api,2024-02-13T09:16:37Z
ABAP_ZIP_password,16,https://github.com/jachym1/ABAP_ZIP_password,2024-02-22T17:29:48Z
managedtravel1,13,https://github.com/sh4il3sh/managedtravel1,2024-02-07T09:06:56Z
Restful,164,https://github.com/Leeemr/Restful,2024-02-22T05:33:29Z
rap100_225,14,https://github.com/KHaeWon/rap100_225,2024-02-26T01:14:43Z
abap-test,1,https://github.com/SanderStar/abap-test,2024-02-22T10:59:13Z
abap-projects,1,https://github.com/Pansaleon/abap-projects,2024-02-03T07:19:44Z
test-abapgit,2,https://github.com/merfkit/test-abapgit,2024-02-19T10:36:26Z
just-test,63,https://github.com/hereonline/just-test,2024-02-21T15:58:08Z
abap_git_test_1,2,https://github.com/UserKonstantin/abap_git_test_1,2024-02-29T06:14:09Z
abap-cheat-sheets,1354,https://github.com/guitaristanbul/abap-cheat-sheets,2024-02-22T09:43:03Z
TestUnit,17,https://github.com/giamfrancot/TestUnit,2024-02-16T12:22:34Z
ABAP,4,https://github.com/DiegoSN1/ABAP,2024-02-22T17:18:16Z
SAPDemo2802,29,https://github.com/srusuma/SAPDemo2802,2024-02-28T09:54:05Z
Rap_Logali_AFDE,40,https://github.com/00AndresDiaz00/Rap_Logali_AFDE,2024-02-26T22:13:04Z
rap100_450,12,https://github.com/parkjuhee0405/rap100_450,2024-02-22T05:49:31Z
RAP,1029,https://github.com/puneet-saxena-ps/RAP,2024-02-09T21:47:25Z
abap_cloud_learning,11,https://github.com/ericzzh/abap_cloud_learning,2024-02-23T07:45:47Z
zabapgit,2,https://github.com/sumeyyenuryilmaz/zabapgit,2024-02-29T13:17:50Z
Material_Processing_Report,4,https://github.com/VenkataSuryaPrakash4/Material_Processing_Report,2024-02-12T12:40:17Z
ABAP2XLXS_OLD,494,https://github.com/drm30/ABAP2XLXS_OLD,2024-02-02T08:28:30Z
abapOpenCore,12,https://github.com/chriss158/abapOpenCore,2024-02-12T08:58:01Z
google-abap-sdk,3367,https://github.com/neptune-software/google-abap-sdk,2024-03-21T16:41:10Z
AbapLibrary,1909,https://github.com/FurkanAydn61/AbapLibrary,2024-03-08T12:04:55Z
ZPK_BM_LIB,1577,https://github.com/batmanbk25/ZPK_BM_LIB,2024-03-21T04:15:58Z
SAP-ALV-Pivot,1737,https://github.com/sozergul/SAP-ALV-Pivot,2024-03-25T19:10:40Z
ko-abap-cheat-sheets-,1035,https://github.com/malcano/ko-abap-cheat-sheets-,2024-03-16T13:34:19Z
Self_learning_path_with_notes,836,https://github.com/harshsharma1506/Self_learning_path_with_notes,2024-03-10T19:08:05Z
abap_structured_alv_sd_report,2010,https://github.com/argelcapela/abap_structured_alv_sd_report,2024-03-25T00:54:02Z
abap-quickjs,511,https://github.com/abap-wasm/abap-quickjs,2024-03-26T06:56:21Z
abap-wasm-release,472,https://github.com/abap-wasm/abap-wasm-release,2024-03-19T11:44:21Z
ZPK_BM_RPC,366,https://github.com/batmanbk25/ZPK_BM_RPC,2024-03-22T08:41:14Z
Smartform-boarding-pass,311,https://github.com/Rafael-Ienne/Smartform-boarding-pass,2024-03-03T13:00:23Z
abap-scrypt-test,310,https://github.com/abap-wasm/abap-scrypt-test,2024-03-16T08:17:40Z
abap-sdk-nwas-x,262,https://github.com/IBM/abap-sdk-nwas-x,2024-03-25T11:35:10Z
zcl_bi_data_auth,258,https://github.com/WeiKKJ/zcl_bi_data_auth,2024-03-08T07:50:51Z
abap-sdk-btp-x,197,https://github.com/IBM/abap-sdk-btp-x,2024-03-25T11:40:29Z
abap_import_export_csv,162,https://github.com/argelcapela/abap_import_export_csv,2024-03-25T01:23:06Z
abap-comment-system,144,https://github.com/zenrosadira/abap-comment-system,2024-03-09T15:41:11Z
Vykunt_ABAP_on_cloud,126,https://github.com/vykuntoasis/Vykunt_ABAP_on_cloud,2024-03-27T01:45:38Z
code-abap-learning-rap,122,https://github.com/sap-jay/code-abap-learning-rap,2024-03-13T17:03:11Z
zyt_abap,93,https://github.com/yunus42tez/zyt_abap,2024-03-18T04:39:21Z
abap_core_course,99,https://github.com/thadien665/abap_core_course,2024-03-05T19:27:52Z
s4d437,91,https://github.com/michaelnicholls/s4d437,2024-03-06T22:56:41Z
abap-backup,63425,https://github.com/ksda9001/abap-backup,2024-03-07T06:36:52Z
abap_new_syntax,70,https://github.com/alikapllan/abap_new_syntax,2024-03-24T18:51:18Z
tl-ssm-internal-tryouts,90,https://github.com/simplicity-goodness-truth/tl-ssm-internal-tryouts,2024-03-12T06:43:57Z
abap2,78,https://github.com/edwin-fc/abap2,2024-03-20T03:15:06Z
ABAP,55,https://github.com/Kaneki515/ABAP,2024-03-26T12:10:00Z
EVIDEN,52,https://github.com/ValenTineMon/EVIDEN,2024-03-06T05:16:35Z
zcerti,49,https://github.com/sandraros/zcerti,2024-03-22T10:00:20Z
RAP_DT281,42,https://github.com/juergenbaur/RAP_DT281,2024-03-30T06:45:15Z
acquiring-core-abap-skills,41,https://github.com/marcusvbrangel/acquiring-core-abap-skills,2024-03-27T19:20:52Z
ZABAP_TCODE_SEARCH,36,https://github.com/Kaszub09/ZABAP_TCODE_SEARCH,2024-03-05T12:42:19Z
zcompare,36,https://github.com/WeiKKJ/zcompare,2024-03-20T07:41:54Z
byog-repo-010,32,https://github.com/warlogon/byog-repo-010,2024-03-29T12:26:11Z
ZDUKES_1,41,https://github.com/Karacraft/ZDUKES_1,2024-03-29T18:13:06Z
rap-local-event,26,https://github.com/miyasuta/rap-local-event,2024-03-15T20:29:53Z
SAP_RAP100,28,https://github.com/Karacraft/SAP_RAP100,2024-03-26T16:43:24Z
estudoAbap,24,https://github.com/MaxwnetoCareer/estudoAbap,2024-03-21T18:23:13Z
ABAP_LANG_COURSE,18,https://github.com/Papa-Santo/ABAP_LANG_COURSE,2024-03-28T11:24:44Z
zsalv_checkbox,17,https://github.com/3runrunrun/zsalv_checkbox,2024-03-05T10:45:01Z
Test1,18,https://github.com/KarinSp/Test1,2024-03-13T16:23:33Z
test-repo,16,https://github.com/alpresul/test-repo,2024-03-21T09:20:27Z
abap,31,https://github.com/Ajay110125-A/abap,2024-03-04T10:27:20Z
abap-mvc,14,https://github.com/H00fie/abap-mvc,2024-03-20T13:34:55Z
Core-ABAP-Skills,16,https://github.com/fabioromagnoli99/Core-ABAP-Skills,2024-03-01T10:59:14Z
ABAP_Git,17,https://github.com/kauanfl/ABAP_Git,2024-03-06T22:48:43Z
ZML_ABAP74,12,https://github.com/lukcad/ZML_ABAP74,2024-03-21T11:24:44Z
ABAP_ALV,11,https://github.com/Kocayilmaz/ABAP_ALV,2024-03-16T14:57:06Z
BTP_BASICS,14,https://github.com/Karacraft/BTP_BASICS,2024-03-26T16:40:19Z
Demo_CC1,11,https://github.com/Vara-reddy/Demo_CC1,2024-03-12T14:14:21Z
ABAPgit,10,https://github.com/cnbscorp/ABAPgit,2024-03-11T08:10:25Z
zko_sub_egt,8,https://github.com/dispholidus/zko_sub_egt,2024-03-14T11:35:01Z
JOBD,5,https://github.com/abapGit-tests/JOBD,2024-03-19T09:06:42Z
Asset-Valuation,7,https://github.com/EfeA24/Asset-Valuation,2024-03-26T22:50:26Z
sap_aws_email,6,https://github.com/arnabdatta/sap_aws_email,2024-03-06T06:20:32Z
Ponto,3,https://github.com/juan85no/Ponto,2024-03-15T15:43:49Z
abapGitExercise5,3,https://github.com/colbyhemond/abapGitExercise5,2024-03-01T00:51:33Z
zversiontest,2,https://github.com/dharam015/zversiontest,2024-03-13T17:42:46Z
Modelo-ALV-OO,2,https://github.com/Rafael-Ienne/Modelo-ALV-OO,2024-03-17T12:14:41Z
CDS-Views,2,https://github.com/sapshubham/CDS-Views,2024-03-08T16:54:03Z
ABAP_BTP,26,https://github.com/jwhidalgo10/ABAP_BTP,2024-03-07T19:10:26Z
excercise03,3,https://github.com/ray1012rr/excercise03,2024-03-16T22:19:09Z
Utility-Class,20,https://github.com/sapshubham/Utility-Class,2024-03-08T16:21:40Z
Calculadora-ABAP-,2,https://github.com/TiagoNatali/Calculadora-ABAP-,2024-03-17T19:07:57Z
RAPAOEXTC24,9,https://github.com/Aashish28/RAPAOEXTC24,2024-03-05T14:07:53Z
ZPK_BM_SALE_PROMOTION,64,https://github.com/batmanbk25/ZPK_BM_SALE_PROMOTION,2024-03-25T04:10:38Z
TRL_ZDK_LESSON2,29,https://github.com/dharam015/TRL_ZDK_LESSON2,2024-03-01T10:10:51Z
saputils,4,https://github.com/ramprasadburugu/saputils,2024-03-05T20:00:24Z
abap_exercism,7,https://github.com/Rykhard/abap_exercism,2024-03-07T15:55:34Z
abap_scp,15,https://github.com/George280400/abap_scp,2024-03-04T23:50:38Z
ZABAP_EGITIM_MY,754,https://github.com/mkimyagery/ZABAP_EGITIM_MY,2024-03-19T21:26:40Z
ZPK_BM_EX_BAPI,132,https://github.com/batmanbk25/ZPK_BM_EX_BAPI,2024-03-25T03:17:13Z
ZTEST_GIT,4,https://github.com/bernardchan19/ZTEST_GIT,2024-03-06T13:05:54Z
ZPK_BM_CS,246,https://github.com/batmanbk25/ZPK_BM_CS,2024-03-22T03:12:55Z
ABAPTest,7,https://github.com/Mishmoready/ABAPTest,2024-03-25T22:52:47Z
ABAP_CLOUD_MARCH_2024,18,https://github.com/bhaprasad4abap/ABAP_CLOUD_MARCH_2024,2024-03-15T12:49:31Z
user1,161,https://github.com/mkimyagery/user1,2024-03-19T21:12:16Z
user2,565,https://github.com/mkimyagery/user2,2024-03-19T20:50:08Z
SAP-ABAP,31,https://github.com/salihgultekin05/SAP-ABAP,2024-03-19T15:27:40Z
rap_tutorial,15,https://github.com/irodrigob/rap_tutorial,2024-03-13T19:13:59Z
TRL_ZDK_RAP_LESSON4_U,12,https://github.com/dharam015/TRL_ZDK_RAP_LESSON4_U,2024-03-01T15:25:44Z
SAP-BTP-Trial,54,https://github.com/mcontestabile/SAP-BTP-Trial,2024-03-03T10:30:47Z
excercise01,14,https://github.com/ray1012rr/excercise01,2024-03-17T01:07:02Z
code-abap-experimenting-with-rap,91,https://github.com/sap-jay/code-abap-experimenting-with-rap,2024-03-13T17:19:41Z
Purchase-Requisition_Deletion-Using-BAPI,5,https://github.com/VenkataSuryaPrakash4/Purchase-Requisition_Deletion-Using-BAPI,2024-03-08T12:36:23Z
TabuataAbap,2,https://github.com/vfranco00/TabuataAbap,2024-03-06T01:33:09Z
RAP_EXT_ONPREM,11,https://github.com/shahrukhbhat/RAP_EXT_ONPREM,2024-03-28T14:45:36Z
testK22,9,https://github.com/KarinSp/testK22,2024-03-15T17:12:37Z
ABAP_OOP_Labs,55,https://github.com/natulos/ABAP_OOP_Labs,2024-03-30T13:05:47Z
hello-world,2,https://github.com/kanishkkaushik19/hello-world,2024-03-18T05:22:40Z
S4HC_Dev_ARG,3,https://github.com/AnnieRG/S4HC_Dev_ARG,2024-03-16T21:57:48Z
QuestionarioTecnico,13,https://github.com/thiagossouzarv/QuestionarioTecnico,2024-03-28T01:54:24Z
deneme,161,https://github.com/mkimyagery/deneme,2024-03-16T21:51:52Z
ZABAP_EGITIM_ALISTIRMALAR,83,https://github.com/mkimyagery/ZABAP_EGITIM_ALISTIRMALAR,2024-03-19T21:03:53Z
test-repo,19,https://github.com/gitmaster3000/test-repo,2024-03-21T09:16:14Z
git_class,9,https://github.com/mkimyagery/git_class,2024-03-11T13:49:07Z
ABAP_OOP_Classes,57,https://github.com/natulos/ABAP_OOP_Classes,2024-03-30T12:54:33Z
RAP110,33,https://github.com/I034555/RAP110,2024-03-22T17:42:45Z
abap_alistirmalar,71,https://github.com/mkimyagery/abap_alistirmalar,2024-03-01T15:14:08Z
zabapgit1,120,https://github.com/inchara-139/zabapgit1,2024-03-18T08:53:54Z
S4HANA_OP_TO_S4HANA_CLOUD_MIGRATION_CODE,2,https://github.com/bhaprasad4abap/S4HANA_OP_TO_S4HANA_CLOUD_MIGRATION_CODE,2024-03-15T21:59:40Z
ZPK_BM_TABLEDATA,60,https://github.com/batmanbk25/ZPK_BM_TABLEDATA,2024-03-25T03:21:32Z
S4HExport,3,https://github.com/smtpsantiago/S4HExport,2024-03-14T20:53:28Z
ZPK_BM_PDF,10,https://github.com/batmanbk25/ZPK_BM_PDF,2024-03-25T04:03:55Z
patrick_poc,29,https://github.com/sapfever/patrick_poc,2024-03-14T19:14:10Z
N-SAP,1,https://github.com/Vitolo666/N-SAP,2024-03-30T02:05:24Z
OnlineShop,15,https://github.com/itsmesabari/OnlineShop,2024-03-22T15:48:27Z
zsale,15,https://github.com/RishirajsinghS/zsale,2024-03-28T03:44:17Z
fiori-element,64836,https://github.com/bcganesh/fiori-element,2024-03-26T14:59:40Z
Calculo-idade,3,https://github.com/TiagoNatali/Calculo-idade,2024-03-24T21:14:40Z
abap-platform-rap640,31237,https://github.com/SAP-samples/abap-platform-rap640,2024-04-26T15:34:32Z
abap-zsd,11752,https://github.com/APONCIANO1908/abap-zsd,2024-04-25T17:33:18Z
abap-zmm,10550,https://github.com/APONCIANO1908/abap-zmm,2024-04-25T17:30:06Z
abap-ztm,6495,https://github.com/APONCIANO1908/abap-ztm,2024-04-25T17:32:37Z
NFT_IMPORT,3682,https://github.com/xcersoylu/NFT_IMPORT,2024-04-16T20:02:28Z
eSolutionsCloud,3453,https://github.com/xmsadik/eSolutionsCloud,2024-04-15T06:55:26Z
EASY_SAP,1430,https://github.com/BazzoRS/EASY_SAP,2024-04-18T00:36:33Z
Repo007,938,https://github.com/PandoraExtSachi/Repo007,2024-04-24T14:09:18Z
demo_rename,872,https://github.com/christianguenter2/demo_rename,2024-04-15T14:27:04Z
ZBPSERVICE,701,https://github.com/gregorwolf/ZBPSERVICE,2024-04-15T20:56:04Z
global_settings,588,https://github.com/AntonSikidin/global_settings,2024-04-17T12:15:16Z
DINGTALK,344,https://github.com/WeiKKJ/DINGTALK,2024-04-26T03:53:59Z
sap-abap,261,https://github.com/eduardoschoepf/sap-abap,2024-04-07T20:27:57Z
abap_client,222,https://github.com/SAP-Easy-Translation/abap_client,2024-04-18T06:59:27Z
curso_fiori_backend_youtube,196,https://github.com/DiegoSN1/curso_fiori_backend_youtube,2024-04-10T13:49:02Z
abapDevSysInit,186,https://github.com/pokrakam/abapDevSysInit,2024-04-08T15:57:17Z
mcce_abap_experiment,361,https://github.com/chrisdrafh/mcce_abap_experiment,2024-04-19T09:05:54Z
ZS4D400_JPVV,212,https://github.com/jpvelezv/ZS4D400_JPVV,2024-04-06T14:38:45Z
ABAP-Strust,177,https://github.com/abapPM/ABAP-Strust,2024-04-02T16:05:22Z
abap_cloud_devs,164,https://github.com/EsteMaeLeo/abap_cloud_devs,2024-04-11T03:09:07Z
a4h-abap-mrc,163,https://github.com/dvontress73/a4h-abap-mrc,2024-04-26T13:10:23Z
ZCV_Series,149,https://github.com/KYG29510/ZCV_Series,2024-04-11T04:04:47Z
momo-public,162,https://github.com/MK-MOMO/momo-public,2024-04-15T04:55:19Z
youtube-curso-fiori-freestyle-backend,108,https://github.com/vcd94xt10z/youtube-curso-fiori-freestyle-backend,2024-04-01T15:11:32Z
abap_exercism,108,https://github.com/thadien665/abap_exercism,2024-04-04T20:28:49Z
abap-swc-demo,103,https://github.com/Xexer/abap-swc-demo,2024-04-18T17:54:15Z
desafios-abap,70,https://github.com/Alex-Brito-91/desafios-abap,2024-04-19T19:45:17Z
SAP-ABAP,67,https://github.com/mgedikli/SAP-ABAP,2024-04-16T18:55:17Z
planning-exercise,60,https://github.com/HOUNDmx/planning-exercise,2024-04-21T13:59:35Z
VIU-Rocamora,61,https://github.com/JoseRoca10/VIU-Rocamora,2024-04-05T13:23:03Z
fiori_freestyle_ms,87,https://github.com/barretoj/fiori_freestyle_ms,2024-04-30T22:47:52Z
BP_Replicador,48,https://github.com/DeveloperEML/BP_Replicador,2024-04-29T12:52:11Z
abap_scp,79,https://github.com/renezayas/abap_scp,2024-04-16T12:46:37Z
abap_rap,49,https://github.com/sidhishkumar/abap_rap,2024-04-20T07:56:25Z
CDC-CLOUD,60,https://github.com/yanghangmvp/CDC-CLOUD,2024-04-12T08:38:49Z
ZMLODATA,39,https://github.com/lukcad/ZMLODATA,2024-04-28T13:13:42Z
BTP_LOGALI,42,https://github.com/rvillafuerte83/BTP_LOGALI,2024-04-25T03:27:46Z
ABAP_CLOUD,34,https://github.com/CarlosGuzmanCG/ABAP_CLOUD,2024-04-04T18:35:42Z
zgy_rap_0010,34,https://github.com/yucelgamze/zgy_rap_0010,2024-04-04T09:57:24Z
yposvd_01,38,https://github.com/PeterOrgon/yposvd_01,2024-04-01T07:30:47Z
ZTRAVEL_AGENCY,43,https://github.com/aleotavares/ZTRAVEL_AGENCY,2024-04-16T15:01:53Z
Libros-BTP,29,https://github.com/CarlosGuzmanCG/Libros-BTP,2024-04-17T16:34:45Z
THA_IIS_SAP,47,https://github.com/anish-dev21/THA_IIS_SAP,2024-04-05T07:21:49Z
ABAP-simples,27,https://github.com/GabrielCordeiroBarrosoTeles/ABAP-simples,2024-04-08T11:48:28Z
rap-sample-upload-xlsx,24,https://github.com/jrodriguez-rc/rap-sample-upload-xlsx,2024-04-12T08:45:07Z
exploring-RAP,23,https://github.com/ankitsrivastav-codes/exploring-RAP,2024-04-11T12:17:14Z
ZTRAVEL_AGENCY_BF,21,https://github.com/aleotavares/ZTRAVEL_AGENCY_BF,2024-04-24T15:03:51Z
ZCA_TBX_DEMO_CODE,16,https://github.com/JSB-Vienna/ZCA_TBX_DEMO_CODE,2024-04-13T19:34:40Z
A4H_CTS,20,https://github.com/1414C/A4H_CTS,2024-04-12T14:17:35Z
travel-managed,27,https://github.com/zvikesh/travel-managed,2024-04-10T06:46:11Z
DiccDat-1-SAP,14,https://github.com/Vitolo666/DiccDat-1-SAP,2024-04-04T23:05:34Z
abap-ZTM_COCKPIT_FRETE,12,https://github.com/APONCIANO1908/abap-ZTM_COCKPIT_FRETE,2024-04-25T17:31:50Z
abap,12,https://github.com/Chikitonik/abap,2024-04-04T15:48:42Z
ZRAP630_04D_EXT,10,https://github.com/Icosa2050/ZRAP630_04D_EXT,2024-04-09T21:17:57Z
ABAP-Object-Directory,11,https://github.com/mbtools/ABAP-Object-Directory,2024-04-16T11:22:42Z
ExcelUpload-RAP-CAP,14,https://github.com/atakanady/ExcelUpload-RAP-CAP,2024-04-02T12:02:04Z
ABAPReadCSV_BACHINPUT_TK11,10,https://github.com/martinv1987/ABAPReadCSV_BACHINPUT_TK11,2024-04-23T17:07:23Z
AbapTest,14,https://github.com/TejashreeNemade/AbapTest,2024-04-09T23:00:08Z
CNN_CUS,75,https://github.com/krittine/CNN_CUS,2024-04-12T12:54:17Z
ZBK_OO,6,https://github.com/gulsumkucuk/ZBK_OO,2024-04-01T12:12:55Z
openSAP-ABAPUnit,5,https://github.com/ankitsrivastav-codes/openSAP-ABAPUnit,2024-04-11T11:45:52Z
ABAPCloud2,93,https://github.com/MelihSunal99/ABAPCloud2,2024-04-02T12:45:59Z
MyABAPRepo,14,https://github.com/rashchynski/MyABAPRepo,2024-04-03T15:16:44Z
ABAP2EXEL_EXAMPLE,492,https://github.com/martinv1987/ABAP2EXEL_EXAMPLE,2024-04-09T19:24:46Z
abapgit,4,https://github.com/orgildorj/abapgit,2024-04-16T09:50:46Z
RapidAPI-YahooFinance,3,https://github.com/SuhasGavas/RapidAPI-YahooFinance,2024-04-01T09:03:17Z
ZPP_MES,61,https://github.com/GleeisonRodrigues/ZPP_MES,2024-04-23T11:55:45Z
sap_counting_challenge,3,https://github.com/rodrigonoal/sap_counting_challenge,2024-04-15T13:11:48Z
ABAP-Codes,4,https://github.com/LucasTMB/ABAP-Codes,2024-04-22T11:57:22Z
Employee-Report,4,https://github.com/EfeA24/Employee-Report,2024-04-01T22:52:26Z
ZTRAVEL_AGENCY_API,8,https://github.com/aleotavares/ZTRAVEL_AGENCY_API,2024-04-24T15:43:17Z
ZS4D100_JPVV,3,https://github.com/jpvelezv/ZS4D100_JPVV,2024-04-15T16:42:02Z
gittestaoc,14,https://github.com/Nachi-git/gittestaoc,2024-04-12T21:14:49Z
application-log,4,https://github.com/edmilson-nascimento/application-log,2024-04-22T17:46:14Z
ABAPOne,4,https://github.com/XuefengZhu/ABAPOne,2024-04-03T09:23:25Z
ABAP-RAP,38,https://github.com/NivedithaKrishnaraj/ABAP-RAP,2024-04-17T13:03:19Z
abap,2,https://github.com/Jayhost/abap,2024-04-28T18:53:12Z
rap100,15,https://github.com/vickyokrm/rap100,2024-04-14T16:10:12Z
abap_scp,21,https://github.com/jcardenalb/abap_scp,2024-04-18T15:12:49Z
EasySAPABAP,6,https://github.com/jhonfchua/EasySAPABAP,2024-04-16T10:28:24Z
old,103,https://github.com/mkimyagery/old,2024-04-29T21:23:56Z
RAPBtptrainingmanaged,29,https://github.com/Abhijithworkcodes/RAPBtptrainingmanaged,2024-04-16T05:42:15Z
abap_cloud,5,https://github.com/uriel-gartzia/abap_cloud,2024-04-03T15:51:57Z
SELECTION-SCREEN_MM,11,https://github.com/Khamzadev/SELECTION-SCREEN_MM,2024-04-15T09:09:16Z
ZDMEE_CA,4,https://github.com/EnbridgeGit/ZDMEE_CA,2024-04-19T19:11:30Z
ACN_BTP_Training,2,https://github.com/merveminadursun/ACN_BTP_Training,2024-04-08T15:17:18Z
ZCO,366,https://github.com/EnbridgeGit/ZCO,2024-04-19T18:57:25Z
ABAP,61,https://github.com/rajasrimathy/ABAP,2024-04-26T18:33:51Z
Z_HRDEV,119,https://github.com/EnbridgeGit/Z_HRDEV,2024-04-19T19:55:46Z
acquiring-core-abap-skills,41,https://github.com/ashish32patel/acquiring-core-abap-skills,2024-04-15T07:58:34Z
ZWDA_SC,22,https://github.com/EnbridgeGit/ZWDA_SC,2024-04-19T19:43:35Z
ZODI_RKM_PCKG,18,https://github.com/EnbridgeGit/ZODI_RKM_PCKG,2024-04-19T19:27:50Z
zhierarchy,30,https://github.com/dvontress/zhierarchy,2024-04-19T14:01:45Z
abapcheatsheet,2107,https://github.com/ajujare1/abapcheatsheet,2024-04-24T04:29:04Z
parallel_objects,69,https://github.com/a87b01c14/parallel_objects,2024-04-02T10:28:07Z
abap-cheat-sheets,2130,https://github.com/xabi3s/abap-cheat-sheets,2024-04-18T08:00:21Z
ZDAV,61,https://github.com/EnbridgeGit/ZDAV,2024-04-19T19:01:28Z
ZIBMCC_PKG_IXFER,12,https://github.com/EnbridgeGit/ZIBMCC_PKG_IXFER,2024-04-19T19:15:13Z
sim_mm,0,https://github.com/APONCIANO1908/sim_mm,2024-04-25T15:08:35Z
devs4c,14,https://github.com/alanm101/devs4c,2024-04-15T13:57:07Z
ZPM_UI5_MASS_RECEPT,188,https://github.com/cherifim/ZPM_UI5_MASS_RECEPT,2024-04-02T15:14:28Z
RAPunmanaged,19,https://github.com/Abhijithworkcodes/RAPunmanaged,2024-04-16T06:28:11Z
ZCA,104,https://github.com/EnbridgeGit/ZCA,2024-04-19T18:53:00Z
BTP_LOGALI_2,37,https://github.com/rvillafuerte83/BTP_LOGALI_2,2024-04-25T03:48:35Z
sim_fi,1129,https://github.com/copyneto/sim_fi,2024-04-25T14:06:52Z
ZSK_RAP_STUD,23,https://github.com/sevgikocak/ZSK_RAP_STUD,2024-04-16T13:48:40Z
ZBODS,31,https://github.com/EnbridgeGit/ZBODS,2024-04-18T13:40:54Z
trial_repo_abapgit,2,https://github.com/leipeideGithub/trial_repo_abapgit,2024-04-26T09:36:24Z
containerReportALV,13,https://github.com/ggarcia-de-souza/containerReportALV,2024-04-26T20:44:53Z
unteco_wo,7,https://github.com/emeim/unteco_wo,2024-04-24T06:39:42Z
onlineshop,40,https://github.com/haya1982/onlineshop,2024-04-15T11:15:51Z
test6921,4,https://github.com/pokrakam/test6921,2024-04-30T18:02:01Z
ZSD,181,https://github.com/EnbridgeGit/ZSD,2024-04-19T19:36:57Z
ZPM,1053,https://github.com/EnbridgeGit/ZPM,2024-04-19T19:30:02Z
CCU_Z_INOUT,13,https://github.com/Datltatsolutions/CCU_Z_INOUT,2024-04-01T02:46:44Z
ZSK_RAP_STUD_MULTI,11,https://github.com/sevgikocak/ZSK_RAP_STUD_MULTI,2024-04-16T13:51:14Z
FUNC_using_CLAS,4,https://github.com/abapGit-tests/FUNC_using_CLAS,2024-04-20T05:42:45Z
mzalamABAPCloud,16,https://github.com/zeesa01/mzalamABAPCloud,2024-04-09T14:43:36Z
sap-btp-rap-show-case,51,https://github.com/iugur/sap-btp-rap-show-case,2024-04-25T13:17:36Z
zhierarchy,29,https://github.com/dvontress73/zhierarchy,2024-04-19T13:35:33Z
RAP_PRINT_CODE,39,https://github.com/cuidianyi/RAP_PRINT_CODE,2024-04-09T02:52:09Z
ZBI,116,https://github.com/EnbridgeGit/ZBI,2024-04-19T20:08:09Z
ZPS,768,https://github.com/EnbridgeGit/ZPS,2024-04-19T19:34:32Z
Z_VBPA,7,https://github.com/EnbridgeGit/Z_VBPA,2024-04-19T19:58:25Z
ZFI,4441,https://github.com/EnbridgeGit/ZFI,2024-04-18T13:44:52Z
RAP_BATCH,275,https://github.com/cuidianyi/RAP_BATCH,2024-04-10T06:27:12Z
wo_read_pp_master,6,https://github.com/emeim/wo_read_pp_master,2024-04-24T07:03:10Z
ZDEMO,18,https://github.com/phucdt4/ZDEMO,2024-04-10T15:17:24Z
ABAP-GIT,402,https://github.com/BenWwwn/ABAP-GIT,2024-04-24T16:05:35Z
BeaconKorea,13,https://github.com/qkrwndud96/BeaconKorea,2024-04-08T01:52:41Z
SAP-ABAP,28,https://github.com/TTDone/SAP-ABAP,2024-04-15T06:54:58Z
ZODI_LKM_PCKG,59,https://github.com/EnbridgeGit/ZODI_LKM_PCKG,2024-04-19T19:25:50Z
ZHR,23,https://github.com/EnbridgeGit/ZHR,2024-04-19T18:29:55Z
rap-001,17,https://github.com/zvikesh/rap-001,2024-04-20T09:41:37Z
ABAP,2130,https://github.com/diegopsl0202/ABAP,2024-04-25T18:49:25Z
Calculo-IMC,4,https://github.com/TiagoNatali/Calculo-IMC,2024-04-08T22:35:19Z
PM_Peformance-work,5,https://github.com/VenkataSuryaPrakash4/PM_Peformance-work,2024-04-04T06:44:36Z
ZMOBWM,123,https://github.com/EnbridgeGit/ZMOBWM,2024-04-19T19:21:42Z
ABAPS4H,73,https://github.com/AngieFeJU/ABAPS4H,2024-04-17T22:29:49Z
abap-flights-report,4,https://github.com/nailtonvital/abap-flights-report,2024-04-17T22:46:38Z
Z_FIORI,64,https://github.com/EnbridgeGit/Z_FIORI,2024-04-19T19:46:11Z
ZRAP100_005,20,https://github.com/MilanNTT/ZRAP100_005,2024-04-27T08:59:35Z
ZBEN2,232,https://github.com/turanzek/ZBEN2,2024-04-03T16:09:44Z
SAP_RAP,22,https://github.com/jmiro204/SAP_RAP,2024-04-13T16:12:40Z
ZAM,270,https://github.com/EnbridgeGit/ZAM,2024-04-19T18:42:51Z
ZMA2,16,https://github.com/EnbridgeGit/ZMA2,2024-04-19T19:18:34Z
inflation,51112,https://github.com/yasirates/inflation,2024-05-31T13:48:18Z
SAP_ABAP,18496,https://github.com/Vinchd/SAP_ABAP,2024-05-30T14:51:46Z
ZPRAP_YC,26513,https://github.com/Yeicorr/ZPRAP_YC,2024-05-29T02:34:43Z
ABAP,14133,https://github.com/HugoAntt/ABAP,2024-05-02T13:32:29Z
NFTExport,3785,https://github.com/xmsadik/NFTExport,2024-05-20T12:29:13Z
eSolutionsCloud3,4260,https://github.com/xmsadik/eSolutionsCloud3,2024-05-22T18:41:28Z
SCC_New,4568,https://github.com/tamitdassharma/SCC_New,2024-05-14T16:20:58Z
abap-sdk-sample-archivelink-content-repository,2938,https://github.com/GoogleCloudPlatform/abap-sdk-sample-archivelink-content-repository,2024-05-14T17:37:04Z
pyapi4abap,2516,https://github.com/b-tocs/pyapi4abap,2024-05-06T09:24:00Z
eSolutionsCloud2,2432,https://github.com/xmsadik/eSolutionsCloud2,2024-05-06T11:44:19Z
some-abap-example,2231,https://github.com/timecommunication/some-abap-example,2024-05-07T07:01:47Z
YNFT_IMPORT,2319,https://github.com/xcersoylu/YNFT_IMPORT,2024-05-22T06:46:26Z
SAP-ABAP,1996,https://github.com/CodeAnkitK/SAP-ABAP,2024-05-23T12:00:59Z
vish_exam,5467,https://github.com/003vishnu/vish_exam,2024-05-03T07:12:50Z
AMMAN_MINERAL,1188,https://github.com/KennyBx/AMMAN_MINERAL,2024-05-02T13:06:17Z
VM_DDIC,3399,https://github.com/ivanrostohar/VM_DDIC,2024-05-17T08:20:42Z
Projeto-ALV-recusa-libera-SD,796,https://github.com/Rafael-Ienne/Projeto-ALV-recusa-libera-SD,2024-05-21T00:57:58Z
Projeto-gestao-de-pedagios,494,https://github.com/Rafael-Ienne/Projeto-gestao-de-pedagios,2024-05-02T13:48:57Z
tier2-rfc-proxy,304,https://github.com/SAP-samples/tier2-rfc-proxy,2024-05-03T10:28:40Z
TCO,224,https://github.com/PyxsConsulting/TCO,2024-05-02T17:12:44Z
cds2alv_s4,181,https://github.com/rku-it-GmbH/cds2alv_s4,2024-05-13T06:44:13Z
Neptune-Quiz-App-CDS,120,https://github.com/eborzykh/Neptune-Quiz-App-CDS,2024-05-19T19:20:30Z
Curso-sap-fiori,111,https://github.com/vanderleimatias2020/Curso-sap-fiori,2024-05-30T08:04:02Z
logali_rap,91,https://github.com/Ljz-seidor/logali_rap,2024-05-30T18:04:14Z
Travel-Application,73,https://github.com/hashus12/Travel-Application,2024-05-28T10:26:15Z
ZC8A016,61,https://github.com/OlegBash599/ZC8A016,2024-05-07T17:10:45Z
Curso-SAP-Fiori-Freestyle-,82,https://github.com/aline-cris/Curso-SAP-Fiori-Freestyle-,2024-05-15T08:57:04Z
DingTalk-Callback-Crypto,47,https://github.com/WeiKKJ/DingTalk-Callback-Crypto,2024-05-03T10:31:02Z
abap_scp,59,https://github.com/Yeicorr/abap_scp,2024-05-01T17:54:02Z
abap_268_19_public,49,https://github.com/Yeicorr/abap_268_19_public,2024-05-01T18:16:45Z
rap-managed-flight,54,https://github.com/ashish32patel/rap-managed-flight,2024-05-23T10:36:34Z
abap_scp,54,https://github.com/karilft/abap_scp,2024-05-08T17:37:42Z
ZML_EXAMPLES,41,https://github.com/lukcad/ZML_EXAMPLES,2024-05-09T18:41:12Z
abap-gateway,40,https://github.com/whothefluff/abap-gateway,2024-05-14T18:58:24Z
abap_scp,39,https://github.com/Telisys/abap_scp,2024-05-09T03:34:16Z
abap,36,https://github.com/EsterDanielYtterbrink/abap,2024-05-08T11:09:13Z
SAP-Call-Transaction,34,https://github.com/vidyadharg/SAP-Call-Transaction,2024-05-10T13:46:40Z
DataUpload,39,https://github.com/tamitdassharma/DataUpload,2024-05-15T13:20:29Z
a4h-abap-hierarchy,39,https://github.com/dvontress73/a4h-abap-hierarchy,2024-05-16T20:05:10Z
Lista-de-colores-que-utiliza-ABAP,1175,https://github.com/Vitolo666/Lista-de-colores-que-utiliza-ABAP,2024-05-31T02:34:28Z
Cadastro-de-Clientes---Back-end,27,https://github.com/rodrigo05190/Cadastro-de-Clientes---Back-end,2024-05-08T00:35:22Z
applicationjobs,26,https://github.com/miltonchandradas/applicationjobs,2024-05-14T02:59:19Z
ZRS_ABAP_RAP,27,https://github.com/DumsR/ZRS_ABAP_RAP,2024-05-27T09:26:22Z
Estudos_ABAP,27,https://github.com/ArthurSilva707/Estudos_ABAP,2024-05-17T12:34:07Z
saptec,22,https://github.com/sjlook3/saptec,2024-05-21T07:06:23Z
autoposting,25,https://github.com/pmeleven/autoposting,2024-05-02T06:39:37Z
sap2woo,19,https://github.com/appknight/sap2woo,2024-05-17T11:57:18Z
SAP_RAP100,28,https://github.com/wechris/SAP_RAP100,2024-05-02T09:52:48Z
OOPSABAP,21,https://github.com/nitishhappy/OOPSABAP,2024-05-31T12:08:48Z
abap_scp,19,https://github.com/PedroGaonaAbap/abap_scp,2024-05-02T15:18:00Z
ZTE_LearningHub,16,https://github.com/ShapavalSiarhei/ZTE_LearningHub,2024-05-14T08:34:25Z
sap_capa_day1,15,https://github.com/sebastianMontano/sap_capa_day1,2024-05-22T05:35:09Z
CTS_ACLOUDEAR_001,16,https://github.com/YangTongYong/CTS_ACLOUDEAR_001,2024-05-28T09:25:26Z
ZML_EXTRACTOR,13,https://github.com/lukcad/ZML_EXTRACTOR,2024-05-14T06:26:32Z
sap-gst-e-invoicing,15,https://github.com/Subhasom/sap-gst-e-invoicing,2024-05-09T10:24:18Z
ABAP_Practice,13,https://github.com/SMIC-DHB/ABAP_Practice,2024-05-02T16:19:40Z
estudos-abap,15,https://github.com/Alex-Brito-91/estudos-abap,2024-05-31T06:59:38Z
ATC_TEST,16,https://github.com/gggdddrink/ATC_TEST,2024-05-30T06:22:43Z
sap-malware-scanning-vsi,5,https://github.com/gregorwolf/sap-malware-scanning-vsi,2024-05-20T08:46:28Z
Abap-Training,5,https://github.com/SamiraRasa/Abap-Training,2024-05-16T10:10:44Z
ZSAPTOCLOUD,5,https://github.com/And1313/ZSAPTOCLOUD,2024-05-28T14:37:47Z
test-code-search,6,https://github.com/reichr-dev/test-code-search,2024-05-24T14:45:50Z
abap_practice,4,https://github.com/saklayenahmed/abap_practice,2024-05-24T03:48:11Z
GP_HANA_PROJECT,3,https://github.com/GuruGP2865/GP_HANA_PROJECT,2024-05-04T12:15:56Z
seidor1,3,https://github.com/mathius26/seidor1,2024-05-28T20:15:50Z
Demo217,4,https://github.com/MarutiKona/Demo217,2024-05-02T07:54:11Z
abapsac,3,https://github.com/sachin-developer/abapsac,2024-05-24T06:21:41Z
Numero-Decimal-a-Binario-SAP-ABAP,1326,https://github.com/Vitolo666/Numero-Decimal-a-Binario-SAP-ABAP,2024-05-19T00:11:24Z
abapDemo,3,https://github.com/sachin-developer/abapDemo,2024-05-23T03:46:56Z
RAP110,33,https://github.com/juergenbaur/RAP110,2024-05-27T07:24:52Z
Inventory-Management,2,https://github.com/EfeA24/Inventory-Management,2024-05-03T13:32:18Z
SAPABAPTRAINING,3899,https://github.com/Harikapudotam/SAPABAPTRAINING,2024-05-01T16:50:58Z
-ABAP-Consumir-API-CEP---API-Brasil,4,https://github.com/Wandersontr01/-ABAP-Consumir-API-CEP---API-Brasil,2024-05-17T19:13:48Z
PS_ZPS_DEV,1777,https://github.com/arunava850/PS_ZPS_DEV,2024-05-15T15:57:56Z
sap-alv,0,https://github.com/pedrotavanoferreira/sap-alv,2024-05-02T19:34:01Z
s4hb06,16,https://github.com/vsudina/s4hb06,2024-05-25T02:16:23Z
PS_ZPS_DEV_MM,1236,https://github.com/arunava850/PS_ZPS_DEV_MM,2024-05-15T16:02:27Z
ABAPTravelAppPublic,3,https://github.com/katepj/ABAPTravelAppPublic,2024-05-13T15:50:59Z
Clean,140,https://github.com/PyxsConsulting/Clean,2024-05-09T18:59:22Z
gaurav,49,https://github.com/ajujare1/gaurav,2024-05-13T06:01:21Z
ABAPGIT,13,https://github.com/imanmansu/ABAPGIT,2024-05-15T02:32:00Z
hes-report,9,https://github.com/eduardolinaresp/hes-report,2024-05-22T22:37:56Z
HR-Configuration,1,https://github.com/EfeA24/HR-Configuration,2024-05-03T13:27:38Z
ChatGPT_ABAP,6,https://github.com/Jelena-P/ChatGPT_ABAP,2024-05-17T19:38:14Z
ZPK_PROMOTION,105,https://github.com/AbapKhaiTruong/ZPK_PROMOTION,2024-05-27T14:42:30Z
SVSS_ABAP_CLOUD_P,68,https://github.com/sandrav-solis/SVSS_ABAP_CLOUD_P,2024-05-20T01:39:32Z
Animat3d,17,https://github.com/Animat3d/Animat3d,2024-05-20T06:16:00Z
BirlasoftDemo,5,https://github.com/Gaurav46346/BirlasoftDemo,2024-05-10T05:08:40Z
abap,6,https://github.com/andretassis/abap,2024-05-02T14:34:01Z
Teste,12,https://github.com/PyxsConsulting/Teste,2024-05-09T18:17:59Z
Tait,178,https://github.com/PyxsConsulting/Tait,2024-05-08T20:57:23Z
uccp,3,https://github.com/larshp/uccp,2024-05-25T08:11:07Z
gaurav1,5,https://github.com/ajujare1/gaurav1,2024-05-13T06:02:15Z
NFTImport2,1601,https://github.com/xmsadik/NFTImport2,2024-05-20T13:38:17Z
Repository-app-RCEFWF,111,https://github.com/JessicaLim2/Repository-app-RCEFWF,2024-05-28T06:44:04Z
zrap260,22,https://github.com/bsdev2022/zrap260,2024-05-07T06:24:43Z
SAP-ABAP,10,https://github.com/ttahaklc/SAP-ABAP,2024-05-26T11:56:38Z
inv-rap,63,https://github.com/Mittalarchi/inv-rap,2024-05-30T02:17:54Z
abap_zafo_miro,50,https://github.com/OutKeal/abap_zafo_miro,2024-05-06T08:35:59Z
LogaliRap,60,https://github.com/jaramilloi7/LogaliRap,2024-05-20T23:02:09Z
ZCOVATEX_GEORGE,16,https://github.com/George280400/ZCOVATEX_GEORGE,2024-05-03T17:03:49Z
abapgit8,9,https://github.com/jiaohefei/abapgit8,2024-05-09T08:30:21Z
CadastraAlunoABAP,4,https://github.com/Wandersontr01/CadastraAlunoABAP,2024-05-17T17:28:16Z
PS_ZFIORI,1385,https://github.com/arunava850/PS_ZFIORI,2024-05-15T15:57:22Z
abap-for-consultants-may-2024,135,https://github.com/Buran1988/abap-for-consultants-may-2024,2024-05-31T11:08:41Z
RAP_TEST,2,https://github.com/JaxxCZE/RAP_TEST,2024-05-05T14:26:15Z
PS_ZUTIL,3,https://github.com/arunava850/PS_ZUTIL,2024-05-15T16:01:13Z
CostElementSMBC,86,https://github.com/tamitdassharma/CostElementSMBC,2024-05-08T12:31:01Z
zabap2xlsx,339,https://github.com/OutKeal/zabap2xlsx,2024-05-06T08:44:15Z
May_exc01,14,https://github.com/ray1012rr/May_exc01,2024-05-22T01:22:59Z
FitFor-product,24,https://github.com/pangse/FitFor-product,2024-05-29T03:43:25Z
zrap100,21,https://github.com/bsdev2022/zrap100,2024-05-07T05:58:27Z
abapgit_mj,2,https://github.com/MohamedJaffar/abapgit_mj,2024-05-06T05:47:50Z
zje_sample,16,https://github.com/bsdev2022/zje_sample,2024-05-07T08:07:45Z
abaptrial-mrc,110,https://github.com/dvontress73/abaptrial-mrc,2024-05-16T20:07:32Z
Repository-app-Interface,305,https://github.com/JessicaLim2/Repository-app-Interface,2024-05-31T08:36:42Z
WEEK_2_280465,18,https://github.com/PrasadThatha/WEEK_2_280465,2024-05-10T12:16:09Z
OpenSAPRAP,30,https://github.com/aj-code-synch/OpenSAPRAP,2024-05-31T16:42:25Z
S4H_Extensibility_Demo,12,https://github.com/vikas75saxena/S4H_Extensibility_Demo,2024-05-23T23:49:14Z
embedded-steampunk-btp,8,https://github.com/lixnatanael/embedded-steampunk-btp,2024-05-17T04:07:04Z
TRL_test,40,https://github.com/alrikx/TRL_test,2024-05-21T13:13:37Z
embedded-steampunk,14,https://github.com/lixnatanael/embedded-steampunk,2024-05-17T02:39:55Z
ypruebas2,700,https://github.com/mathius26/ypruebas2,2024-05-28T21:37:47Z
Blocked_Reports,8,https://github.com/VenkataSuryaPrakash4/Blocked_Reports,2024-05-27T03:56:09Z
SAP-BTP-ABAP-Learning,24,https://github.com/hshariharan/SAP-BTP-ABAP-Learning,2024-05-13T03:58:00Z
Z_ONLINESHOP_C24_APJ,13,https://github.com/ntz-panupong/Z_ONLINESHOP_C24_APJ,2024-05-17T10:23:01Z
Trainer-Package,23,https://github.com/JessicaLim2/Trainer-Package,2024-05-21T01:52:44Z
ZMERCHANDISE_OVERVIEW,61,https://github.com/DRSHNI/ZMERCHANDISE_OVERVIEW,2024-05-31T10:50:53Z
ABAP-OO,8,https://github.com/LucasTMB/ABAP-OO,2024-05-04T23:08:36Z
test_split_trans_gw,61,https://github.com/lukinf/test_split_trans_gw,2024-05-05T17:12:03Z
RAP_BTP,42,https://github.com/M0DD41BF/RAP_BTP,2024-05-21T23:02:23Z
ALV-Tabela-Clientes,3,https://github.com/Wandersontr01/ALV-Tabela-Clientes,2024-05-17T17:55:01Z
DS4_BackUp,2,https://github.com/Prikshit168/DS4_BackUp,2024-05-12T08:50:55Z
RAP-Training-Day-1,13,https://github.com/JessicaLim2/RAP-Training-Day-1,2024-05-17T05:22:32Z
week_2,12,https://github.com/rashikshaik01/week_2,2024-05-14T04:21:27Z
abap_0496,7,https://github.com/trinildey/abap_0496,2024-05-06T13:08:48Z
abapcloud,30,https://github.com/srikanthsap/abapcloud,2024-05-02T06:11:44Z
abap-dataobject,5,https://github.com/whothefluff/abap-dataobject,2024-05-14T18:39:22Z
ABAP-STUFF,72077,https://github.com/EduMoura-debug/ABAP-STUFF,2024-06-11T18:32:20Z
sap-abap-domus-project,28846,https://github.com/huynbgithub/sap-abap-domus-project,2024-06-18T10:02:58Z
All-Module_ABAP,3809,https://github.com/SYNC-Project-CL5/All-Module_ABAP,2024-06-26T11:13:33Z
abap-sdk-bigquery-toolkit-samples,2566,https://github.com/GoogleCloudPlatform/abap-sdk-bigquery-toolkit-samples,2024-06-15T01:04:00Z
aws-sap-multiaz,1560,https://github.com/aws-samples/aws-sap-multiaz,2024-06-16T06:02:07Z
YNFT_IMPORT3,1945,https://github.com/xcersoylu/YNFT_IMPORT3,2024-06-12T14:21:42Z
SAP-TPR-Codes,849,https://github.com/RedjonCEO/SAP-TPR-Codes,2024-06-07T10:49:27Z
SAP,335,https://github.com/Hideki515/SAP,2024-06-05T14:35:55Z
ABAP-Emoji,302,https://github.com/abapPM/ABAP-Emoji,2024-06-04T18:22:59Z
Anubhav_RAP_abaponcloudb4,243,https://github.com/abhinavroy001/Anubhav_RAP_abaponcloudb4,2024-06-11T20:27:10Z
ABAP-Markdown,225,https://github.com/abapPM/ABAP-Markdown,2024-06-04T18:35:00Z
abap_test,185,https://github.com/luizhm0reira/abap_test,2024-06-05T20:02:49Z
abapPM-Pacote,164,https://github.com/abapPM/abapPM-Pacote,2024-06-05T15:58:22Z
Abap_Academy_Reports_SD,176,https://github.com/R4F43LL-D3VB3GINN3R/Abap_Academy_Reports_SD,2024-06-10T18:31:10Z
ZABAP_TRANSLATIONS,159,https://github.com/Kaszub09/ZABAP_TRANSLATIONS,2024-06-24T08:51:35Z
zrap_demo,311,https://github.com/jeffreyprado-prog/zrap_demo,2024-06-28T07:14:26Z
ABAP_Code,145,https://github.com/BertoCode1998/ABAP_Code,2024-06-12T10:24:53Z
abap-leetcode-practice,147,https://github.com/rajeshkatkoori/abap-leetcode-practice,2024-06-02T18:43:43Z
PublicTPR,148,https://github.com/RedjonCEO/PublicTPR,2024-06-18T12:06:04Z
Code_Review_X-9,133,https://github.com/LucasTMB/Code_Review_X-9,2024-06-12T19:51:29Z
AbapGit,128,https://github.com/saadeh/AbapGit,2024-06-13T17:39:14Z
abapPM-Persistence,113,https://github.com/abapPM/abapPM-Persistence,2024-06-01T20:29:24Z
CDC-ZZIMPORT,102,https://github.com/yanghangmvp/CDC-ZZIMPORT,2024-06-12T01:53:17Z
ALV-OO,122,https://github.com/joharog/ALV-OO,2024-06-04T22:13:06Z
ZABAPFILEOS_07,87,https://github.com/OlegBash599/ZABAPFILEOS_07,2024-06-24T10:29:18Z
ABAP_TEST1,241,https://github.com/rajasrimathy/ABAP_TEST1,2024-06-27T05:33:27Z
Abap_Dynpro_001,80,https://github.com/R4F43LL-D3VB3GINN3R/Abap_Dynpro_001,2024-06-01T14:06:01Z
MundoABAP-ProjetoFioriFS,68,https://github.com/arthuurfarias/MundoABAP-ProjetoFioriFS,2024-06-28T00:19:48Z
abapPM-Readme,60,https://github.com/abapPM/abapPM-Readme,2024-06-04T19:14:45Z
abap_code,910,https://github.com/Liu-Hsin/abap_code,2024-06-12T06:31:18Z
Fiori,63,https://github.com/Erivanildo-maciel/Fiori,2024-06-20T17:32:39Z
demoRAP,63,https://github.com/smtpsantiago/demoRAP,2024-06-19T22:05:09Z
ZTEST_ABAPGIT,50,https://github.com/jnicolas-barcelo/ZTEST_ABAPGIT,2024-06-13T09:46:59Z
rfc-connector,91,https://github.com/abap2UI5-addons/rfc-connector,2024-06-02T14:35:38Z
ABAP-BTP-RAP-PF,50,https://github.com/andreinaz98/ABAP-BTP-RAP-PF,2024-06-17T06:48:57Z
ABAP-tips-and-tricks,42,https://github.com/glaucodesouza/ABAP-tips-and-tricks,2024-06-06T14:22:35Z
ABAP_BTP_LAB2_TRAVEL,46,https://github.com/fesanabriar/ABAP_BTP_LAB2_TRAVEL,2024-06-28T01:03:02Z
Production-inspection,37,https://github.com/gunwoo2/Production-inspection,2024-06-25T13:06:56Z
Creation-of-Delivery-Document,37,https://github.com/gunwoo2/Creation-of-Delivery-Document,2024-06-25T13:50:10Z
GD_RAP,91,https://github.com/Gaurav46346/GD_RAP,2024-06-13T09:37:36Z
MPS,38,https://github.com/gunwoo2/MPS,2024-06-25T13:32:33Z
Plant-Transfer,36,https://github.com/gunwoo2/Plant-Transfer,2024-06-25T13:44:00Z
Modify_Materials,29,https://github.com/Lenakirara/Modify_Materials,2024-06-11T12:43:58Z
Workbench_Public,26,https://github.com/mikulaskankula/Workbench_Public,2024-06-29T15:36:00Z
zrep_stsource_tr_up_download,177,https://github.com/sts-source/zrep_stsource_tr_up_download,2024-06-26T08:20:17Z
fiori-youtube,37,https://github.com/ericsongatti/fiori-youtube,2024-06-24T21:55:01Z
testgit2,19,https://github.com/ausxt054/testgit2,2024-06-27T00:44:48Z
OO_ALV,18,https://github.com/yunus42tez/OO_ALV,2024-06-18T04:27:35Z
AELION_EVALUATION,15,https://github.com/Nenawa/AELION_EVALUATION,2024-06-09T17:20:12Z
Show_Production-inspection,16,https://github.com/gunwoo2/Show_Production-inspection,2024-06-25T13:39:38Z
abap-text-elem-srch,15,https://github.com/keremkoseoglu/abap-text-elem-srch,2024-06-06T12:38:39Z
ABAP-Path-Algorithms,18,https://github.com/MBartsch71/ABAP-Path-Algorithms,2024-06-16T14:26:01Z
BYOG-TEST1,14,https://github.com/Dannick-debug/BYOG-TEST1,2024-06-13T12:57:57Z
car-parts-store,12,https://github.com/Kingsssman/car-parts-store,2024-06-11T10:35:01Z
ABAP,12,https://github.com/mikulaskankula/ABAP,2024-06-30T10:52:04Z
AbapTrainning,12,https://github.com/lizalp/AbapTrainning,2024-06-11T23:48:33Z
ABAP_CLOUD_2,12,https://github.com/MarianKanev/ABAP_CLOUD_2,2024-06-13T08:04:16Z
abap-string-calculator,10,https://github.com/analiteg/abap-string-calculator,2024-06-18T08:41:59Z
Curso-sap-abap-fb,29,https://github.com/vanderleimatias2020/Curso-sap-abap-fb,2024-06-28T02:37:13Z
ZYT_NESTEDLOOPS,10,https://github.com/yunus42tez/ZYT_NESTEDLOOPS,2024-06-18T01:10:49Z
SEND_MAIL_HTML,10,https://github.com/yunus42tez/SEND_MAIL_HTML,2024-06-18T02:26:40Z
abap_big_fibonacci_number,186,https://github.com/analiteg/abap_big_fibonacci_number,2024-06-27T08:15:22Z
Codes-ABAP---Learning-and-Developing,10,https://github.com/Cassian0o/Codes-ABAP---Learning-and-Developing,2024-06-12T10:47:42Z
CLOUD_EXT_ATTACH,9,https://github.com/ALTEA-APU/CLOUD_EXT_ATTACH,2024-06-12T12:53:52Z
ABAP_Pixelflut,5,https://github.com/Hir0ki/ABAP_Pixelflut,2024-06-13T20:33:25Z
Calcular-la-Edad.,6,https://github.com/Vitolo666/Calcular-la-Edad.,2024-06-04T15:30:22Z
abap-json-renderer,5,https://github.com/whothefluff/abap-json-renderer,2024-06-23T23:16:33Z
ABAPConf-2024-Demo,5,https://github.com/mbtools/ABAPConf-2024-Demo,2024-06-06T01:05:55Z
abap-wait,6,https://github.com/whothefluff/abap-wait,2024-06-27T08:37:21Z
ZML_REPORTS,15,https://github.com/lukcad/ZML_REPORTS,2024-06-15T20:03:14Z
Calculator,4,https://github.com/Draugr793/Calculator,2024-06-21T08:32:05Z
ABAP_UTILS,5,https://github.com/joocoo/ABAP_UTILS,2024-06-18T17:34:44Z
xmltransformation,2,https://github.com/miltonchandradas/xmltransformation,2024-06-10T04:48:26Z
Employee-Onboarding-System-with-ABAP-RAP,34,https://github.com/SurajPatil09/Employee-Onboarding-System-with-ABAP-RAP,2024-06-21T18:03:53Z
Abap_Rap,3,https://github.com/R4F43LL-D3VB3GINN3R/Abap_Rap,2024-06-22T00:47:47Z
abap-gateway-actions,6,https://github.com/whothefluff/abap-gateway-actions,2024-06-23T23:23:37Z
abap_cloud,19,https://github.com/dev-jaimegonzalesm/abap_cloud,2024-06-02T13:02:19Z
bern-code-retreat-2024,4,https://github.com/CiozZ/bern-code-retreat-2024,2024-06-14T21:00:25Z
abap_cloud,6,https://github.com/alutfiadi/abap_cloud,2024-06-03T08:00:32Z
ABAPConsumptionModelBugForSAP,15,https://github.com/chrismills/ABAPConsumptionModelBugForSAP,2024-06-10T02:03:00Z
sap-cooking-course-management,8,https://github.com/HEG-IG-Ex/sap-cooking-course-management,2024-06-07T15:33:33Z
YNFT_IMPORT4,1447,https://github.com/xcersoylu/YNFT_IMPORT4,2024-06-28T07:06:53Z
ABAP_BTP_LFSR,39,https://github.com/fesanabriar/ABAP_BTP_LFSR,2024-06-22T12:56:25Z
DEBITNOTE,83,https://github.com/Nandhinita/DEBITNOTE,2024-06-27T09:06:48Z
AAA,4,https://github.com/dusansoko/AAA,2024-06-16T15:13:00Z
abap_scp,31,https://github.com/jmellado23/abap_scp,2024-06-18T10:04:17Z
abap-test1,82,https://github.com/dusandavidovic/abap-test1,2024-06-06T17:39:48Z
EVENTS,18,https://github.com/yunus42tez/EVENTS,2024-06-18T03:32:45Z
ZABAPGIT_TEST,36,https://github.com/bleyd/ZABAPGIT_TEST,2024-06-09T10:25:16Z
PFE_AppRH_SAP-BTP,226,https://github.com/waelabdelhedi/PFE_AppRH_SAP-BTP,2024-06-12T21:23:14Z
ZTDGUI_001,82,https://github.com/steven183307/ZTDGUI_001,2024-06-24T03:47:19Z
ZCA_TBX_GOS,60,https://github.com/JSB-Vienna/ZCA_TBX_GOS,2024-06-10T18:45:54Z
ZCH_CREATE_BO_API,68,https://github.com/steven183307/ZCH_CREATE_BO_API,2024-06-24T02:12:03Z
ZTDEN_PR,2,https://github.com/steven183307/ZTDEN_PR,2024-06-24T02:02:09Z
abapDPG_Tests,24,https://github.com/abapDPG/abapDPG_Tests,2024-06-21T06:46:27Z
YNFT_IMPORT2,1287,https://github.com/xcersoylu/YNFT_IMPORT2,2024-06-03T08:37:03Z
RapUnmagedUpdated,21,https://github.com/Abhijithworkcodes/RapUnmagedUpdated,2024-06-04T10:05:24Z
ZRAP_ESEN,100,https://github.com/derorhanabi/ZRAP_ESEN,2024-06-24T11:24:51Z
manage_project_abap,57,https://github.com/Gabriel-progf/manage_project_abap,2024-06-24T15:39:46Z
ALV_TABELA_Z,5,https://github.com/Wandersontr01/ALV_TABELA_Z,2024-06-27T16:35:13Z
TPR-Tasks,9,https://github.com/AlbaTani4/TPR-Tasks,2024-06-18T07:45:30Z
abapgit,393,https://github.com/shkim1222/abapgit,2024-06-18T04:32:51Z
Funcion-POPUP-TO-CONFIRM,2,https://github.com/Vitolo666/Funcion-POPUP-TO-CONFIRM,2024-06-03T23:36:20Z
ketchuyen,56,https://github.com/hungnguyen195951/ketchuyen,2024-06-12T14:26:19Z
abap-platform-rap-workshops,153830,https://github.com/sreerambtp/abap-platform-rap-workshops,2024-06-24T22:20:43Z
BHG-LAST,1,https://github.com/jnicolas-barcelo/BHG-LAST,2024-06-20T15:51:14Z
Z_RFC_TEST,8,https://github.com/S0004828647/Z_RFC_TEST,2024-06-20T14:27:52Z
testedp01,3,https://github.com/c4sousasilva/testedp01,2024-06-05T18:40:06Z
ZTDGUI_002,37,https://github.com/steven183307/ZTDGUI_002,2024-06-24T03:51:42Z
freightorderabapcode,60,https://github.com/horsemanjackyliu/freightorderabapcode,2024-06-25T11:29:13Z
ZCH_SAMPLE,22,https://github.com/steven183307/ZCH_SAMPLE,2024-06-24T02:50:24Z
abap_programs,4,https://github.com/aslanchex/abap_programs,2024-06-04T09:20:59Z
testedp02,2,https://github.com/c4sousasilva/testedp02,2024-06-05T19:23:03Z
abap-splitter_container,12,https://github.com/eduardolinaresp/abap-splitter_container,2024-06-15T05:27:34Z
ZRAP_DEMO,100,https://github.com/derorhanabi/ZRAP_DEMO,2024-06-24T08:04:54Z
ReuseALV,24,https://github.com/yunus42tez/ReuseALV,2024-06-18T04:03:46Z
ABAPGit,165,https://github.com/WesleyBaal/ABAPGit,2024-06-25T14:12:00Z
Art_cloud,10,https://github.com/sandrav-solis/Art_cloud,2024-06-19T17:49:54Z
TestAbap,2,https://github.com/ozgurcaglak/TestAbap,2024-06-26T06:26:11Z
abap-dev-utilities,223,https://github.com/sreerambtp/abap-dev-utilities,2024-06-24T21:25:12Z
ZTDEN_WO,2,https://github.com/steven183307/ZTDEN_WO,2024-06-24T02:07:26Z
aba,6,https://github.com/Alurtq/aba,2024-06-28T20:25:03Z
AdobeForms,145,https://github.com/yunus42tez/AdobeForms,2024-06-18T05:11:41Z
abap_cloud303,29,https://github.com/Logali-Group/abap_cloud303,2024-06-15T16:07:01Z
ZTD_BO_INTERFACE_CREATE,15,https://github.com/steven183307/ZTD_BO_INTERFACE_CREATE,2024-06-24T02:36:33Z
ABAP-CrossApp,13,https://github.com/wcsison/ABAP-CrossApp,2024-06-12T02:36:44Z
ZFormica,12,https://github.com/Dokunet/ZFormica,2024-06-03T11:35:32Z
ModulePoolProgramming,18,https://github.com/yunus42tez/ModulePoolProgramming,2024-06-18T04:10:35Z
S4DEMO,8229,https://github.com/Debajdas91/S4DEMO,2024-06-17T12:36:44Z
REPO-BHG-ABAPGIT,4,https://github.com/jnicolas-barcelo/REPO-BHG-ABAPGIT,2024-06-20T09:05:05Z
Desenvolvimento-XKs-e-XDs-Scanner-MIGNOW,15,https://github.com/WesleyConstantino/Desenvolvimento-XKs-e-XDs-Scanner-MIGNOW,2024-06-27T20:10:40Z
dxp-open-edition-abap-test-v2,12,https://github.com/thorsten-wolf-neptune/dxp-open-edition-abap-test-v2,2024-06-27T16:02:00Z
ABAPGIT,651,https://github.com/mathius26/ABAPGIT,2024-06-14T14:46:52Z
ZTDEN_PO,2,https://github.com/steven183307/ZTDEN_PO,2024-06-24T01:56:42Z
testedp04,1,https://github.com/c4sousasilva/testedp04,2024-06-05T19:51:59Z
rap-buch-customentity,10,https://github.com/jp-devops-hub/rap-buch-customentity,2024-06-27T16:44:02Z
testedp03,0,https://github.com/c4sousasilva/testedp03,2024-06-05T19:43:45Z
ABAP-RAP-Cloud-Console-Fiori-App,58,https://github.com/SurajPatil09/ABAP-RAP-Cloud-Console-Fiori-App,2024-06-12T05:50:17Z
ZTDEN_SO,2,https://github.com/steven183307/ZTDEN_SO,2024-06-24T02:04:42Z
ZCH_CREATE_SD_FILE,32,https://github.com/steven183307/ZCH_CREATE_SD_FILE,2024-06-24T03:57:18Z
abap_cloud,2,https://github.com/sandrasolisma1234/abap_cloud,2024-06-09T20:38:02Z
ZTD_CALL_EXT_REST_API,18,https://github.com/steven183307/ZTD_CALL_EXT_REST_API,2024-06-24T02:31:09Z
InvoiceGenerator,14,https://github.com/cnbscorp/InvoiceGenerator,2024-06-10T10:52:45Z
abap-learning-practice,118303,https://github.com/CaoQuocViet/abap-learning-practice,2024-07-30T02:16:35Z
ABAP-templates,5468,https://github.com/aamelin1/ABAP-templates,2024-07-15T01:04:03Z
Abap_Utils,1510,https://github.com/gabriel-cavalheiro/Abap_Utils,2024-07-03T13:44:20Z
YNFT_IMPORT5,1453,https://github.com/xcersoylu/YNFT_IMPORT5,2024-07-03T07:24:22Z
abap-cds-field-mapping,770,https://github.com/Xexer/abap-cds-field-mapping,2024-07-26T14:37:22Z
SAP_WRICEF_TOOL,404,https://github.com/hamadsap/SAP_WRICEF_TOOL,2024-07-23T11:34:41Z
abap_rap,292,https://github.com/alikapllan/abap_rap,2024-07-16T13:56:53Z
MY-ABAP-CHEATSHEET,231,https://github.com/darkNovaV1/MY-ABAP-CHEATSHEET,2024-07-05T04:32:06Z
SAP-ABAP-Certified-Associate-,233,https://github.com/azulls1/SAP-ABAP-Certified-Associate-,2024-07-23T20:53:00Z
projetos-abap,230,https://github.com/Alex-Brito-91/projetos-abap,2024-07-18T08:19:33Z
OOABAP,192,https://github.com/CarlosAvelinoSAP/OOABAP,2024-07-29T13:40:03Z
operadores,178,https://github.com/fjrd12/operadores,2024-07-25T04:51:41Z
ABAP-Syntax-Highlighter,168,https://github.com/abapPM/ABAP-Syntax-Highlighter,2024-07-03T15:36:12Z
SAP-ABAP,10557,https://github.com/jegadesh213/SAP-ABAP,2024-07-03T05:12:47Z
fetch,117,https://github.com/abapify/fetch,2024-07-18T07:27:05Z
abap_projects,163,https://github.com/KeremAR/abap_projects,2024-07-25T08:36:26Z
zrb_editable_alv,84,https://github.com/rammelbalagtas/zrb_editable_alv,2024-07-05T17:22:19Z
ABAP,87,https://github.com/Danfreitasp/ABAP,2024-07-03T10:36:44Z
ABAP-Error,87,https://github.com/abapPM/ABAP-Error,2024-07-03T15:39:44Z
abap_parallel,80,https://github.com/edmilson-nascimento/abap_parallel,2024-07-13T12:26:22Z
161771actrialABAP,91,https://github.com/iMilazzo/161771actrialABAP,2024-07-25T12:48:23Z
abapPM-Settings,80,https://github.com/abapPM/abapPM-Settings,2024-07-03T15:27:23Z
RAP-303,109,https://github.com/Logali-Group/RAP-303,2024-07-06T16:32:00Z
abapcicd,69,https://github.com/RegestaItalia/abapcicd,2024-07-05T08:47:21Z
zprice_authorization,84,https://github.com/rammelbalagtas/zprice_authorization,2024-07-16T21:07:40Z
abap-excel-upload-download-handler,64,https://github.com/ewoyadmin/abap-excel-upload-download-handler,2024-07-20T11:58:41Z
TRL_01,79,https://github.com/ShivaAbapDev/TRL_01,2024-07-31T05:52:49Z
assert,64,https://github.com/abapify/assert,2024-07-16T12:42:06Z
ABAP_BTP_LAB1_LIBROS,63,https://github.com/fesanabriar/ABAP_BTP_LAB1_LIBROS,2024-07-05T13:59:14Z
Curso-RAP-Logali,63,https://github.com/MARocca1984/Curso-RAP-Logali,2024-07-02T16:15:46Z
zeditable_report,52,https://github.com/rammelbalagtas/zeditable_report,2024-07-10T20:45:34Z
sap_abap_thiziri_chabane,176,https://github.com/thiziri-ch/sap_abap_thiziri_chabane,2024-07-19T18:18:07Z
rapsom_manage,54,https://github.com/abapvcgit/rapsom_manage,2024-07-12T16:51:00Z
ABAP_Exercism,44,https://github.com/DavidNeko/ABAP_Exercism,2024-07-30T07:57:33Z
ZTRANS,32,https://github.com/a87b01c14/ZTRANS,2024-07-06T04:20:04Z
fetch-legacy,24,https://github.com/abapify/fetch-legacy,2024-07-25T20:51:43Z
fetch-cloud,22,https://github.com/abapify/fetch-cloud,2024-07-25T20:32:53Z
Update-Moeda,20,https://github.com/mvmaciell/Update-Moeda,2024-07-30T19:19:46Z
Bootcamp,20,https://github.com/MehmetOztop/Bootcamp,2024-07-22T13:19:32Z
throw,25,https://github.com/abapify/throw,2024-07-24T10:56:20Z
SAP_BTP-Demo-App-Manage-Timesheet,43,https://github.com/TruongDang23/SAP_BTP-Demo-App-Manage-Timesheet,2024-07-20T07:51:32Z
neptunesoftware-dxp-saptemplate-GOS-Attachments,21,https://github.com/neptune-software-marketplace/neptunesoftware-dxp-saptemplate-GOS-Attachments,2024-07-18T10:13:35Z
codbex-sample-abap-employees,18,https://github.com/codbex/codbex-sample-abap-employees,2024-07-03T07:27:33Z
RAP_DEMO_001,18,https://github.com/rxnenal/RAP_DEMO_001,2024-07-30T15:08:14Z
SO_ABAPRAP_APP,16,https://github.com/SurajPatil09/SO_ABAPRAP_APP,2024-07-10T11:17:23Z
ABAP_ONLINESHOP,15,https://github.com/ugurkayaa/ABAP_ONLINESHOP,2024-07-22T16:02:01Z
Reuse-ALV,18,https://github.com/oguzhansurer/Reuse-ALV,2024-07-31T11:19:02Z
neptunesoftware-dxp-saptemplate-user-parameters,17,https://github.com/neptune-software-marketplace/neptunesoftware-dxp-saptemplate-user-parameters,2024-07-18T11:19:05Z
ABAP-Kullanicidan-verilerin-cekildigi-tablo,12,https://github.com/emrekaygili/ABAP-Kullanicidan-verilerin-cekildigi-tablo,2024-07-30T14:51:15Z
Dynamic-SAP-Data-Retrieval-and-Smart-Form-Processing-in-ABAP,223,https://github.com/hsiaot99/Dynamic-SAP-Data-Retrieval-and-Smart-Form-Processing-in-ABAP,2024-07-03T02:54:49Z
neptunesoftware-dxp-saptemplate-GOS-Notes,12,https://github.com/neptune-software-marketplace/neptunesoftware-dxp-saptemplate-GOS-Notes,2024-07-18T11:10:00Z
Sap-ABAP-Kullanicidan-verilerin-alindigi-tablo,11,https://github.com/emrekaygili/Sap-ABAP-Kullanicidan-verilerin-alindigi-tablo,2024-07-18T13:00:56Z
sap-tm,11,https://github.com/SeokyeonCodes/sap-tm,2024-07-16T01:25:10Z
Leetcode-DSA-ABAP,9,https://github.com/Achintya-Mandal/Leetcode-DSA-ABAP,2024-07-25T05:22:38Z
Email_Nf,7,https://github.com/mvmaciell/Email_Nf,2024-07-31T17:32:12Z
Sipari-Rapor-Listeleme,9,https://github.com/oguzhansurer/Sipari-Rapor-Listeleme,2024-07-31T15:08:56Z
ld-demo-abap,7,https://github.com/kevincloud/ld-demo-abap,2024-07-17T01:46:36Z
abap-demo,12,https://github.com/paprikapulver/abap-demo,2024-07-08T07:34:06Z
bw_data_load_skip,5,https://github.com/pawelwiejkut/bw_data_load_skip,2024-07-31T12:53:01Z
Veriyi-debug-yaparak-degistirme,3,https://github.com/emrekaygili/Veriyi-debug-yaparak-degistirme,2024-07-24T10:44:07Z
INTF_i18n,8,https://github.com/abapGit-tests/INTF_i18n,2024-07-01T14:03:29Z
ABAP_SummerInternship,14,https://github.com/hd9s1lk/ABAP_SummerInternship,2024-07-02T20:59:28Z
Sap-ABAP-ALV-Excele-cevirme,3,https://github.com/emrekaygili/Sap-ABAP-ALV-Excele-cevirme,2024-07-23T07:44:49Z
CLAS_i18n,3,https://github.com/abapGit-tests/CLAS_i18n,2024-07-01T13:49:41Z
Transport_Manager,7,https://github.com/Richardson-Jessie/Transport_Manager,2024-07-24T23:51:06Z
ABAP-Arac-cubugu-olusturma,2,https://github.com/emrekaygili/ABAP-Arac-cubugu-olusturma,2024-07-22T08:40:28Z
SAP_API,2,https://github.com/BazzoRS/SAP_API,2024-07-08T00:49:49Z
TestGit,2,https://github.com/LiTiestonerl/TestGit,2024-07-23T10:45:18Z
ABAP_CLOUD,12,https://github.com/Romaviju/ABAP_CLOUD,2024-07-22T21:37:55Z
test,5,https://github.com/abat-dat/test,2024-07-17T05:41:29Z
ABAP_Coaching,4,https://github.com/Jeschgfaelle/ABAP_Coaching,2024-07-19T07:11:08Z
ababgit_test,3,https://github.com/thomasaltenburger98/ababgit_test,2024-07-04T09:26:54Z
Siparis-Rapor-Listeleme,17,https://github.com/emrekaygili/Siparis-Rapor-Listeleme,2024-07-31T17:49:08Z
ABAP,0,https://github.com/Nitheesh-030/ABAP,2024-07-09T07:50:54Z
ABAP-Report-ZALV,5,https://github.com/hsiaot99/ABAP-Report-ZALV,2024-07-05T15:33:54Z
AbapGitERP,2,https://github.com/Screspo07/AbapGitERP,2024-07-03T20:39:20Z
Backup-SAP,125,https://github.com/gilsonbormann8/Backup-SAP,2024-07-03T14:23:43Z
ABAP-Pratice,3,https://github.com/emrekaygili/ABAP-Pratice,2024-07-19T08:09:40Z
Dynamic-Data-Management-and-ALV-Enhancement-Toolkit,25,https://github.com/sajid-sudo/Dynamic-Data-Management-and-ALV-Enhancement-Toolkit,2024-07-19T17:32:15Z
FormacaoABAPJr,36,https://github.com/LarissaAndreaPRuiz/FormacaoABAPJr,2024-07-30T00:05:43Z
REST_API_GET_METHOD,8,https://github.com/yunus42tez/REST_API_GET_METHOD,2024-07-04T18:56:21Z
btp_trial_abap_rap,10,https://github.com/wdjimenez/btp_trial_abap_rap,2024-07-17T16:52:06Z
Fiori_pub,34,https://github.com/Linh-7799/Fiori_pub,2024-07-05T09:57:40Z
embedded-steampunk-enablement,13,https://github.com/ivanradu/embedded-steampunk-enablement,2024-07-09T10:48:31Z
Z10_NPMSAMPLE,4,https://github.com/bugfrei/Z10_NPMSAMPLE,2024-07-29T08:53:50Z
Migrate,3,https://github.com/MehmetOztop/Migrate,2024-07-26T10:45:30Z
GICOM_CLOUD_AD,4,https://github.com/ivanrostohar/GICOM_CLOUD_AD,2024-07-18T08:12:18Z
YNFT_IMPORT6,1555,https://github.com/xcersoylu/YNFT_IMPORT6,2024-07-10T10:58:58Z
test_ey_abaponcloud,58,https://github.com/soyuztechnologies/test_ey_abaponcloud,2024-07-03T07:10:18Z
1st_project_aelion,8,https://github.com/GulcanC/1st_project_aelion,2024-07-14T14:50:35Z
ZMM_PR_CREATE,19,https://github.com/Yuvrajsinghs/ZMM_PR_CREATE,2024-07-15T10:34:18Z
YCUSTOMERUPLOAD,10,https://github.com/lokendrashekhawat7773/YCUSTOMERUPLOAD,2024-07-27T13:37:33Z
SWAGGER,16,https://github.com/guitaristanbul/SWAGGER,2024-07-08T08:28:52Z
KT-session-ABAP,3,https://github.com/jovindsouza/KT-session-ABAP,2024-07-19T11:53:07Z
Delete-Old-Data-From-AppServer,3,https://github.com/Khamzadev/Delete-Old-Data-From-AppServer,2024-07-31T10:23:44Z
A4H,6,https://github.com/srinathacharya/A4H,2024-07-03T00:38:29Z
abapcloud_test,8,https://github.com/benmeijs/abapcloud_test,2024-07-31T13:23:09Z
S4-EX1-Extensi-V2,14,https://github.com/braramirez/S4-EX1-Extensi-V2,2024-07-31T21:35:44Z
dropdown-excel,11,https://github.com/edmilson-nascimento/dropdown-excel,2024-07-24T16:14:32Z
RAP_Code_Backup,71,https://github.com/maqsoodkhan7299/RAP_Code_Backup,2024-07-08T17:12:28Z
test,14,https://github.com/s4d425/test,2024-07-11T19:06:30Z
ABAP_CLOUD,2,https://github.com/Andre-mp89/ABAP_CLOUD,2024-07-08T15:57:05Z
Time_Conversion,2,https://github.com/Khamzadev/Time_Conversion,2024-07-31T10:35:14Z
BootTrainer,58,https://github.com/MehmetOztop/BootTrainer,2024-07-26T12:00:50Z
abap_sandbox,3,https://github.com/skusunoki/abap_sandbox,2024-07-20T04:16:31Z
ZPK_XNT,15,https://github.com/hungnguyen195951/ZPK_XNT,2024-07-04T15:49:43Z
shoponline,14,https://github.com/moralesrejoice/shoponline,2024-07-22T12:15:15Z
ZGY_DEV,9,https://github.com/yucelgamze/ZGY_DEV,2024-07-10T07:27:28Z
pol_btp,36,https://github.com/b0s3/pol_btp,2024-07-04T09:54:19Z
ABAPGIT,18,https://github.com/Samuel10-hue/ABAPGIT,2024-07-29T20:36:07Z
itab_performance_tests,9,https://github.com/yunus42tez/itab_performance_tests,2024-07-04T18:35:57Z
ABAP-Pratice-2,2,https://github.com/emrekaygili/ABAP-Pratice-2,2024-07-21T20:53:12Z
CELERITECH_ABAP_CLOUD,2,https://github.com/DanChavarria/CELERITECH_ABAP_CLOUD,2024-07-31T19:53:07Z
ZPK_UPLOAD_FIDOC,43,https://github.com/Hapu2001/ZPK_UPLOAD_FIDOC,2024-07-29T06:17:53Z
ABAPCLOUD,2,https://github.com/danilo46/ABAPCLOUD,2024-07-23T17:51:54Z
ZDOMAIN,18,https://github.com/bugfrei/ZDOMAIN,2024-07-23T11:19:09Z
abap-plantuml,34,https://github.com/jrodriguez-rc/abap-plantuml,2024-07-23T11:21:32Z
Abap_Day1,15,https://github.com/selcukgomi/Abap_Day1,2024-07-22T11:42:57Z
Online_Shop,14,https://github.com/ercukosova/Online_Shop,2024-07-26T06:25:21Z
ITAPC2927,40,https://github.com/ibraeuninger/ITAPC2927,2024-07-19T13:24:00Z
2nd_PRJ_1st_PRG,4,https://github.com/GulcanC/2nd_PRJ_1st_PRG,2024-07-14T14:08:27Z
ey_abaponcloud,61,https://github.com/SonuChouhan7/ey_abaponcloud,2024-07-03T07:11:13Z
ZPK_EINV_VNPT,261,https://github.com/Hapu2001/ZPK_EINV_VNPT,2024-07-30T03:07:04Z
abap_scp,53,https://github.com/aaronalcalaenab/abap_scp,2024-07-31T03:32:53Z
s4d425_25,14,https://github.com/christian-raasch/s4d425_25,2024-07-11T16:18:14Z
Aleph,6,https://github.com/TANEDOE/Aleph,2024-07-02T08:11:44Z
CustomerApp,17,https://github.com/Draugr793/CustomerApp,2024-07-16T05:10:18Z
2nd_PROJ-2nd_PROG,2,https://github.com/GulcanC/2nd_PROJ-2nd_PROG,2024-07-14T14:13:11Z
fibonnaci-abap,1,https://github.com/gleilsonalves/fibonnaci-abap,2024-07-21T01:53:26Z
ABAP_SCP,26,https://github.com/MDPGuit/ABAP_SCP,2024-07-31T21:09:23Z
abaponcloud_bootcamp,14,https://github.com/rcvaquino-dlw/abaponcloud_bootcamp,2024-07-22T12:16:23Z
ZDAN_RAP100,4,https://github.com/AndriiDa/ZDAN_RAP100,2024-07-10T21:52:12Z
ABAP-Swagger,160,https://github.com/guitaristanbul/ABAP-Swagger,2024-07-08T08:36:10Z
ABAP_Cloud,2,https://github.com/cisconavarro/ABAP_Cloud,2024-07-06T22:34:58Z
AK_ATS_ABAP_ON_CLOUD,62,https://github.com/arun5237/AK_ATS_ABAP_ON_CLOUD,2024-07-16T11:28:21Z
mehul,3,https://github.com/mehul0246/mehul,2024-07-30T10:28:38Z
BootcampS4HC_Export,3,https://github.com/jeffer9111/BootcampS4HC_Export,2024-07-31T23:46:42Z
ZS4D400,27,https://github.com/DVGoncharov/ZS4D400,2024-07-05T13:41:55Z
a4hGcts,143,https://github.com/abapvcgit/a4hGcts,2024-07-18T17:20:26Z
LU_CLOUD,45,https://github.com/LUCESAR2020/LU_CLOUD,2024-07-16T01:41:56Z
abap_project,2,https://github.com/H-Enes/abap_project,2024-07-26T07:17:35Z
TravelBookingUnmanaged,16,https://github.com/angel-palacios/TravelBookingUnmanaged,2024-07-06T21:04:09Z
DevS4CExc,14,https://github.com/umutsen94/DevS4CExc,2024-07-22T11:45:34Z
SLS_TRLST,13,https://github.com/bugfrei/SLS_TRLST,2024-07-01T10:00:20Z
ZRAP_LJ2407_PUB,38,https://github.com/grasserth/ZRAP_LJ2407_PUB,2024-07-25T11:47:03Z
SAP-ABAP-Utility-Programs,8,https://github.com/superdinesh/SAP-ABAP-Utility-Programs,2024-07-11T23:29:39Z
zdev,2,https://github.com/sz9460/zdev,2024-07-30T14:40:24Z
SAP-ABAP,8826,https://github.com/NIDHI-PATIL18/SAP-ABAP,2024-08-26T05:55:29Z
eSolutionsCloud6,2614,https://github.com/xmsadik/eSolutionsCloud6,2024-08-12T12:00:24Z
RAP_Generator_DMO,2346,https://github.com/rpexpra/RAP_Generator_DMO,2024-08-08T22:22:09Z
sap-genai-samples,1878,https://github.com/GoogleCloudPlatform/sap-genai-samples,2024-08-13T03:30:08Z
abap,2737,https://github.com/GrupoPHR/abap,2024-08-08T13:35:39Z
ynft_import,1767,https://github.com/xmsadik/ynft_import,2024-08-23T12:51:18Z
newWB,1658,https://github.com/sunil-abap/newWB,2024-08-07T06:53:19Z
CS15_WITH_MULTIPLE_MAT,1379,https://github.com/harshsharma1506/CS15_WITH_MULTIPLE_MAT,2024-08-17T11:30:32Z
layout-management,450,https://github.com/abap2UI5-addons/layout-management,2024-08-24T06:52:32Z
ABAP,413,https://github.com/Dmnep58/ABAP,2024-08-20T05:35:12Z
koleksiyonKasa,357,https://github.com/GurhanPolat/koleksiyonKasa,2024-08-05T07:24:50Z
XLWB,305,https://github.com/igor-borodin/XLWB,2024-08-06T09:08:08Z
ABAPCheatSheets,379,https://github.com/CarlosAvelinoSAP/ABAPCheatSheets,2024-08-27T14:18:01Z
ABAP_Dynamic_table,261,https://github.com/Nick3344/ABAP_Dynamic_table,2024-08-17T16:47:15Z
Travels-RAP-TDraft_,224,https://github.com/CarlosGuzmanCG/Travels-RAP-TDraft_,2024-08-22T21:53:35Z
js-libraries,219,https://github.com/abap2UI5-addons/js-libraries,2024-08-25T14:18:46Z
ABAP_Cloud,181,https://github.com/etosin/ABAP_Cloud,2024-08-05T10:39:13Z
ROCHEAUX_ZCUSTOMDEV,174,https://github.com/pallavar/ROCHEAUX_ZCUSTOMDEV,2024-08-23T09:43:12Z
custom-controls,174,https://github.com/abap2UI5-addons/custom-controls,2024-08-24T06:46:35Z
Abap_Relatorios_Write,126,https://github.com/AndreLuizDG/Abap_Relatorios_Write,2024-08-22T18:07:17Z
sapfiori003,134,https://github.com/rodrigoabam/sapfiori003,2024-08-02T18:38:50Z
JIRASM,139,https://github.com/Chupakebr/JIRASM,2024-08-21T14:34:41Z
FioriFreestyle-youtube,142,https://github.com/marcelooliveiracarneiro/FioriFreestyle-youtube,2024-08-09T12:43:55Z
exercism-abap,92,https://github.com/ud39/exercism-abap,2024-08-06T20:13:29Z
Desenvolvimento-carga-BSEG-via-RFC-MIGNOW,94,https://github.com/WesleyConstantino/Desenvolvimento-carga-BSEG-via-RFC-MIGNOW,2024-08-26T20:55:17Z
ZFETRAPDEMO,83,https://github.com/EmreToplarProdea/ZFETRAPDEMO,2024-08-20T15:03:08Z
OOPS_cheat_sheet,85,https://github.com/harshsharma1506/OOPS_cheat_sheet,2024-08-28T19:01:03Z
Sap_Fiori_Personal_Cheat_Sheets,81,https://github.com/R4F43LL-D3VB3GINN3R/Sap_Fiori_Personal_Cheat_Sheets,2024-08-30T08:51:02Z
fralarcon-deloitte,82,https://github.com/fralarcon-deloitte/fralarcon-deloitte,2024-08-30T23:04:15Z
Y27D_TRIP1,89,https://github.com/GuptaDhannarapu/Y27D_TRIP1,2024-08-11T11:55:48Z
websocket,77,https://github.com/abap2UI5-addons/websocket,2024-08-27T15:02:24Z
abap2UI5-deprecated,69,https://github.com/francisco-milan/abap2UI5-deprecated,2024-08-26T14:58:35Z
RAP_BACKUP,73,https://github.com/ranjansamal55/RAP_BACKUP,2024-08-29T18:16:54Z
ABAP-ZEN-API,59,https://github.com/furkancosgun/ABAP-ZEN-API,2024-08-24T16:50:49Z
ABAP-HTTP-CLIENT,57,https://github.com/furkancosgun/ABAP-HTTP-CLIENT,2024-08-14T07:09:35Z
Z_TRAINING,85,https://github.com/Linkay9/Z_TRAINING,2024-08-27T14:30:04Z
otel-logpoint,42,https://github.com/abapify/otel-logpoint,2024-08-07T13:46:24Z
ABAPCode,49,https://github.com/m-taha52/ABAPCode,2024-08-28T05:56:04Z
ZCONSIGNMENT,33,https://github.com/aleksei-belousov/ZCONSIGNMENT,2024-08-12T07:48:03Z
ZRAP,58,https://github.com/sushma0213/ZRAP,2024-08-22T18:09:53Z
ZABAP_BITMAP,26,https://github.com/Kaszub09/ZABAP_BITMAP,2024-08-06T10:44:29Z
abap-learning,31,https://github.com/Bechtle-AG/abap-learning,2024-08-16T07:09:12Z
ABAP_EXCEL_TO_PDF_CONVERTER,23,https://github.com/Gizemkaragozlu/ABAP_EXCEL_TO_PDF_CONVERTER,2024-08-20T09:54:54Z
My-Public-Repository,25,https://github.com/parulsingh79/My-Public-Repository,2024-08-30T08:40:39Z
ABAP-TEMPLATE-ENGINE,22,https://github.com/furkancosgun/ABAP-TEMPLATE-ENGINE,2024-08-20T18:24:35Z
SAP_EXCELUP_ONLYRAP,21,https://github.com/atakanady/SAP_EXCELUP_ONLYRAP,2024-08-29T07:04:53Z
abap_design_patterns,28,https://github.com/CarlosAvelinoSAP/abap_design_patterns,2024-08-15T21:46:30Z
Neev_test,20,https://github.com/sivani900/Neev_test,2024-08-06T07:04:23Z
EITHER-FOR-ABAP,17,https://github.com/furkancosgun/EITHER-FOR-ABAP,2024-08-28T08:22:52Z
Z_QM_RAP_DEMO,63,https://github.com/alanfljesus/Z_QM_RAP_DEMO,2024-08-20T15:50:39Z
RAP_NTD,1455,https://github.com/FlamesThanhDong/RAP_NTD,2024-08-07T03:58:55Z
ABAP,22,https://github.com/renanitokazo/ABAP,2024-08-03T11:11:19Z
app_finder,16,https://github.com/francisco-milan/app_finder,2024-08-26T15:03:40Z
ZABAP_GAMES_LABYRINTH,16,https://github.com/Kaszub09/ZABAP_GAMES_LABYRINTH,2024-08-12T12:15:49Z
ABAP-CACHE-BOX,15,https://github.com/furkancosgun/ABAP-CACHE-BOX,2024-08-11T08:30:32Z
ABAPDEMO,22,https://github.com/zhoueeee/ABAPDEMO,2024-08-31T07:47:54Z
ZKH_processing_as_file,17,https://github.com/Khamzadev/ZKH_processing_as_file,2024-08-15T09:17:55Z
otel-macros,16,https://github.com/abapify/otel-macros,2024-08-14T07:50:09Z
ABAPGIT-DEMO,15,https://github.com/Twhining/ABAPGIT-DEMO,2024-08-16T08:36:08Z
SAP_ERP_WarehouseManagement,13,https://github.com/SanshruthR/SAP_ERP_WarehouseManagement,2024-08-18T19:35:23Z
abap-performance-testing,22,https://github.com/a-schell/abap-performance-testing,2024-08-30T09:47:41Z
eventful-rap,13,https://github.com/prabhatpathania/eventful-rap,2024-08-19T21:41:29Z
clubmanager,85,https://github.com/ingenium-it-engineering/clubmanager,2024-08-07T14:04:33Z
abap_oo_salv,11,https://github.com/maishann/abap_oo_salv,2024-08-27T12:29:48Z
rap_managed_transaction,10,https://github.com/attilaberencsi/rap_managed_transaction,2024-08-28T20:52:22Z
GRC_ACCESS_PROFILE_REPORT_CDS,15,https://github.com/harshsharma1506/GRC_ACCESS_PROFILE_REPORT_CDS,2024-08-28T19:41:48Z
REUSE_ALV_PLAY,13,https://github.com/harshsharma1506/REUSE_ALV_PLAY,2024-08-24T12:34:22Z
exercismsapabap,9,https://github.com/nedjo90/exercismsapabap,2024-08-04T12:16:52Z
CHANGE_SESSION_LOGON_LANGUAGE,8,https://github.com/eliramy/CHANGE_SESSION_LOGON_LANGUAGE,2024-08-06T16:37:46Z
SAP-Cheat-Codes,9,https://github.com/RedjonCEO/SAP-Cheat-Codes,2024-08-21T08:00:49Z
abap_unit_conversion,7,https://github.com/maishann/abap_unit_conversion,2024-08-27T12:40:59Z
ABAP-Cloud,12,https://github.com/Leonardo1324/ABAP-Cloud,2024-08-21T14:26:39Z
abap-old-exception-mapping,8,https://github.com/whothefluff/abap-old-exception-mapping,2024-08-23T15:23:24Z
GeneralExamples,9,https://github.com/CarlosAvelinoSAP/GeneralExamples,2024-08-29T19:05:00Z
abap_gos_attachment,7,https://github.com/CarlosRibeiro82/abap_gos_attachment,2024-08-20T19:52:56Z
abap_fixed_asset,6,https://github.com/maishann/abap_fixed_asset,2024-08-27T14:07:27Z
ABAP_Material_from_VAKEY,7,https://github.com/JozsefSzikszai/ABAP_Material_from_VAKEY,2024-08-02T07:33:13Z
abap-bapi-return-mapping,7,https://github.com/whothefluff/abap-bapi-return-mapping,2024-08-23T15:25:38Z
TableSearch-GPT,6,https://github.com/oguzhansurer/TableSearch-GPT,2024-08-07T08:22:55Z
ABAP-PROJECTS,5,https://github.com/bhuvabhavik/ABAP-PROJECTS,2024-08-07T09:36:15Z
ZGITHUBTEST,4,https://github.com/aleksei-belousov/ZGITHUBTEST,2024-08-23T12:43:48Z
abap_cloud,3,https://github.com/Isra40/abap_cloud,2024-08-08T16:18:13Z
Basic-Email-Sender,5,https://github.com/oguzhansurer/Basic-Email-Sender,2024-08-02T11:39:59Z
ZABAPRAP1,4,https://github.com/venkatui5github/ZABAPRAP1,2024-08-24T16:27:12Z
Veri-sozlugune-veri-elementi-ve-domein-olusturulmasi,4,https://github.com/emrekaygili/Veri-sozlugune-veri-elementi-ve-domein-olusturulmasi,2024-08-02T10:58:00Z
Z_BC_RAP_UTILS,5,https://github.com/ABAP-Lib/Z_BC_RAP_UTILS,2024-08-13T01:42:02Z
Iniciacion-ABAP-Cloud,7,https://github.com/sediento-de-codigo/Iniciacion-ABAP-Cloud,2024-08-20T18:30:42Z
abap_trainning,5,https://github.com/esobreira/abap_trainning,2024-08-07T18:59:52Z
abap_sq01_query,2,https://github.com/maishann/abap_sq01_query,2024-08-27T12:43:06Z
ABAP-code,11,https://github.com/ClementVaugoyeau/ABAP-code,2024-08-25T14:49:10Z
ZABAPGIT,934,https://github.com/Neelam-goyal/ZABAPGIT,2024-08-10T07:39:50Z
SAP-ABAP-linguage,2,https://github.com/manusferreira/SAP-ABAP-linguage,2024-08-25T18:58:16Z
byog-zevent-app,46,https://github.com/frankjentsch/byog-zevent-app,2024-08-19T15:06:30Z
abap-sq01-query-abap,1,https://github.com/PON-HANNES/abap-sq01-query-abap,2024-08-19T07:46:17Z
ABAP-,6,https://github.com/Anudeepika3073/ABAP-,2024-08-16T04:56:32Z
AMS-Adequacao-na-transacao-Alcada-de-liberacao,1,https://github.com/mvmaciell/AMS-Adequacao-na-transacao-Alcada-de-liberacao,2024-08-01T19:19:21Z
COROUTINES4ABAP,32,https://github.com/furkancosgun/COROUTINES4ABAP,2024-08-19T17:04:38Z
cl_http_website_api_response,3,https://github.com/harshsharma1506/cl_http_website_api_response,2024-08-29T15:18:58Z
abap_alv,1457,https://github.com/maishann/abap_alv,2024-08-29T09:21:56Z
BYOG_COMMIT_OBJ_DMO,12,https://github.com/doldsimo/BYOG_COMMIT_OBJ_DMO,2024-08-15T09:01:07Z
APPLE,2,https://github.com/markusisacon/APPLE,2024-08-26T14:48:49Z
Weather,15,https://github.com/oguzhansurer/Weather,2024-08-27T12:48:24Z
ar2bkp_batch,13,https://github.com/zzvikesh/ar2bkp_batch,2024-08-08T09:10:45Z
ZRS_ABAP_Demo,8,https://github.com/DumsR/ZRS_ABAP_Demo,2024-08-19T12:38:31Z
Flight_Copy,102,https://github.com/JeffZheng2001/Flight_Copy,2024-08-02T22:57:00Z
ZMM_PrefCalc,54,https://github.com/DumsR/ZMM_PrefCalc,2024-08-02T09:22:27Z
curso_abapcloud,2,https://github.com/jddtrejo94/curso_abapcloud,2024-08-14T02:30:43Z
abap_scp,44,https://github.com/savatt/abap_scp,2024-08-31T10:51:42Z
Personnal,706,https://github.com/amirabediny/Personnal,2024-08-25T16:51:58Z
JUMPS_ZPRINT,167,https://github.com/mawaigit2023/JUMPS_ZPRINT,2024-08-25T10:18:12Z
rap-btp,86,https://github.com/HectorTaylorA/rap-btp,2024-08-26T16:24:02Z
Abap_Relatorios_ALV,104,https://github.com/AndreLuizDG/Abap_Relatorios_ALV,2024-08-26T13:20:28Z
ABAP-Training,1,https://github.com/Mohan-Ram-G/ABAP-Training,2024-08-13T17:39:35Z
trivistegit,21,https://github.com/trivistegit/trivistegit,2024-08-03T08:24:38Z
TCV-customizing,143,https://github.com/cuongus1/TCV-customizing,2024-08-14T04:44:19Z
Dev4S4_Workshop,2,https://github.com/TheNameless70/Dev4S4_Workshop,2024-08-05T03:15:22Z
ABAP_CLOULD_RAP_U8,12,https://github.com/sandrav-solis/ABAP_CLOULD_RAP_U8,2024-08-24T06:24:35Z
ZC_ABAPD,2,https://github.com/Isra40/ZC_ABAPD,2024-08-22T10:19:56Z
LFSR_PROJ_RAP,38,https://github.com/fesanabriar/LFSR_PROJ_RAP,2024-08-30T21:13:34Z
241-ABAP-for-Functionals,36,https://github.com/Logali-Group/241-ABAP-for-Functionals,2024-08-09T17:10:04Z
cds2alv,222,https://github.com/guitaristanbul/cds2alv,2024-08-08T12:37:09Z
S-4-EJERCICIO3,2,https://github.com/braramirez/S-4-EJERCICIO3,2024-08-04T21:38:45Z
feature_flag,11,https://github.com/CarlosAvelinoSAP/feature_flag,2024-08-28T19:45:13Z
YNFT_IMPORT9,1671,https://github.com/xcersoylu/YNFT_IMPORT9,2024-08-23T15:45:08Z
DIFFERENT_INV_PARTY_CHECK_MIRO,13,https://github.com/harshsharma1506/DIFFERENT_INV_PARTY_CHECK_MIRO,2024-08-26T14:11:56Z
Orientado-a-Objeto-ABAP,3,https://github.com/Iupina/Orientado-a-Objeto-ABAP,2024-08-01T23:33:03Z
rap_opensap_unmanaged2,19,https://github.com/Ljz-seidor/rap_opensap_unmanaged2,2024-08-19T18:12:58Z
cockpit_sd_doc_transporte,15,https://github.com/gleilsonalves/cockpit_sd_doc_transporte,2024-08-08T15:08:04Z
YNFT_IMPORT10,1671,https://github.com/xcersoylu/YNFT_IMPORT10,2024-08-23T16:19:08Z
SAP-demo,6,https://github.com/Swastik023/SAP-demo,2024-08-23T03:23:56Z
jokenpo,13,https://github.com/vcd94xt10z/jokenpo,2024-08-23T17:42:23Z
ZRAP_KLFT,40,https://github.com/karilft/ZRAP_KLFT,2024-08-27T18:50:49Z
abap_blog,2,https://github.com/zzzonghwa/abap_blog,2024-08-15T07:07:04Z
JUMPS_YEMAIL,29,https://github.com/mawaigit2023/JUMPS_YEMAIL,2024-08-25T10:15:51Z
EWM_BOOK,176,https://github.com/xtbirihan/EWM_BOOK,2024-08-11T10:25:50Z
TRAVEL,523,https://github.com/rajasrimathy/TRAVEL,2024-08-10T06:08:19Z
learning_tutorial,6,https://github.com/Ljz-seidor/learning_tutorial,2024-08-13T13:50:48Z
abapGit-test-splitter,5,https://github.com/zenrosadira/abapGit-test-splitter,2024-08-31T07:41:02Z
abap_scp,26,https://github.com/JaimeRamirez1234/abap_scp,2024-08-29T17:20:15Z
abap_cloud,2,https://github.com/Brian0126/abap_cloud,2024-08-26T20:48:06Z
ABAP_BTP_CL_LOGALI,85,https://github.com/fesanabriar/ABAP_BTP_CL_LOGALI,2024-08-13T20:27:02Z
SAP-RAP100,13,https://github.com/cristiandullua/SAP-RAP100,2024-08-19T18:00:20Z
abap_scp,27,https://github.com/AdalRB/abap_scp,2024-08-28T19:49:20Z
RAP_Project,45,https://github.com/Ankita-Shinde04/RAP_Project,2024-08-29T07:00:29Z
myrapcode,1,https://github.com/venkatui5github/myrapcode,2024-08-28T02:46:56Z
abapCloud,17,https://github.com/sf-rogeliosanchez/abapCloud,2024-08-15T17:12:03Z
NotasSap,63955,https://github.com/WilberthGamboa/NotasSap,2024-09-04T07:50:02Z
ziyf,31976,https://github.com/victorizbitskiy/ziyf,2024-09-13T20:03:34Z
abap_lembretes,6007,https://github.com/Lillow/abap_lembretes,2024-09-25T00:09:06Z
eSolutionsCloud9,4133,https://github.com/xmsadik/eSolutionsCloud9,2024-09-30T15:23:05Z
sapClass,3644,https://github.com/modneyTree/sapClass,2024-09-03T10:27:27Z
eSolutionsCloud8,3382,https://github.com/xmsadik/eSolutionsCloud8,2024-09-10T10:57:54Z
eSolutionsCloud7,3224,https://github.com/xmsadik/eSolutionsCloud7,2024-09-02T12:13:35Z
YTEST_ABAP,957,https://github.com/CarlosCadenaG/YTEST_ABAP,2024-09-13T00:44:51Z
abapXLOM,1308,https://github.com/sandraros/abapXLOM,2024-09-01T17:44:33Z
spma-2024-09,636,https://github.com/keremkoseoglu/spma-2024-09,2024-09-11T13:53:46Z
sales_report,478,https://github.com/PauloDalsoto/sales_report,2024-09-11T19:38:51Z
ABAP_REFERENCES,467,https://github.com/theuzs/ABAP_REFERENCES,2024-09-06T12:09:07Z
Dynamics365-SAP,443,https://github.com/WeiKKJ/Dynamics365-SAP,2024-09-20T07:53:57Z
Introduction_to_abap_7_4_in_s4_hana,396,https://github.com/georgecatalin-CodePractice-Courses/Introduction_to_abap_7_4_in_s4_hana,2024-09-13T08:59:00Z
table-maintenance,385,https://github.com/abap2UI5-addons/table-maintenance,2024-09-20T10:56:32Z
dataimportsystem,363,https://github.com/haihuazhang/dataimportsystem,2024-09-19T10:36:16Z
abap,237,https://github.com/100rbrajpuT/abap,2024-09-05T12:23:10Z
Abap_Project_Hospital,223,https://github.com/R4F43LL-D3VB3GINN3R/Abap_Project_Hospital,2024-09-16T15:07:10Z
ABAP-Programming-Best-Practices,203,https://github.com/georgecatalin-CodePractice-Courses/ABAP-Programming-Best-Practices,2024-09-27T07:01:46Z
abap-exercises,128,https://github.com/mileuc/abap-exercises,2024-09-03T22:47:37Z
abap_vat_rest,138,https://github.com/maishann/abap_vat_rest,2024-09-05T11:26:09Z
se16n,117,https://github.com/abap2UI5-addons/se16n,2024-09-22T12:55:23Z
Abap_Exercism,106,https://github.com/R4F43LL-D3VB3GINN3R/Abap_Exercism,2024-09-09T18:13:50Z
ZDLRAP_DEMO_CRIS,114,https://github.com/cristhianbiten/ZDLRAP_DEMO_CRIS,2024-09-15T17:27:50Z
Siparis_Musteri_Yonetim,94,https://github.com/Ebubekir29/Siparis_Musteri_Yonetim,2024-09-16T14:42:27Z
ZRETLAI013,166,https://github.com/sretail/ZRETLAI013,2024-09-17T08:11:05Z
SAP-COPY,88,https://github.com/MichelleMarquez12/SAP-COPY,2024-09-24T17:44:08Z
estudando,88,https://github.com/PerolaCaraciolo/estudando,2024-09-27T04:54:25Z
queue-process,80,https://github.com/edmilson-nascimento/queue-process,2024-09-29T21:11:55Z
eclipse-markfew,91,https://github.com/sapfacts/eclipse-markfew,2024-09-27T21:22:32Z
securefactsheet,74,https://github.com/harshsharma1506/securefactsheet,2024-09-20T09:23:56Z
test_lamrap,79,https://github.com/srsuraj22/test_lamrap,2024-09-17T10:59:25Z
cricket_2k24_gui_abap,84,https://github.com/harshsharma1506/cricket_2k24_gui_abap,2024-09-13T19:11:12Z
Vishnu-RAP,68,https://github.com/vishnuchalla49/Vishnu-RAP,2024-09-18T20:37:59Z
addon-layout-management,63,https://github.com/francisco-milan/addon-layout-management,2024-09-01T00:37:29Z
sapbwopertools,68,https://github.com/noso2k1/sapbwopertools,2024-09-13T07:54:30Z
abap_fico,70,https://github.com/PON-HANNES/abap_fico,2024-09-18T14:35:57Z
cdsanalyser,59,https://github.com/agraeber/cdsanalyser,2024-09-27T18:02:18Z
ZCONFIG,58,https://github.com/jack11070/ZCONFIG,2024-09-12T04:44:49Z
TEXT_UTILITY_FUNCTION,50,https://github.com/harshsharma1506/TEXT_UTILITY_FUNCTION,2024-09-07T12:53:22Z
RAP_MANAGED_GIT,55,https://github.com/Ajay110125-A/RAP_MANAGED_GIT,2024-09-30T09:44:06Z
draft-handling,54,https://github.com/abap2UI5-addons/draft-handling,2024-09-05T11:34:35Z
UnmanagedGit,50,https://github.com/Ajay110125-A/UnmanagedGit,2024-09-28T07:56:56Z
ABAPPS,126,https://github.com/ar-coal/ABAPPS,2024-09-25T05:03:06Z
abap-cloud-api,43,https://github.com/oblomov-dev/abap-cloud-api,2024-09-04T13:53:44Z
zdeep_alv,42,https://github.com/WeiKKJ/zdeep_alv,2024-09-20T07:28:38Z
RAP,32,https://github.com/manojtvarma/RAP,2024-09-07T14:49:52Z
BTP_Abap_F,60,https://github.com/fensastiga/BTP_Abap_F,2024-09-27T15:25:05Z
SAPBTPDUE,44,https://github.com/dennisurbano/SAPBTPDUE,2024-09-20T14:58:34Z
abap-demo,31,https://github.com/bztoy/abap-demo,2024-09-08T04:43:22Z
space.expbor.fi,24,https://github.com/expbor/space.expbor.fi,2024-09-28T13:36:47Z
Abap_S4D400,76,https://github.com/SimonRupp/Abap_S4D400,2024-09-20T07:59:33Z
zcode_scanner,23,https://github.com/bryanmcain/zcode_scanner,2024-09-18T19:19:18Z
space.expbor.abap.playground,22,https://github.com/expbor/space.expbor.abap.playground,2024-09-28T13:27:33Z
STAJ22001,32,https://github.com/utkuayyildiz/STAJ22001,2024-09-19T17:14:01Z
AdventOfCodeABAP,31,https://github.com/Sebbl0508/AdventOfCodeABAP,2024-09-16T07:58:56Z
abap_d13,63,https://github.com/JohannesKindsvater/abap_d13,2024-09-20T08:02:24Z
rap-exel-upload,23,https://github.com/miyasuta/rap-exel-upload,2024-09-25T20:16:36Z
abap_S4D400,23,https://github.com/LukeLucky00/abap_S4D400,2024-09-20T08:01:22Z
ZS4D425_SOL_CLD,18,https://github.com/s4d425/ZS4D425_SOL_CLD,2024-09-26T08:10:55Z
test,22,https://github.com/kawaii2876/test,2024-09-04T04:34:29Z
2024_09_25_s4d425_25,27,https://github.com/christian-raasch/2024_09_25_s4d425_25,2024-09-25T11:59:29Z
BTP,19,https://github.com/Gabriel-ABAP/BTP,2024-09-15T21:31:57Z
RAP,27,https://github.com/Dmnep58/RAP,2024-09-17T14:09:14Z
LupeConsulting-SAP-ABAP-Projects,15,https://github.com/TunahanAkdere/LupeConsulting-SAP-ABAP-Projects,2024-09-29T14:48:14Z
ABAP,16,https://github.com/RozForCode/ABAP,2024-09-12T18:38:03Z
zsad_raper001,15,https://github.com/Sadullah-TANRIKULU/zsad_raper001,2024-09-22T12:26:37Z
GRC_SUPERUSER_REPORT,15,https://github.com/uvais2909/GRC_SUPERUSER_REPORT,2024-09-11T07:16:00Z
zsad_raper002,20,https://github.com/Sadullah-TANRIKULU/zsad_raper002,2024-09-22T12:35:57Z
abap_archive,12,https://github.com/PON-HANNES/abap_archive,2024-09-18T08:34:58Z
test-abap-git,12,https://github.com/cristiandullua/test-abap-git,2024-09-04T18:17:18Z
abap-academy-notes,13,https://github.com/beatrizgomees/abap-academy-notes,2024-09-28T00:17:48Z
numberabap,9,https://github.com/tricktresor/numberabap,2024-09-20T23:30:28Z
PROG_splitter,11,https://github.com/abapGit-tests/PROG_splitter,2024-09-03T19:30:53Z
SAP_Toolbox,10,https://github.com/ricMuehlbauer/SAP_Toolbox,2024-09-18T11:02:30Z
addon-transport-requests,9,https://github.com/francisco-milan/addon-transport-requests,2024-09-01T00:37:01Z
ybc_alv_template,11,https://github.com/bryanmcain/ybc_alv_template,2024-09-26T13:14:53Z
rbgrp-base,8,https://github.com/Ennowulff/rbgrp-base,2024-09-10T20:43:59Z
FUGS,8,https://github.com/abapGit-tests/FUGS,2024-09-10T18:30:09Z
abap_util,13,https://github.com/ud39/abap_util,2024-09-12T15:29:19Z
OOOLE,14,https://github.com/Pasumao/OOOLE,2024-09-24T01:54:19Z
abap_cloud_trial,13,https://github.com/DanielMayan77/abap_cloud_trial,2024-09-04T00:00:29Z
abap_calculadora,7,https://github.com/vcd94xt10z/abap_calculadora,2024-09-06T18:32:41Z
Exercism_ABAP,8,https://github.com/FrHaseKopf/Exercism_ABAP,2024-09-16T22:49:59Z
EasySAPABAP,416,https://github.com/Pozell71638/EasySAPABAP,2024-09-03T11:43:31Z
ABAP-EASY-UI,31,https://github.com/furkancosgun/ABAP-EASY-UI,2024-09-08T18:59:38Z
testing_intf_aff,6,https://github.com/marcushoepfner/testing_intf_aff,2024-09-03T07:40:51Z
SAJC_SAJT,6,https://github.com/abapGit-tests/SAJC_SAJT,2024-09-03T20:03:38Z
GITTEST,4,https://github.com/r03323037/GITTEST,2024-09-09T09:03:28Z
abap_onpremise,2,https://github.com/savatt/abap_onpremise,2024-09-01T02:52:56Z
RAP2CODE,2,https://github.com/venkatui5github/RAP2CODE,2024-09-09T16:23:00Z
Abap-Stock-Management,1,https://github.com/asuhansahin/Abap-Stock-Management,2024-09-19T09:10:59Z
ZART_EXCHANGE_RATE_gCTS,92,https://github.com/Arete-Cloud/ZART_EXCHANGE_RATE_gCTS,2024-09-19T13:48:21Z
SLA,35,https://github.com/Hafez-Mostafa/SLA,2024-09-22T22:23:37Z
zcl_docx,11482,https://github.com/jindong1978/zcl_docx,2024-09-09T00:45:41Z
demo_repository,1,https://github.com/JoannaStoller13/demo_repository,2024-09-10T13:11:30Z
zps_lms,12,https://github.com/parulsingh79/zps_lms,2024-09-25T10:14:46Z
zcl_lab_01_var_user,1,https://github.com/SheltCott/zcl_lab_01_var_user,2024-09-05T09:48:37Z
file-interfacing,5,https://github.com/rud-34r/file-interfacing,2024-09-24T00:47:18Z
0909test,19,https://github.com/christian-raasch/0909test,2024-09-09T15:48:00Z
SAP_Sample_Code,2336,https://github.com/theabhisheksinha/SAP_Sample_Code,2024-09-30T06:37:09Z
SSYARN_TMG_PARAMETERS,26,https://github.com/debabrath/SSYARN_TMG_PARAMETERS,2024-09-30T14:01:31Z
zcl_lab_08_fieldsymb_user,1,https://github.com/SheltCott/zcl_lab_08_fieldsymb_user,2024-09-05T10:33:38Z
test,1,https://github.com/Gabriel-ABAP/test,2024-09-28T02:52:09Z
ZABAP_GIT,2,https://github.com/arnab9982/ZABAP_GIT,2024-09-23T03:45:33Z
zsad_raper004,16,https://github.com/Sadullah-TANRIKULU/zsad_raper004,2024-09-22T17:25:30Z
ZRETPDT001,132,https://github.com/sretail/ZRETPDT001,2024-09-18T06:36:03Z
Goods-Receipt-Screen,2,https://github.com/batuhanakgun16/Goods-Receipt-Screen,2024-09-20T20:33:02Z
abap-platform-rap-workshops.,153853,https://github.com/jindong1978/abap-platform-rap-workshops.,2024-09-21T09:47:09Z
ABAP_archive,11,https://github.com/maishann/ABAP_archive,2024-09-18T08:39:09Z
PINAR_abap_project,22,https://github.com/Pozell71638/PINAR_abap_project,2024-09-22T14:55:01Z
atosa_abap_cs,168,https://github.com/haihuazhang/atosa_abap_cs,2024-09-22T13:17:42Z
test,267,https://github.com/RobiMitrea/test,2024-09-27T12:36:55Z
zcl_lab_05_invoice_user2,3,https://github.com/SheltCott/zcl_lab_05_invoice_user2,2024-09-05T10:24:55Z
zabap_zip_password,11,https://github.com/monty79/zabap_zip_password,2024-09-03T08:42:47Z
abap_grid_alv,13,https://github.com/maishann/abap_grid_alv,2024-09-09T09:44:56Z
abapGit-test-splitter-sub,4,https://github.com/zenrosadira/abapGit-test-splitter-sub,2024-09-12T12:18:51Z
ABAP,0,https://github.com/NanoThecnolog/ABAP,2024-09-05T01:22:28Z
atosa_abap_sd,668,https://github.com/haihuazhang/atosa_abap_sd,2024-09-22T12:44:54Z
zcl_lab_02_arithmetic_user,2,https://github.com/SheltCott/zcl_lab_02_arithmetic_user,2024-09-05T10:05:23Z
jiraAPIUsage,37,https://github.com/vaibhavgoel-github-1986/jiraAPIUsage,2024-09-10T06:00:01Z
PinarDevelopments,44,https://github.com/sap-eu9/PinarDevelopments,2024-09-18T09:12:15Z
SSYarn_Pack_Screen,28,https://github.com/debabrath/SSYarn_Pack_Screen,2024-09-30T13:41:41Z
ABAPCloud_I_C24,2,https://github.com/Logali-Group/ABAPCloud_I_C24,2024-09-30T10:46:15Z
learn-abap,0,https://github.com/faizbyp/learn-abap,2024-09-28T08:49:26Z
AbapTeamTest,3,https://github.com/cagriyalniz/AbapTeamTest,2024-09-19T08:02:30Z
JiraAPI,31,https://github.com/vaibhavgoel-github-1986/JiraAPI,2024-09-10T05:43:22Z
zcl_lab_07_tables_user,2,https://github.com/SheltCott/zcl_lab_07_tables_user,2024-09-05T10:35:38Z
SAP-samples,2579,https://github.com/jindong1978/SAP-samples,2024-09-21T09:43:50Z
ABAP_PO,116,https://github.com/pavankmys/ABAP_PO,2024-09-19T09:26:57Z
XLWB,231,https://github.com/jindong1978/XLWB,2024-09-12T03:58:23Z
ZPS_TS_FM_PRG,6,https://github.com/parulsingh79/ZPS_TS_FM_PRG,2024-09-14T05:19:47Z
ABAP-Employee-Management-Project,7,https://github.com/cankutukoglu/ABAP-Employee-Management-Project,2024-09-24T17:41:13Z
s4d400_abap,14,https://github.com/mgeiger17/s4d400_abap,2024-09-20T08:06:22Z
abap_cloud,2,https://github.com/20231978/abap_cloud,2024-09-20T23:17:25Z
BSERVER,9,https://github.com/deeprane27/BSERVER,2024-09-01T21:53:22Z
ZKH_SALES_TEXT,2,https://github.com/Khamzadev/ZKH_SALES_TEXT,2024-09-30T07:29:30Z
test_lamrap,44,https://github.com/soyuztechnologies/test_lamrap,2024-09-13T08:42:30Z
zcl_lab_06_condition_user,2,https://github.com/SheltCott/zcl_lab_06_condition_user,2024-09-05T10:27:59Z
rap-model-managed,4,https://github.com/PerseverAniket/rap-model-managed,2024-09-15T17:40:04Z
Test,1,https://github.com/sayyidtaqi/Test,2024-09-30T15:22:47Z
ABAP_CLOUD_TEST,1,https://github.com/javiersilvap/ABAP_CLOUD_TEST,2024-09-21T02:52:47Z
zcl_lab_09_structure_user,2,https://github.com/SheltCott/zcl_lab_09_structure_user,2024-09-05T10:31:04Z
zabapgit_egitim,20,https://github.com/sumeyyenuryilmaz/zabapgit_egitim,2024-09-22T14:04:55Z
abap_cloud,15,https://github.com/Rpexpra007/abap_cloud,2024-09-22T00:55:11Z
TES-FASTI,2,https://github.com/Fastilistia/TES-FASTI,2024-09-30T15:22:46Z
D_17_ABAP,11,https://github.com/Karnimani0907/D_17_ABAP,2024-09-20T08:17:15Z
abap_cloud,2,https://github.com/Alejo182-hub/abap_cloud,2024-09-15T15:47:55Z
zcl_lab_03_datatypes_user,1,https://github.com/SheltCott/zcl_lab_03_datatypes_user,2024-09-05T10:09:13Z
abap_scp,38,https://github.com/R2504/abap_scp,2024-09-02T22:41:08Z
atosa_abap_mm,210,https://github.com/haihuazhang/atosa_abap_mm,2024-09-22T12:59:55Z
zcl_lab_07_tables_user2,5,https://github.com/SheltCott/zcl_lab_07_tables_user2,2024-09-05T10:38:06Z
zcl_lab_04_message_user,1,https://github.com/SheltCott/zcl_lab_04_message_user,2024-09-05T10:13:21Z
move-zlocal-to-swc,1,https://github.com/Xexer/move-zlocal-to-swc,2024-09-25T18:51:49Z
ABAP_D13,7,https://github.com/NilDitt/ABAP_D13,2024-09-20T08:08:28Z
GET_REPOSITORY_UU1129,2,https://github.com/utkarsh1129-hcl/GET_REPOSITORY_UU1129,2024-09-24T20:25:27Z
scm_test,7,https://github.com/abir-banerjee-gramont/scm_test,2024-09-03T14:43:55Z
ZPARSE_FORMULA,11,https://github.com/valihan/ZPARSE_FORMULA,2024-09-08T04:19:14Z
abap-singleton,35,https://github.com/eduardolinaresp/abap-singleton,2024-09-13T23:30:25Z
zcl_lab_05_invoice_user,2,https://github.com/SheltCott/zcl_lab_05_invoice_user,2024-09-05T10:17:34Z
SAP-BAS,36,https://github.com/JaimeRamirez1234/SAP-BAS,2024-09-03T22:56:24Z
ABAP_CLOUD,2,https://github.com/Aramisito/ABAP_CLOUD,2024-09-07T03:36:15Z
sesac,172,https://github.com/lodorive/sesac,2024-09-15T09:55:06Z
Filedrop_cs2,7,https://github.com/Sushant4384/Filedrop_cs2,2024-09-28T13:38:28Z
Z_PUSH_NOTIFICATIONS,5,https://github.com/ABAP-Lib/Z_PUSH_NOTIFICATIONS,2024-09-24T13:04:28Z
SSAccount_Statement,34,https://github.com/debabrath/SSAccount_Statement,2024-09-30T13:36:51Z
AnubhavABAPonCLOUD,126,https://github.com/SmartyMcr/AnubhavABAPonCLOUD,2024-09-12T14:34:33Z
demo-hpro,49802,https://github.com/google-cloud-abap/demo-hpro,2024-10-15T08:43:01Z
SAP-ABAP,11142,https://github.com/Pandiyarajan1997/SAP-ABAP,2024-10-03T09:35:13Z
guidance-for-sap-intelligent-document-processing-and-insights-using-generative-ai-on-aws,4366,https://github.com/aws-solutions-library-samples/guidance-for-sap-intelligent-document-processing-and-insights-using-generative-ai-on-aws,2024-10-24T15:18:54Z
dmo_flight_conversion,1242,https://github.com/Rahulpippalla/dmo_flight_conversion,2024-10-23T16:09:04Z
kurfarki5,1039,https://github.com/berksaldr/kurfarki5,2024-10-09T14:13:02Z
abap-platform-reuse-services,807,https://github.com/SAP-samples/abap-platform-reuse-services,2024-10-21T06:05:41Z
ABAP_ModulePoolProgamming,644,https://github.com/georgecatalin/ABAP_ModulePoolProgamming,2024-10-24T10:58:28Z
table-maintenance-sm30-bcmo,584,https://github.com/tobiashofmann/table-maintenance-sm30-bcmo,2024-10-24T14:27:04Z
upload_download_samp,1398,https://github.com/ronasap/upload_download_samp,2024-10-09T20:11:39Z
abapgit-workflow,453,https://github.com/Jason7268/abapgit-workflow,2024-10-05T16:07:33Z
ZPARAMS,403,https://github.com/michaelnicholls/ZPARAMS,2024-10-26T01:11:26Z
ABAPCloud_I_C24,301,https://github.com/Ramaclau/ABAPCloud_I_C24,2024-10-06T20:32:53Z
Dicas-ABAP-SAP,325,https://github.com/CristicRibeiro/Dicas-ABAP-SAP,2024-10-06T20:27:51Z
kurfarki_sancakdev,249,https://github.com/berksaldr/kurfarki_sancakdev,2024-10-21T12:42:47Z
master-ZCJG_LGLMT-ac-jor,249,https://github.com/JGARGUADA/master-ZCJG_LGLMT-ac-jor,2024-10-07T14:47:25Z
ZGCTS_DEMO,230,https://github.com/Likhitha999/ZGCTS_DEMO,2024-10-10T06:50:46Z
zpr_auth_csd,182,https://github.com/rammelbalagtas/zpr_auth_csd,2024-10-25T15:56:25Z
Projeto-dashboard-vendas,181,https://github.com/Rafael-Ienne/Projeto-dashboard-vendas,2024-10-06T20:16:04Z
Master_SAP_ABAP_Cloud_1,185,https://github.com/Armandohr/Master_SAP_ABAP_Cloud_1,2024-10-05T02:34:24Z
ValueObjects,137,https://github.com/rob786541/ValueObjects,2024-10-21T08:43:06Z
trm-rest,116,https://github.com/RegestaItalia/trm-rest,2024-10-02T07:56:14Z
ABAP-RICEFW,111,https://github.com/jegadesh213/ABAP-RICEFW,2024-10-18T07:54:56Z
Abap_Ordens_de_Compras,109,https://github.com/R4F43LL-D3VB3GINN3R/Abap_Ordens_de_Compras,2024-10-11T15:57:18Z
316-BTP-Developer,102,https://github.com/Logali-Group/316-BTP-Developer,2024-10-24T08:53:22Z
APPGroceryABAPFioriElements,96,https://github.com/Ronnyfs/APPGroceryABAPFioriElements,2024-10-15T01:16:21Z
ABAP_OT24,102,https://github.com/otarazona/ABAP_OT24,2024-10-21T12:33:25Z
SAP,81,https://github.com/JjungminLee/SAP,2024-10-01T14:06:55Z
ZTEST,106,https://github.com/aleksei-belousov/ZTEST,2024-10-23T14:01:28Z
SAP_ABAP-Learning,77,https://github.com/rizqi08/SAP_ABAP-Learning,2024-10-18T07:56:28Z
343-btp-dev,112,https://github.com/Logali-Group/343-btp-dev,2024-10-24T19:52:35Z
ABAP_CLOUD,79,https://github.com/Julio-Werfen-23/ABAP_CLOUD,2024-10-08T18:57:41Z
INFYRAPUNMANAGED,70,https://github.com/ASSK7/INFYRAPUNMANAGED,2024-10-29T10:14:38Z
RAP_Sales_Order,67,https://github.com/manojtvarma/RAP_Sales_Order,2024-10-07T12:12:57Z
abap-cheat-sheet,68,https://github.com/Tediace/abap-cheat-sheet,2024-10-01T04:41:16Z
ac-werfen,75,https://github.com/Gheorghe-Valer-Scurtu/ac-werfen,2024-10-07T14:59:34Z
Locadora_Backend,66,https://github.com/cesgomes/Locadora_Backend,2024-10-14T15:39:40Z
ABAPBuilderPattern,65,https://github.com/IlyaPrusakou/ABAPBuilderPattern,2024-10-29T12:35:14Z
ABAP_Study,61,https://github.com/tinon1004/ABAP_Study,2024-10-31T17:05:42Z
abap-sdk-btp-x,85,https://github.com/sdied/abap-sdk-btp-x,2024-10-09T12:15:11Z
projeto-abap-cds,56,https://github.com/abner-pereira/projeto-abap-cds,2024-10-24T02:42:29Z
NewRapCode4mAnu,60,https://github.com/PavanMahe/NewRapCode4mAnu,2024-10-10T10:25:37Z
my_ABAP_Repos,54,https://github.com/Pa1Yogi/my_ABAP_Repos,2024-10-12T13:05:02Z
ZDLA000,56,https://github.com/Alex-Brito-91/ZDLA000,2024-10-04T18:20:22Z
abapGIT_deletion_support,50,https://github.com/shubhamWaghmare-sap/abapGIT_deletion_support,2024-10-29T16:25:47Z
S4D430-Z00,47,https://github.com/louis-kauer/S4D430-Z00,2024-10-11T12:57:56Z
Curso_Abap_New_OOP_Eclipse,48,https://github.com/R4F43LL-D3VB3GINN3R/Curso_Abap_New_OOP_Eclipse,2024-10-07T16:51:34Z
z_test_adobe_form_service,46,https://github.com/i067722/z_test_adobe_form_service,2024-10-20T18:33:10Z
Connections_app,46,https://github.com/JAIRPARADA/Connections_app,2024-10-25T19:46:21Z
rap-w2,60,https://github.com/Gheorghe-Valer-Scurtu/rap-w2,2024-10-14T15:28:22Z
INFYRAPMANAGED,47,https://github.com/ASSK7/INFYRAPMANAGED,2024-10-11T11:42:15Z
ABAP-Parallel-Processing,53,https://github.com/hypnosarg/ABAP-Parallel-Processing,2024-10-03T09:00:53Z
abap_agility_tools,55,https://github.com/hypnosarg/abap_agility_tools,2024-10-04T10:57:44Z
ALV_ABAP,43,https://github.com/KauaPrado/ALV_ABAP,2024-10-16T00:15:58Z
abap-cloud-z_gisr,39,https://github.com/GISR89/abap-cloud-z_gisr,2024-10-06T20:38:33Z
ZREP_CMO,43,https://github.com/CrissMO9/ZREP_CMO,2024-10-09T20:43:05Z
pgrm-project,31,https://github.com/lultoni/pgrm-project,2024-10-14T09:02:10Z
ZFMB_VIDEOS,35,https://github.com/fredymb/ZFMB_VIDEOS,2024-10-30T15:49:19Z
Materail-Management-and-Saler-Details,43,https://github.com/Dmnep58/Materail-Management-and-Saler-Details,2024-10-03T20:28:51Z
adt_sample,45,https://github.com/VadzimKavaleu/adt_sample,2024-10-03T13:08:10Z
ZBTC_TRAVEL_RAP,40,https://github.com/slash-h/ZBTC_TRAVEL_RAP,2024-10-02T12:33:10Z
ZZEDIT,34,https://github.com/a87b01c14/ZZEDIT,2024-10-24T01:09:43Z
fizzbuzz_tdd_game,28,https://github.com/nizard-melliti/fizzbuzz_tdd_game,2024-10-08T12:04:30Z
SAPGLX_G60LAC,59,https://github.com/wterceiro/SAPGLX_G60LAC,2024-10-25T22:12:46Z
abap_s4d430,31,https://github.com/JackXPOfficial/abap_s4d430,2024-10-10T11:56:42Z
Rock-Paper-Scissors,22,https://github.com/Jayasharma-79/Rock-Paper-Scissors,2024-10-08T15:24:19Z
abap_cds_generator,21,https://github.com/hypnosarg/abap_cds_generator,2024-10-04T11:37:27Z
excel_upload,20,https://github.com/mceciabate/excel_upload,2024-10-21T12:19:07Z
YCHEQUEPRINT,19,https://github.com/sagarshriwastav/YCHEQUEPRINT,2024-10-02T18:12:44Z
abap_cloud,34,https://github.com/CristianCastilloGSM/abap_cloud,2024-10-23T00:25:52Z
Snippet-Extractor,24,https://github.com/NilsABCD/Snippet-Extractor,2024-10-21T15:57:24Z
AbapToolset,22,https://github.com/oxgl/AbapToolset,2024-10-08T13:34:12Z
abap_development_force,17,https://github.com/Sebastian-Mendez-Glouu/abap_development_force,2024-10-05T17:29:20Z
abap-cloud-appljob,37,https://github.com/OctavianSavu/abap-cloud-appljob,2024-10-28T07:49:06Z
Master_SAP_ABAP_Cloud_2,18,https://github.com/Armandohr/Master_SAP_ABAP_Cloud_2,2024-10-05T02:36:48Z
byog-repo-000,16,https://github.com/sdied/byog-repo-000,2024-10-08T08:32:53Z
abap_license_renewal,12,https://github.com/pawelwiejkut/abap_license_renewal,2024-10-19T19:19:01Z
ABAP-PNL-REPORT,22,https://github.com/HusnulM/ABAP-PNL-REPORT,2024-10-05T07:35:17Z
abapgit_cota,12,https://github.com/Ben9ka/abapgit_cota,2024-10-17T14:44:58Z
otel-onprem,14,https://github.com/abapify/otel-onprem,2024-10-11T13:31:06Z
ABAP,12,https://github.com/Buenors/ABAP,2024-10-14T21:00:09Z
ABAP-Exercises,9,https://github.com/Brendadosanjos/ABAP-Exercises,2024-10-11T13:50:36Z
ASEPL_Deliberate_prog,22,https://github.com/walibens/ASEPL_Deliberate_prog,2024-10-09T07:40:08Z
USER_MASTER,10,https://github.com/atishsahdeo/USER_MASTER,2024-10-16T10:16:35Z
ABAP_CLOUD_1,10,https://github.com/ingangelperez/ABAP_CLOUD_1,2024-10-01T03:46:04Z
Zconsulta_meritos,6,https://github.com/Damiansebastians/Zconsulta_meritos,2024-10-02T07:38:52Z
PROG_dynp_flow,7,https://github.com/abapGit-tests/PROG_dynp_flow,2024-10-28T19:36:16Z
sample-artefacts,8,https://github.com/rud-34r/sample-artefacts,2024-10-21T22:52:02Z
ABAP-PROGRAM,5,https://github.com/ThokozaniTshabalala/ABAP-PROGRAM,2024-10-23T10:30:06Z
abap-name-values,4,https://github.com/whothefluff/abap-name-values,2024-10-11T11:38:28Z
anyname1,2,https://github.com/yuebaixiao/anyname1,2024-10-19T04:01:58Z
Sap-bw-implemented,2,https://github.com/HTS-CEO/Sap-bw-implemented,2024-10-10T10:28:43Z
abap-report,2,https://github.com/katwro/abap-report,2024-10-30T11:45:45Z
merge_ns_test,3,https://github.com/pokrakam/merge_ns_test,2024-10-01T07:05:28Z
NexvysionPosts,2,https://github.com/nexvysion/NexvysionPosts,2024-10-29T10:36:39Z
S4H_ZB_BANK_DATA,33,https://github.com/uptowned/S4H_ZB_BANK_DATA,2024-10-23T07:56:26Z
ABAP-EXAMPLE,3271,https://github.com/Tmeler/ABAP-EXAMPLE,2024-10-13T21:12:00Z
Consume-Ext-API-ABAP-Cloud,5,https://github.com/Sadullah-TANRIKULU/Consume-Ext-API-ABAP-Cloud,2024-10-20T16:28:18Z
Abap_cloud,2,https://github.com/Vimadhook/Abap_cloud,2024-10-12T11:30:25Z
ZFI_SZ_REPORTINGDATA_EXPORT,6,https://github.com/hfumey1/ZFI_SZ_REPORTINGDATA_EXPORT,2024-10-11T06:57:50Z
kurfarki2,237,https://github.com/berksaldr/kurfarki2,2024-10-09T11:34:48Z
RAP100,17,https://github.com/superbet-arg/RAP100,2024-10-25T00:53:47Z
S4D430_ABAP,17,https://github.com/DasLama06/S4D430_ABAP,2024-10-10T12:09:46Z
WDYN_abap,11,https://github.com/abapGit-tests/WDYN_abap,2024-10-29T15:37:02Z
abapgit,1,https://github.com/yuebaixiao/abapgit,2024-10-16T02:37:10Z
TestADT,1,https://github.com/Sivaiah-Bhiragani/TestADT,2024-10-17T18:23:22Z
zmm_ptr,10,https://github.com/ajnarag25/zmm_ptr,2024-10-02T06:08:50Z
practicas_abap_cloud,2,https://github.com/afgv9345/practicas_abap_cloud,2024-10-29T21:47:48Z
abapgit1,2,https://github.com/puneetuxverse/abapgit1,2024-10-14T23:51:21Z
hello-world-abap,1,https://github.com/niladri30/hello-world-abap,2024-10-25T11:53:00Z
292-repoABAPCloud-labs,18,https://github.com/Logali-Group/292-repoABAPCloud-labs,2024-10-11T11:59:12Z
Dev4S4AbapCloud,2,https://github.com/AlcirTrainotti/Dev4S4AbapCloud,2024-10-19T20:11:30Z
sap-metrics,78,https://github.com/jkorzy/sap-metrics,2024-10-08T06:33:47Z
abap_cloud,2,https://github.com/Ann-a123/abap_cloud,2024-10-28T19:28:51Z
calisan-listesi-abap,72,https://github.com/etaspinar/calisan-listesi-abap,2024-10-03T07:23:00Z
MMApisAutomationSap,78,https://github.com/Vitor-Ueda/MMApisAutomationSap,2024-10-09T18:06:29Z
S4D430,20,https://github.com/mickburcksen/S4D430,2024-10-10T12:26:38Z
abapgit_test,3,https://github.com/Ben9ka/abapgit_test,2024-10-24T15:55:41Z
ABAP_ON_CLOUD,92,https://github.com/SmartyMcr/ABAP_ON_CLOUD,2024-10-28T09:26:01Z
abap_bc_ta,206,https://github.com/maishann/abap_bc_ta,2024-10-25T09:14:03Z
tofanGit,15,https://github.com/tofanmohapatra/tofanGit,2024-10-16T06:06:50Z
cloud_http_date,5,https://github.com/lars-kal/cloud_http_date,2024-10-14T15:05:12Z
abap_s4d430,14,https://github.com/Eliano2912/abap_s4d430,2024-10-10T11:57:45Z
Dev4S4AbapCloudAPI,18,https://github.com/AlcirTrainotti/Dev4S4AbapCloudAPI,2024-10-19T21:01:20Z
ABAP,2713,https://github.com/simatgai08/ABAP,2024-10-24T09:00:18Z
ZGCTS_REG_TEST,11,https://github.com/Likhitha999/ZGCTS_REG_TEST,2024-10-18T07:29:08Z
demoabap,1,https://github.com/rajrajesh44/demoabap,2024-10-22T06:57:26Z
BTPRAP,29,https://github.com/hemanthmannem/BTPRAP,2024-10-04T20:36:41Z
9aaf7ba6trial,27,https://github.com/iMilazzo/9aaf7ba6trial,2024-10-16T01:26:26Z
S4D430,18,https://github.com/Jan04-w/S4D430,2024-10-10T12:24:36Z
BTP_RAP,25,https://github.com/AxelPineda16/BTP_RAP,2024-10-30T20:49:33Z
mytestabapgit2,2,https://github.com/Hansa-sys/mytestabapgit2,2024-10-30T13:25:35Z
rappel_condition_contracts,4240,https://github.com/xavipuga/rappel_condition_contracts,2024-10-22T06:43:07Z
Carga-de-tabela-por-arquivo-excel,2,https://github.com/LilianRaissa/Carga-de-tabela-por-arquivo-excel,2024-10-29T20:32:58Z
test,2,https://github.com/FabioFinetti/test,2024-10-22T09:10:40Z
MY_SAP_Training_Packages,845,https://github.com/tutun2024/MY_SAP_Training_Packages,2024-10-31T21:59:30Z
Desenvolvimento-carga-MARC-via-TXT-com-manipulacao-direto-no-banco-de-dados,24,https://github.com/WesleyConstantino/Desenvolvimento-carga-MARC-via-TXT-com-manipulacao-direto-no-banco-de-dados,2024-10-03T18:36:43Z
AC_WERFEN_PUBLIC,14,https://github.com/amari2024/AC_WERFEN_PUBLIC,2024-10-09T10:47:07Z
ABAPTDDDemo,2,https://github.com/sensap/ABAPTDDDemo,2024-10-27T06:52:09Z
LearnAbap,0,https://github.com/pujikp/LearnAbap,2024-10-25T03:26:37Z
ADT_S4D430,4,https://github.com/0Hannes0/ADT_S4D430,2024-10-10T12:10:57Z
advanced_alv,4,https://github.com/ud39/advanced_alv,2024-10-28T19:26:15Z
abap_cloud,25,https://github.com/alejandraparis/abap_cloud,2024-10-30T20:22:15Z
S4D430,123,https://github.com/FrankWalterLG/S4D430,2024-10-07T12:59:59Z
ZGIT_CR4,3,https://github.com/Anirban-Royy/ZGIT_CR4,2024-10-14T11:48:33Z
Prorgammierprojekt_ABAP,11,https://github.com/Karnimani0907/Prorgammierprojekt_ABAP,2024-10-18T07:21:37Z
ZAT_SECTOOLS,259,https://github.com/hklein42/ZAT_SECTOOLS,2024-10-04T15:06:33Z
ABAP-BasicFinal,6,https://github.com/Buenors/ABAP-BasicFinal,2024-10-18T22:55:11Z
demo-openapi-abap-sdk,6,https://github.com/google-cloud-abap/demo-openapi-abap-sdk,2024-10-15T14:47:43Z
RAP_START,12,https://github.com/juergenbaur/RAP_START,2024-10-28T16:14:07Z
abap_report,5,https://github.com/sabarna17/abap_report,2024-10-17T02:05:16Z
sap_btp_rap,31,https://github.com/fvalenzuelaSoft/sap_btp_rap,2024-10-11T14:00:06Z
abap_cloud,2,https://github.com/julianfc10/abap_cloud,2024-10-08T18:35:05Z
abap_dynamic_class_generator,13,https://github.com/hypnosarg/abap_dynamic_class_generator,2024-10-04T11:51:49Z
ZRAP120_AGENCY_FMB,17,https://github.com/fredymb/ZRAP120_AGENCY_FMB,2024-10-30T15:37:27Z
GerardSAP,1,https://github.com/GerardMinari/GerardSAP,2024-10-15T17:15:51Z
learningRestful,37,https://github.com/anagarcigm/learningRestful,2024-10-08T09:01:03Z
kurfarki3,241,https://github.com/berksaldr/kurfarki3,2024-10-09T12:33:12Z
s4hana_to_cloud,2,https://github.com/Noushadmd/s4hana_to_cloud,2024-10-20T09:06:16Z
zpk_mrp_issue,11,https://github.com/jacekirlik/zpk_mrp_issue,2024-10-07T09:30:56Z
SSFO_abap,7,https://github.com/abapGit-tests/SSFO_abap,2024-10-29T20:54:15Z
ABAPConf-Presentations,333444,https://github.com/abapconf/ABAPConf-Presentations,2024-11-23T16:02:21Z
UMC_ABAP_CLOUD,11579,https://github.com/Lemontree1851/UMC_ABAP_CLOUD,2024-11-12T02:37:25Z
eSolutionsCloud0,7652,https://github.com/xmsadik/eSolutionsCloud0,2024-11-04T07:46:12Z
AoC2024,1104,https://github.com/fun-redoc/AoC2024,2024-11-30T08:17:42Z
ABAP_Dictionary,749,https://github.com/georgecatalin/ABAP_Dictionary,2024-11-18T09:09:01Z
artemest-edoc,610,https://github.com/gzambon72/artemest-edoc,2024-11-30T19:01:48Z
abap-rap-tutorial,540,https://github.com/Mikalai-Kazlou/abap-rap-tutorial,2024-11-08T07:33:39Z
ALV_Report_ValidationPDF_Associated_Order,548,https://github.com/Hcardenass/ALV_Report_ValidationPDF_Associated_Order,2024-11-29T19:41:01Z
ABAP_ALV,428,https://github.com/georgecatalin/ABAP_ALV,2024-11-18T09:17:03Z
spinatlasagne,369,https://github.com/sycorix/spinatlasagne,2024-11-21T12:07:43Z
API-REST-Basica-no-ABAP,357,https://github.com/GabrielCordeiroBarrosoTeles/API-REST-Basica-no-ABAP,2024-11-13T17:32:48Z
Ticket_Manager,347,https://github.com/BrunoVelascoBerenger/Ticket_Manager,2024-11-04T01:38:05Z
ZRETADD007,304,https://github.com/sretail/ZRETADD007,2024-11-08T08:17:51Z
kurfarki,249,https://github.com/xmsadik/kurfarki,2024-11-12T08:12:52Z
ZPRO_MM_IN_030_SOFOS,254,https://github.com/gabrielros/ZPRO_MM_IN_030_SOFOS,2024-11-07T02:26:34Z
abapEasyALV,229,https://github.com/Kaszub09/abapEasyALV,2024-11-18T13:04:25Z
zpci_mrpa,186,https://github.com/rammelbalagtas/zpci_mrpa,2024-11-13T21:23:30Z
gym_project,191,https://github.com/alexliviustefanescu/gym_project,2024-11-20T14:18:11Z
zac,154,https://github.com/abap-things/zac,2024-11-13T17:52:54Z
GVZ,228,https://github.com/LOEWEJAN/GVZ,2024-11-15T11:54:44Z
ALV-Multi-Visao,137,https://github.com/GabrielCordeiroBarrosoTeles/ALV-Multi-Visao,2024-11-12T17:41:25Z
abapDataToTableImport,136,https://github.com/Kaszub09/abapDataToTableImport,2024-11-18T13:05:03Z
abapclouddev,126,https://github.com/gopusrikanth04/abapclouddev,2024-11-29T07:13:24Z
11-Andrzejek,124,https://github.com/MichalBWLK/11-Andrzejek,2024-11-19T20:00:20Z
ALV-with-Forms,113,https://github.com/GabrielCordeiroBarrosoTeles/ALV-with-Forms,2024-11-12T14:42:13Z
ABAP_Code,88,https://github.com/niladri30/ABAP_Code,2024-11-14T09:16:04Z
CDS_Cheat_Sheets,87,https://github.com/R4F43LL-D3VB3GINN3R/CDS_Cheat_Sheets,2024-11-25T15:43:48Z
SAP-ABAP-reports,101,https://github.com/GregTakacsGergo/SAP-ABAP-reports,2024-11-21T12:16:14Z
SAP_RAP,88,https://github.com/vartemenkova672/SAP_RAP,2024-11-28T11:52:18Z
Anubhav_RAP,90,https://github.com/santoshsk926/Anubhav_RAP,2024-11-21T06:52:14Z
AbapCloud_I,79,https://github.com/jopellegrino/AbapCloud_I,2024-11-04T13:07:40Z
ABAP-Projects,69,https://github.com/jegadesh213/ABAP-Projects,2024-11-06T06:33:01Z
zzwms,74,https://github.com/tonyyang2024/zzwms,2024-11-13T02:55:32Z
Annexure,68,https://github.com/Ajay110125-A/Annexure,2024-11-04T08:51:30Z
ABAPConf24---UNIT-Test-Your-Business-Objects,4043,https://github.com/MaddinJay/ABAPConf24---UNIT-Test-Your-Business-Objects,2024-11-25T20:30:19Z
Advent-of-code-2024,62,https://github.com/MBartsch71/Advent-of-code-2024,2024-11-30T19:05:00Z
ABAP_BTP-REPOSITORY,83,https://github.com/JaimeRamirez1234/ABAP_BTP-REPOSITORY,2024-11-20T18:06:45Z
ABAP_CLOUD-RP-PRACTICE,81,https://github.com/JaimeRamirez1234/ABAP_CLOUD-RP-PRACTICE,2024-11-20T18:30:03Z
OdataStreamsRAP,51,https://github.com/rvrrpk/OdataStreamsRAP,2024-11-23T01:39:40Z
abap-odata-test,50,https://github.com/bluefunda/abap-odata-test,2024-11-04T17:55:31Z
ABAP-Conf-2024---UNIT-Test-your-Business-Objects,59,https://github.com/MaddinJay/ABAP-Conf-2024---UNIT-Test-your-Business-Objects,2024-11-24T13:42:03Z
ZRET0005,68,https://github.com/sretail/ZRET0005,2024-11-06T09:44:35Z
Paralelism_ABAP_Class,47,https://github.com/marianalarab/Paralelism_ABAP_Class,2024-11-16T16:41:22Z
ABAPCloud_HT,46,https://github.com/ThunderbtaBta/ABAPCloud_HT,2024-11-19T15:52:51Z
SAP-ABAP-on-Cloud-RESTFUL,52,https://github.com/brenomatias/SAP-ABAP-on-Cloud-RESTFUL,2024-11-14T16:59:27Z
Relatorio-Quantidade-Caixas-Pedido,34,https://github.com/GabrielCordeiroBarrosoTeles/Relatorio-Quantidade-Caixas-Pedido,2024-11-13T03:06:45Z
rap_travel_managed,36,https://github.com/Isra40/rap_travel_managed,2024-11-11T19:11:09Z
s4pc_rap_jeupl,32,https://github.com/reeei/s4pc_rap_jeupl,2024-11-19T02:05:43Z
SFLIGHT,31,https://github.com/AlvinOsterndorff/SFLIGHT,2024-11-27T20:20:13Z
KurFarki,36,https://github.com/gzmilgar/KurFarki,2024-11-26T16:49:42Z
Transport-Management-Tool,31,https://github.com/furkancosgun/Transport-Management-Tool,2024-11-25T18:49:49Z
advent-of-code-abap,31,https://github.com/tyler-q-kirkland/advent-of-code-abap,2024-11-15T05:34:26Z
exercism,41,https://github.com/CiozZ/exercism,2024-11-11T13:57:45Z
Mars-Rover-Kata,27,https://github.com/walibens/Mars-Rover-Kata,2024-11-08T12:26:21Z
abap-code-snippets,27,https://github.com/Xexer/abap-code-snippets,2024-11-04T19:41:37Z
raplearn,33,https://github.com/yuebaixiao/raplearn,2024-11-21T01:23:22Z
C316,35,https://github.com/asrraelmr/C316,2024-11-01T04:33:41Z
abap_cloud,25,https://github.com/JhoanRuiz/abap_cloud,2024-11-18T21:02:01Z
Z2805,29,https://github.com/vman76/Z2805,2024-11-25T19:53:35Z
lfet_demo02_risikoanalyse,20,https://github.com/Ennowulff/lfet_demo02_risikoanalyse,2024-11-14T20:22:44Z
ABAP-ZE,22,https://github.com/furkancosgun/ABAP-ZE,2024-11-13T17:52:40Z
ABAP-Projects,235,https://github.com/tamanish25/ABAP-Projects,2024-11-21T12:56:51Z
ABAP_TEST_CLASS_W_INTERFACE,17,https://github.com/marianalarab/ABAP_TEST_CLASS_W_INTERFACE,2024-11-16T18:02:34Z
ABAP_BENCH,20,https://github.com/Hir0ki/ABAP_BENCH,2024-11-02T23:00:12Z
sap_cloud,25,https://github.com/lsantos92/sap_cloud,2024-11-13T17:06:36Z
abap-conf-2024-abap-cloud,14,https://github.com/Xexer/abap-conf-2024-abap-cloud,2024-11-29T18:48:59Z
JIRA_US_AUTOMATICALLY,18,https://github.com/marianalarab/JIRA_US_AUTOMATICALLY,2024-11-16T18:45:17Z
ABAP_DEMO_WORKBENCH,14,https://github.com/sap-jay/ABAP_DEMO_WORKBENCH,2024-11-24T16:43:05Z
lfet_demo02_risikoanalyse_enum,34,https://github.com/Ennowulff/lfet_demo02_risikoanalyse_enum,2024-11-18T17:49:26Z
Classe-Abstrata,11,https://github.com/GabrielCordeiroBarrosoTeles/Classe-Abstrata,2024-11-14T16:46:17Z
Test-pogram,16,https://github.com/Raj860-pixel/Test-pogram,2024-11-06T07:12:41Z
actividades-abap,16,https://github.com/Will-Os/actividades-abap,2024-11-05T15:26:27Z
Interfaces-in-ABAP,10,https://github.com/GabrielCordeiroBarrosoTeles/Interfaces-in-ABAP,2024-11-14T17:56:03Z
ABAP-CodeHub,10,https://github.com/juliaRobertav/ABAP-CodeHub,2024-11-28T13:47:20Z
Billing-System,25,https://github.com/Jayasharma-79/Billing-System,2024-11-29T13:25:03Z
Encapsulamento-in-ABAP,9,https://github.com/GabrielCordeiroBarrosoTeles/Encapsulamento-in-ABAP,2024-11-14T16:29:32Z
abap_cloud,14,https://github.com/danimol84/abap_cloud,2024-11-06T20:54:29Z
abap-application-job-v2,7,https://github.com/Xexer/abap-application-job-v2,2024-11-20T15:16:40Z
Calcular-o-Dia-da-Semana-de-uma-Data,7,https://github.com/GabrielCordeiroBarrosoTeles/Calcular-o-Dia-da-Semana-de-uma-Data,2024-11-07T23:37:55Z
Abap_Atachments,10,https://github.com/R4F43LL-D3VB3GINN3R/Abap_Atachments,2024-11-18T19:03:54Z
Utilizando-HTML-em-um-Programa-ABAP,5,https://github.com/GabrielCordeiroBarrosoTeles/Utilizando-HTML-em-um-Programa-ABAP,2024-11-13T03:39:08Z
ALV-SIMPLES,5,https://github.com/GabrielCordeiroBarrosoTeles/ALV-SIMPLES,2024-11-18T16:34:18Z
abap-vde-atc-check,5,https://github.com/abap-tests-report/abap-vde-atc-check,2024-11-07T16:16:05Z
Polimorfismo,5,https://github.com/GabrielCordeiroBarrosoTeles/Polimorfismo,2024-11-14T17:16:23Z
ZEA_MDG,7,https://github.com/emrea99/ZEA_MDG,2024-11-05T12:46:46Z
DataWarehouse_SAPDataSphere,5,https://github.com/karampanah927/DataWarehouse_SAPDataSphere,2024-11-28T21:39:59Z
colbyAGExercise1,5,https://github.com/CXS427/colbyAGExercise1,2024-11-28T21:21:32Z
artista-musica-preferida,5,https://github.com/Iupina/artista-musica-preferida,2024-11-25T19:07:35Z
ABAPs-from-the-past,4,https://github.com/mvvasilyev/ABAPs-from-the-past,2024-11-14T21:40:42Z
VMAN_Cloud,7,https://github.com/vman76/VMAN_Cloud,2024-11-24T08:00:11Z
rbgrp-main,6,https://github.com/Ennowulff/rbgrp-main,2024-11-14T20:25:07Z
abap_cloud,10,https://github.com/77natas77/abap_cloud,2024-11-17T01:30:29Z
test,192,https://github.com/wpr321/test,2024-11-24T02:11:38Z
adt_backup,2,https://github.com/iulia-popa/adt_backup,2024-11-21T07:56:54Z
Tela-de-selecao,2,https://github.com/GabrielCordeiroBarrosoTeles/Tela-de-selecao,2024-11-08T17:10:54Z
dummy,3,https://github.com/MichalBWLK/dummy,2024-11-19T20:05:34Z
omar-tarenzi,2,https://github.com/omar-tarenzi/omar-tarenzi,2024-11-13T16:08:12Z
Harkesh-GHL,3,https://github.com/Harkesh-GHL/Harkesh-GHL,2024-11-15T07:05:13Z
ITAB_SUBSET_PERF_ABAP,6,https://github.com/Wuerzburger/ITAB_SUBSET_PERF_ABAP,2024-11-20T13:40:02Z
ABAP-Modeiro,1,https://github.com/GabrielCordeiroBarrosoTeles/ABAP-Modeiro,2024-11-12T22:31:33Z
FIELD-SYMBOLS-com-LOOP,1,https://github.com/GabrielCordeiroBarrosoTeles/FIELD-SYMBOLS-com-LOOP,2024-11-12T00:50:14Z
Conceito-de-classe_ABAP,1,https://github.com/GabrielCordeiroBarrosoTeles/Conceito-de-classe_ABAP,2024-11-04T20:02:07Z
ABAP-Local-Class,1,https://github.com/GabrielCordeiroBarrosoTeles/ABAP-Local-Class,2024-11-08T00:20:29Z
RANGES-Intervalos-de-valores,1,https://github.com/GabrielCordeiroBarrosoTeles/RANGES-Intervalos-de-valores,2024-11-12T02:26:55Z
Calc_media,1,https://github.com/GabrielCordeiroBarrosoTeles/Calc_media,2024-11-12T01:02:45Z
ABAPCloud,10,https://github.com/CCPCLOUD/ABAPCloud,2024-11-14T00:10:01Z
abap_scp,61,https://github.com/cesarbo0711/abap_scp,2024-11-09T17:06:39Z
Zrap_Logali,23,https://github.com/edsonporres/Zrap_Logali,2024-11-13T15:54:49Z
embedded-steampunk-enablement1,14,https://github.com/ivanradu/embedded-steampunk-enablement1,2024-11-08T13:29:36Z
kutuphane-sistemi,294,https://github.com/etaspinar/kutuphane-sistemi,2024-11-04T11:41:56Z
OAS_1,48,https://github.com/chanduBam/OAS_1,2024-11-21T08:48:25Z
LRN_S4D400,65,https://github.com/tutun2024/LRN_S4D400,2024-11-01T10:57:19Z
ALTRO_ICS,245,https://github.com/LeifJohannsen/ALTRO_ICS,2024-11-12T10:06:27Z
ABAP_rep,1,https://github.com/userariadna/ABAP_rep,2024-11-21T04:46:23Z
ABAP-on-HANA,278919,https://github.com/ashwwio/ABAP-on-HANA,2024-11-04T18:31:12Z
LRN_S4D400_EXERCISE,32,https://github.com/tutun2024/LRN_S4D400_EXERCISE,2024-11-01T11:37:52Z
abap_cloud,2,https://github.com/AngelsMarmol/abap_cloud,2024-11-14T09:49:15Z
abap_cloud,2,https://github.com/Ioda1967/abap_cloud,2024-11-02T06:08:13Z
abap_cloud,2,https://github.com/juanrodriguez598/abap_cloud,2024-11-21T20:00:29Z
CO_Kapanis_SARP,207,https://github.com/berksaldr/CO_Kapanis_SARP,2024-11-19T09:18:56Z
ABAP_RAP_Open_SAP,51,https://github.com/Alisonvini/ABAP_RAP_Open_SAP,2024-11-28T12:17:39Z
abap2ui5,1516,https://github.com/EperezLOGALI/abap2ui5,2024-11-14T15:29:25Z
myrapcode,1,https://github.com/chanduBam/myrapcode,2024-11-21T08:11:24Z
ZGITTEST2,27,https://github.com/jaganmukkamula/ZGITTEST2,2024-11-06T22:13:30Z
BTP_RAP,38,https://github.com/ja-olarte/BTP_RAP,2024-11-07T20:07:04Z
sapbtp,33,https://github.com/Christianfelipe100/sapbtp,2024-11-02T20:47:36Z
ABAP_SP00,56,https://github.com/rpexpra/ABAP_SP00,2024-11-09T01:24:00Z
context_menu_pushbutton,12,https://github.com/Ennowulff/context_menu_pushbutton,2024-11-26T18:53:23Z
edoc,46,https://github.com/gzambon72/edoc,2024-11-29T18:28:27Z
RAP_DEMO_SO,33,https://github.com/Battousai7th/RAP_DEMO_SO,2024-11-21T09:42:19Z
KeyMap,28,https://github.com/A-rgo/KeyMap,2024-11-22T19:33:08Z
LRN_MAIN,338,https://github.com/tutun2024/LRN_MAIN,2024-11-01T11:47:27Z
cadastraCEPBP,5,https://github.com/Wandersontr01/cadastraCEPBP,2024-11-18T17:27:56Z
abap_cloud,2,https://github.com/iscricardocastro/abap_cloud,2024-11-24T17:56:28Z
ZGTZ,58,https://github.com/mithun2806/ZGTZ,2024-11-22T11:06:14Z
Public_Cloud_Projects,32,https://github.com/NTTDataTR/Public_Cloud_Projects,2024-11-04T07:21:50Z
2024_11_03,1,https://github.com/dusansoko/2024_11_03,2024-11-13T16:36:03Z
zabapgit,2,https://github.com/akpathlock/zabapgit,2024-11-25T06:01:56Z
lfet-demo-lf01,8,https://github.com/Ennowulff/lfet-demo-lf01,2024-11-20T16:46:50Z
LRN_S4D400_DEMO_RAP,13,https://github.com/tutun2024/LRN_S4D400_DEMO_RAP,2024-11-01T11:34:00Z
CO_Kapanis_gCTS,208,https://github.com/berksaldr/CO_Kapanis_gCTS,2024-11-18T07:36:14Z
strategy,15,https://github.com/renanarrieiro/strategy,2024-11-27T00:34:13Z
ZFORMACAO2_SBX,10,https://github.com/R4F43LL-D3VB3GINN3R/ZFORMACAO2_SBX,2024-11-21T12:09:35Z
ZLEARNING,844,https://github.com/tutun2024/ZLEARNING,2024-11-01T11:49:59Z
zabapui5,3474,https://github.com/naokzu/zabapui5,2024-11-16T21:11:49Z
zeinvoice_new,21,https://github.com/khacduy95/zeinvoice_new,2024-11-19T04:18:33Z
SAP_ABAP_HANA,4,https://github.com/Shanmuga-raj/SAP_ABAP_HANA,2024-11-09T14:56:27Z
abap_scp,63,https://github.com/DiegoGorgojo/abap_scp,2024-11-05T07:47:56Z
abap_RAP,26,https://github.com/Jperezs6/abap_RAP,2024-11-08T16:39:24Z
rap_btp_project,107,https://github.com/Nguyen-Cao-Son/rap_btp_project,2024-11-15T15:50:40Z
abap_btp_scp,40,https://github.com/Andres-1970/abap_btp_scp,2024-11-06T14:59:33Z
LRN_S4D400_DEMO,33,https://github.com/tutun2024/LRN_S4D400_DEMO,2024-11-01T11:27:01Z
ABAP-REFLECTION,10,https://github.com/furkancosgun/ABAP-REFLECTION,2024-11-17T13:29:27Z
LRN_S4D400_EXERCISE_RAP,11,https://github.com/tutun2024/LRN_S4D400_EXERCISE_RAP,2024-11-01T11:43:44Z
Project_abapui5,6,https://github.com/naokzu/Project_abapui5,2024-11-09T13:15:13Z
ZTESTESKER,70,https://github.com/jaganmukkamula/ZTESTESKER,2024-11-12T17:45:18Z
Seidor_ABAP,932,https://github.com/Malvarez-Seidor/Seidor_ABAP,2024-11-27T16:42:18Z
demo-po-so-gemini,16,https://github.com/google-cloud-abap/demo-po-so-gemini,2024-11-04T15:23:49Z
CO_Kapanis,47,https://github.com/berksaldr/CO_Kapanis,2024-11-15T13:17:54Z
neptunesoftware-dxp-demo-launchpad-appearance-sapedition,30130,https://github.com/neptune-software-marketplace/neptunesoftware-dxp-demo-launchpad-appearance-sapedition,2024-12-20T09:36:11Z
SD-MM-MODULE,12472,https://github.com/SYNC5-Project-CL2/SD-MM-MODULE,2024-12-22T22:58:13Z
abap_library,8092,https://github.com/bharathi1294/abap_library,2024-12-30T13:49:07Z
llm_client,7954,https://github.com/abap-ai/llm_client,2024-12-29T12:15:00Z
Prom,6194,https://github.com/grillo8585/Prom,2024-12-21T18:07:53Z
abap-rap,5333,https://github.com/CaoQuocViet/abap-rap,2024-12-23T01:35:19Z
Swaraj_custom_devlopment,3028,https://github.com/Vinay876/Swaraj_custom_devlopment,2024-12-19T06:13:18Z
abapconf2024,2188,https://github.com/RegestaItalia/abapconf2024,2024-12-04T20:13:40Z
YNFT_IMPORT12,2425,https://github.com/xcersoylu/YNFT_IMPORT12,2024-12-19T20:16:58Z
YNFT_IMPORT11,1678,https://github.com/xcersoylu/YNFT_IMPORT11,2024-12-19T18:13:00Z
abap-rap-flight-booking,1225,https://github.com/CaoQuocViet/abap-rap-flight-booking,2024-12-26T13:43:33Z
ABAP_Practical-Learning,417,https://github.com/georgecatalin/ABAP_Practical-Learning,2024-12-03T07:37:07Z
24-02-SAP,360,https://github.com/seyxxn/24-02-SAP,2024-12-16T11:12:39Z
abap_excel,369,https://github.com/grillo8585/abap_excel,2024-12-15T20:33:20Z
CO_KAPANIS,314,https://github.com/gzmilgar/CO_KAPANIS,2024-12-21T08:43:43Z
sapbwpyexcel,248,https://github.com/seregavs/sapbwpyexcel,2024-12-29T13:45:21Z
abap-sistema-gestao-transportes,226,https://github.com/CarlosCamuzzi/abap-sistema-gestao-transportes,2024-12-28T13:46:38Z
btp_trial,210,https://github.com/HorizonLH/btp_trial,2024-12-26T10:02:15Z
DFHZZFICO,247,https://github.com/lzJiang/DFHZZFICO,2024-12-31T06:24:09Z
abap-estudo-geral,196,https://github.com/CarlosCamuzzi/abap-estudo-geral,2024-12-28T14:00:29Z
abapsnippets,227,https://github.com/seregavs/abapsnippets,2024-12-31T13:55:58Z
ZC8A017,179,https://github.com/OlegBash599/ZC8A017,2024-12-27T16:47:55Z
sap-carrier-mgmt,153,https://github.com/rushii1192/sap-carrier-mgmt,2024-12-16T14:09:12Z
DFHZZUI5,171,https://github.com/lzJiang/DFHZZUI5,2024-12-31T06:27:43Z
CDC-ZZAPI,137,https://github.com/AbleIsGood/CDC-ZZAPI,2024-12-31T04:28:33Z
chess-for-abap,135,https://github.com/manhofmann/chess-for-abap,2024-12-25T11:50:53Z
zrb_test,127,https://github.com/rammelbalagtas/zrb_test,2024-12-12T18:10:46Z
DFHZZSD,135,https://github.com/lzJiang/DFHZZSD,2024-12-31T06:27:26Z
Dynamic-Validation,124,https://github.com/Nagaraj121999/Dynamic-Validation,2024-12-21T15:00:09Z
projeto-abap-rap,122,https://github.com/abner-pereira/projeto-abap-rap,2024-12-10T02:05:16Z
ABAP-HTTP-Agent,116,https://github.com/abapPM/ABAP-HTTP-Agent,2024-12-05T09:38:43Z
Advent-of-Code-2024,114,https://github.com/dnlps96/Advent-of-Code-2024,2024-12-01T10:09:57Z
DFHZZAPI,145,https://github.com/lzJiang/DFHZZAPI,2024-12-31T03:40:49Z
testzpspkg,115,https://github.com/Praful32/testzpspkg,2024-12-05T07:23:34Z
ABAP-URL,115,https://github.com/abapPM/ABAP-URL,2024-12-19T06:02:02Z
ABAPAcceleratorLibrary,108,https://github.com/ArneVanHauwermeiren/ABAPAcceleratorLibrary,2024-12-14T15:38:05Z
DFHZZMM,134,https://github.com/lzJiang/DFHZZMM,2024-12-31T06:25:14Z
ABAP-Convert,95,https://github.com/abapPM/ABAP-Convert,2024-12-19T06:04:32Z
abapPM-Types,82,https://github.com/abapPM/abapPM-Types,2024-12-23T06:48:54Z
Internal-Sales-and-Purchasing-Process-and-Goods-Movement-Reporting,76,https://github.com/lethucthanhtu/Internal-Sales-and-Purchasing-Process-and-Goods-Movement-Reporting,2024-12-30T02:45:27Z
llm_client_tests,74,https://github.com/abap-ai/llm_client_tests,2024-12-29T12:29:05Z
Proyecto_01_LogaliAgora01,66,https://github.com/whooker07/Proyecto_01_LogaliAgora01,2024-12-17T20:08:56Z
aoc_24,65,https://github.com/UserGeorge24/aoc_24,2024-12-02T14:24:01Z
AOC2024,63,https://github.com/mgruber161/AOC2024,2024-12-01T16:31:48Z
ABAP-Projeto_Formacao,60,https://github.com/Hazzardbx/ABAP-Projeto_Formacao,2024-12-23T11:12:00Z
ABAP-Cloud-II,56,https://github.com/EnriqueIrala/ABAP-Cloud-II,2024-12-03T04:46:11Z
ZDL_RAP_DEMO_180,66,https://github.com/Alisonvini/ZDL_RAP_DEMO_180,2024-12-17T12:37:04Z
Acxiom,85,https://github.com/amankumar0808/Acxiom,2024-12-27T10:31:26Z
RAP110,51,https://github.com/SzabolcsWeyde/RAP110,2024-12-05T09:47:56Z
Advent_of_code_2024,47,https://github.com/ThomasFoehn/Advent_of_code_2024,2024-12-03T13:02:58Z
RAP-KADO-Package,76,https://github.com/Hamza-Kado/RAP-KADO-Package,2024-12-29T09:44:57Z
docker_abaps_01,44,https://github.com/EsteMaeLeo/docker_abaps_01,2024-12-02T03:11:52Z
dummy,42,https://github.com/R4F43LL-D3VB3GINN3R/dummy,2024-12-20T18:50:46Z
fiori_freestyle,38,https://github.com/seto013/fiori_freestyle,2024-12-04T18:55:46Z
DFHZZIMPORT,45,https://github.com/lzJiang/DFHZZIMPORT,2024-12-31T06:24:53Z
abap-poo,35,https://github.com/CarlosCamuzzi/abap-poo,2024-12-28T13:57:10Z
tl-ssm-alerts-integration-rest-client,36,https://github.com/simplicity-goodness-truth/tl-ssm-alerts-integration-rest-client,2024-12-20T14:34:13Z
Master_BTP_RAP,31,https://github.com/kmilo360/Master_BTP_RAP,2024-12-11T11:54:25Z
zmds_api,34,https://github.com/cadaxo/zmds_api,2024-12-09T20:59:32Z
Check_Material_Document,29,https://github.com/Kyle-940820/Check_Material_Document,2024-12-18T06:24:44Z
ABAP,34,https://github.com/arsiasmi/ABAP,2024-12-05T14:42:34Z
Create_Purchase_Request,35,https://github.com/Kyle-940820/Create_Purchase_Request,2024-12-18T05:32:51Z
AR_Clearing,25,https://github.com/Kyle-940820/AR_Clearing,2024-12-18T04:03:34Z
ValidateTransportRequest,19,https://github.com/abap-tests-report/ValidateTransportRequest,2024-12-17T10:03:09Z
ABAP-SNIFFER,27,https://github.com/furkancosgun/ABAP-SNIFFER,2024-12-01T10:29:20Z
Verify_Invoice,19,https://github.com/Kyle-940820/Verify_Invoice,2024-12-18T06:17:35Z
abap_cloud,24,https://github.com/BetoLara/abap_cloud,2024-12-25T02:46:15Z
rap_travel_app,17,https://github.com/prabhatpathania/rap_travel_app,2024-12-10T23:14:19Z
sap-abap-trial,22,https://github.com/Coder-X27/sap-abap-trial,2024-12-24T13:52:31Z
Billing,18,https://github.com/Kyle-940820/Billing,2024-12-18T05:13:19Z
ABAP-MATRIX,22,https://github.com/furkancosgun/ABAP-MATRIX,2024-12-09T16:14:33Z
package-zrendra-SDS,21,https://github.com/alenkarendra/package-zrendra-SDS,2024-12-05T08:10:16Z
order-management,17,https://github.com/enesrecepcinar/order-management,2024-12-03T17:16:33Z
rap-action-deep-backend,25,https://github.com/miyasuta/rap-action-deep-backend,2024-12-23T21:29:30Z
Material_Master_CRUD,19,https://github.com/Kyle-940820/Material_Master_CRUD,2024-12-18T05:22:14Z
abap-cloud-ZDD_T100631,20,https://github.com/GISR89/abap-cloud-ZDD_T100631,2024-12-23T17:53:51Z
Material_Master_Excel_Upload,13,https://github.com/Kyle-940820/Material_Master_Excel_Upload,2024-12-18T05:28:18Z
adventofcode2024,14,https://github.com/AdriSchmi/adventofcode2024,2024-12-02T16:00:31Z
ASEPL_Certif_Practical_part,14,https://github.com/walibens/ASEPL_Certif_Practical_part,2024-12-03T14:05:28Z
sap_cloud,11,https://github.com/namdq-2825/sap_cloud,2024-12-24T12:57:27Z
UI5RAP_Backend,14,https://github.com/Neu2ro/UI5RAP_Backend,2024-12-17T14:58:20Z
advent2024,12,https://github.com/npollender/advent2024,2024-12-05T14:33:39Z
SAP-RAP-EXAMPLE,11,https://github.com/joaomfariia/SAP-RAP-EXAMPLE,2024-12-26T20:33:21Z
grocery-steamPunk_ABAP,20,https://github.com/Isaac-code-star/grocery-steamPunk_ABAP,2024-12-18T16:16:12Z
HTTP,6,https://github.com/abapGit-tests/HTTP,2024-12-05T22:29:53Z
Learn-ABAP,9,https://github.com/iqbalnurakbar/Learn-ABAP,2024-12-03T02:28:50Z
ABAP-AGORA,4,https://github.com/EnriqueIrala/ABAP-AGORA,2024-12-03T04:54:11Z
ABAP-Learning,270,https://github.com/JoanJP/ABAP-Learning,2024-12-03T02:31:30Z
cloud_trial,7,https://github.com/jjmolinaicm/cloud_trial,2024-12-04T16:47:34Z
ABAP-Test,4,https://github.com/miggi92/ABAP-Test,2024-12-03T13:43:38Z
ABAP-Cloud,3,https://github.com/Herygzz/ABAP-Cloud,2024-12-27T16:50:54Z
abap_cloud,2,https://github.com/benavente-Juanjo/abap_cloud,2024-12-10T12:38:17Z
CRUDQ_ABAP,3,https://github.com/gomege/CRUDQ_ABAP,2024-12-30T11:45:05Z
Prueba,11,https://github.com/Hectorgf045/Prueba,2024-12-19T19:44:17Z
abap_cloud,7,https://github.com/ceasinter/abap_cloud,2024-12-25T00:32:26Z
CursoLogali_Agora01,6,https://github.com/whooker07/CursoLogali_Agora01,2024-12-17T13:07:36Z
clones_rep,7,https://github.com/Thanos-lab/clones_rep,2024-12-19T16:33:27Z
Manifest,67,https://github.com/Nandhinita/Manifest,2024-12-26T06:23:00Z
logali_ZCUSTOM_ACCESS_HML,6,https://github.com/hjmartinez913/logali_ZCUSTOM_ACCESS_HML,2024-12-25T01:39:23Z
ABAP_GIT,78,https://github.com/klp-git/ABAP_GIT,2024-12-30T11:19:11Z
GIT_CLASS,2,https://github.com/ARUNJEYARATCHAKAN/GIT_CLASS,2024-12-27T11:55:36Z
SAPLABS,5,https://github.com/CarlosJAvelino/SAPLABS,2024-12-20T18:41:48Z
CO_Kapanis_gCTS-main,205,https://github.com/gzmilgar/CO_Kapanis_gCTS-main,2024-12-21T08:50:09Z
ABAP_prueba,2,https://github.com/Mr-Gorilo/ABAP_prueba,2024-12-30T18:54:09Z
TestUserRAP,37,https://github.com/gsn2121/TestUserRAP,2024-12-15T21:28:27Z
RAP400,50,https://github.com/SzabolcsWeyde/RAP400,2024-12-16T14:33:45Z
abap_cloud,11,https://github.com/klp-git/abap_cloud,2024-12-30T12:05:00Z
RAP-test,24,https://github.com/BiplabRay/RAP-test,2024-12-21T07:48:59Z
clase,9,https://github.com/silvia1414/clase,2024-12-19T19:19:38Z
ZSTORE2DMS,37,https://github.com/javs12-87/ZSTORE2DMS,2024-12-05T04:02:51Z
Resource-Profitability,160,https://github.com/Nandhinita/Resource-Profitability,2024-12-26T05:37:11Z
clone_rep_02,6,https://github.com/Thanos-lab/clone_rep_02,2024-12-19T16:44:22Z
DHFZZPP,80,https://github.com/lzJiang/DHFZZPP,2024-12-31T06:25:56Z
AU_FIX,122,https://github.com/Chris-anderson1224/AU_FIX,2024-12-02T20:42:04Z
GET_WF_ATT,9,https://github.com/javs12-87/GET_WF_ATT,2024-12-05T04:05:17Z
edu-rap-02-02,8,https://github.com/EzorHub/edu-rap-02-02,2024-12-16T05:35:41Z
UAT,2,https://github.com/mergenhan/UAT,2024-12-10T09:39:02Z
logali_ZLOGALI_POO_HML,49,https://github.com/hjmartinez913/logali_ZLOGALI_POO_HML,2024-12-25T02:00:45Z
ABAP-DID-YOU-MEAN,9,https://github.com/furkancosgun/ABAP-DID-YOU-MEAN,2024-12-02T16:32:04Z
ABAP_Upload_Price,22,https://github.com/irwanrohman/ABAP_Upload_Price,2024-12-02T01:51:33Z
zmarketrates,11,https://github.com/javs12-87/zmarketrates,2024-12-05T00:47:12Z
zfio_odata_unassign,14,https://github.com/javs12-87/zfio_odata_unassign,2024-12-05T01:25:15Z
Tedarikci-ve-Talep-Yonetim-Sistemi,9,https://github.com/enesrecepcinar/Tedarikci-ve-Talep-Yonetim-Sistemi,2024-12-04T13:37:49Z
navarra-btp,2,https://github.com/aancos/navarra-btp,2024-12-12T09:13:06Z
aoc2024,31,https://github.com/HiWiSciFi/aoc2024,2024-12-08T14:17:35Z
abap_cloud,7,https://github.com/KeylyEsp/abap_cloud,2024-12-17T22:08:06Z
TEST_AGORA,2,https://github.com/EnriqueIrala/TEST_AGORA,2024-12-17T13:07:34Z
abapgittest,2,https://github.com/JoseMejia/abapgittest,2024-12-20T08:35:57Z
claseDaniel,4,https://github.com/Cesar200213/claseDaniel,2024-12-19T19:21:36Z
btp_trial_cloud,2,https://github.com/marce26/btp_trial_cloud,2024-12-13T01:44:47Z
test_marcus_01,1,https://github.com/c4sousasilva/test_marcus_01,2024-12-11T14:55:45Z
ABAP-Cloud-I,21,https://github.com/EnriqueIrala/ABAP-Cloud-I,2024-12-03T04:25:41Z
ZTESTS_I834429,63,https://github.com/javs12-87/ZTESTS_I834429,2024-12-05T04:07:58Z
ABAP_scripts-,1,https://github.com/userariadna/ABAP_scripts-,2024-12-08T22:51:21Z
test_marcus_02,0,https://github.com/c4sousasilva/test_marcus_02,2024-12-11T16:20:41Z
advent-of-code,5,https://github.com/ValKoroliuk/advent-of-code,2024-12-05T21:32:37Z
dataimportsystem_op,57,https://github.com/haihuazhang/dataimportsystem_op,2024-12-19T01:46:38Z
ABAP_HTML_MAILER,13,https://github.com/intese/ABAP_HTML_MAILER,2024-12-05T14:18:46Z
S4PC_RAP_JournalEntryMassUpload,41,https://github.com/reeei/S4PC_RAP_JournalEntryMassUpload,2024-12-03T07:14:03Z
flp_plugin_header_new_BES,6,https://github.com/javs12-87/flp_plugin_header_new_BES,2024-12-05T00:48:12Z
ZAPI_INTEGRATIONS,4,https://github.com/javs12-87/ZAPI_INTEGRATIONS,2024-12-05T04:08:39Z
ABAP,11,https://github.com/DanmyrMR/ABAP,2024-12-16T11:35:50Z
swaraj_ZC001,17,https://github.com/sagarshriwastav/swaraj_ZC001,2024-12-06T05:15:33Z
ZEXCELUPLOAD,22,https://github.com/javs12-87/ZEXCELUPLOAD,2024-12-05T03:59:35Z
ZABAP_DOCS,38,https://github.com/javs12-87/ZABAP_DOCS,2024-12-05T04:04:15Z
navarra-abap,2,https://github.com/aancos/navarra-abap,2024-12-12T09:04:34Z
zgtz_salesRegister,23,https://github.com/apratimkanth2002/zgtz_salesRegister,2024-12-26T06:28:25Z
DFHZZCOM,5,https://github.com/lzJiang/DFHZZCOM,2024-12-31T06:23:40Z
ABAP_Repositorio,16,https://github.com/reivaj7/ABAP_Repositorio,2024-12-08T09:35:43Z
abap-cloud-demo,1,https://github.com/elvisseguraa/abap-cloud-demo,2024-12-06T22:54:14Z
abaptest,1,https://github.com/JoseMejia/abaptest,2024-12-18T11:24:18Z
abapbtphcm_fixedasset,26,https://github.com/reeei/abapbtphcm_fixedasset,2024-12-17T01:55:59Z
lib_management,58,https://github.com/NhatDuyPham/lib_management,2024-12-10T12:07:23Z
test_dcx_aoc,58,https://github.com/soyuztechnologies/test_dcx_aoc,2024-12-13T04:44:32Z
ZFIXEDASSET,9,https://github.com/javs12-87/ZFIXEDASSET,2024-12-05T04:09:21Z
ZNAGG_SAP202412,2,https://github.com/armandola1281/ZNAGG_SAP202412,2024-12-20T19:07:59Z
ABAPTravelApp,26,https://github.com/Keal57/ABAPTravelApp,2024-12-26T11:39:23Z
SAP2,4,https://github.com/silvia1414/SAP2,2024-12-26T09:23:03Z
abap_cloud,9,https://github.com/Mr-Gorilo/abap_cloud,2024-12-30T18:22:40Z
ZGET_ATT_CLOUD,4,https://github.com/javs12-87/ZGET_ATT_CLOUD,2024-12-05T04:07:16Z
test,930,https://github.com/souravsingh31/test,2024-12-03T02:14:11Z
DFHZZQM,28,https://github.com/lzJiang/DFHZZQM,2024-12-31T06:27:02Z
sm_s4h23_public,5,https://github.com/srimareedu/sm_s4h23_public,2024-12-12T17:16:08Z
logali_ZVIRTUALIZATION_HML,7,https://github.com/hjmartinez913/logali_ZVIRTUALIZATION_HML,2024-12-25T02:14:08Z
ZSALES_INTEGRATION,15,https://github.com/javs12-87/ZSALES_INTEGRATION,2024-12-05T04:01:42Z
abapbtphcm_abapAPIODataV4UI-,127,https://github.com/reeei/abapbtphcm_abapAPIODataV4UI-,2024-12-17T01:41:41Z
ZTEST6,1,https://github.com/venkatui5github/ZTEST6,2024-12-17T01:08:03Z
RAP-Project,29,https://github.com/HuseyinSENER16/RAP-Project,2024-12-11T12:10:39Z
zrap100,19,https://github.com/ignasiak-tomasz/zrap100,2024-12-11T10:44:21Z
DFHZZPRINT,28,https://github.com/lzJiang/DFHZZPRINT,2024-12-31T06:26:38Z
FLPcustom_login,28011,https://github.com/javs12-87/FLPcustom_login,2024-12-05T01:21:00Z
flp_plugin_header_new_BES_Steampunk,3,https://github.com/javs12-87/flp_plugin_header_new_BES_Steampunk,2024-12-05T00:49:30Z
TEST,64,https://github.com/BorisKosolapov/TEST,2024-12-12T17:18:55Z
RAP-UNMANAGED,24,https://github.com/Navjot-Singh718/RAP-UNMANAGED,2024-12-09T07:28:02Z
test_marcus,1,https://github.com/c4sousasilva/test_marcus,2024-12-11T14:34:05Z
EMPLOYEE_LOG,4,https://github.com/saravanan27-learner/EMPLOYEE_LOG,2024-12-21T08:13:41Z
flp_plugin_sys_msg,6,https://github.com/javs12-87/flp_plugin_sys_msg,2024-12-05T00:41:13Z
abap-cloud-samples,17,https://github.com/Gauthham/abap-cloud-samples,2024-12-18T08:21:59Z
exercism,13508,https://github.com/canery2/exercism,2025-01-27T05:34:53Z
abap-workshop,5700,https://github.com/Lealwbs/abap-workshop,2025-01-20T21:40:10Z
ABAP,5570,https://github.com/SuellenMiranda/ABAP,2025-01-31T23:00:02Z
abapEasyDev,3850,https://github.com/Kaszub09/abapEasyDev,2025-01-08T08:33:11Z
SAP_TUM_AEM_Config,2630,https://github.com/AchiTsa/SAP_TUM_AEM_Config,2025-01-23T15:16:51Z
sync,2108,https://github.com/ellinlee/sync,2025-01-02T03:48:29Z
WIN-YAZ-PUBLIC-REPOSITORY-,718,https://github.com/YazhiniWIN/WIN-YAZ-PUBLIC-REPOSITORY-,2025-01-27T02:09:15Z
list-report-travel-app,333,https://github.com/rafinika/list-report-travel-app,2025-01-15T10:10:15Z
test,309,https://github.com/974758241/test,2025-01-02T03:05:49Z
ZD0624ARV,488,https://github.com/vartemenkova672/ZD0624ARV,2025-01-23T12:14:09Z
SAP-Thesis,100455,https://github.com/ThanhPhong31/SAP-Thesis,2025-01-17T17:03:28Z
GctsGit,176,https://github.com/NagaRaju2003/GctsGit,2025-01-13T12:37:35Z
cds_rap,162,https://github.com/heriyantoliu/cds_rap,2025-01-15T07:25:44Z
Debitnote_PRD,145,https://github.com/Nandhinita/Debitnote_PRD,2025-01-21T04:16:28Z
abap-fiori,127,https://github.com/CarlosCamuzzi/abap-fiori,2025-01-22T00:38:17Z
DFHZZSD_EN,129,https://github.com/lzJiang/DFHZZSD_EN,2025-01-01T13:04:40Z
abap-project-simple-groceries,100,https://github.com/rafinika/abap-project-simple-groceries,2025-01-13T11:12:36Z
hdbsql,111,https://github.com/seregavs/hdbsql,2025-01-02T09:45:45Z
ZKRK_GCTS_OBJ_TST,113,https://github.com/ravikishore1979/ZKRK_GCTS_OBJ_TST,2025-01-17T05:27:42Z
DFHZZAPI_EN,123,https://github.com/lzJiang/DFHZZAPI_EN,2025-01-01T12:18:55Z
Z_AFR_CLOUD_PRUCASA,139,https://github.com/ArmandoFR72/Z_AFR_CLOUD_PRUCASA,2025-01-22T23:18:11Z
abap_crmms,93,https://github.com/wolfsolver/abap_crmms,2025-01-30T20:26:47Z
curso-fiori-freestyle-backend,85,https://github.com/Jean-Carlo-Torres/curso-fiori-freestyle-backend,2025-01-20T14:10:21Z
SOLMAN_GIT_INT,82,https://github.com/Chupakebr/SOLMAN_GIT_INT,2025-01-17T22:14:54Z
zee_p_01,279,https://github.com/emreeyi/zee_p_01,2025-01-30T10:34:31Z
rap-bo-with-foreign-bo,73,https://github.com/abap-tests-report/rap-bo-with-foreign-bo,2025-01-24T07:58:30Z
einv_demo,140,https://github.com/KZLonge/einv_demo,2025-01-14T07:08:10Z
DOS_SupplierDeliveryDate,68,https://github.com/eoud/DOS_SupplierDeliveryDate,2025-01-23T09:45:30Z
mirror-srtti,64,https://github.com/abap2UI5/mirror-srtti,2025-01-29T12:22:59Z
ABAP_Program,63,https://github.com/MarkWuRY168/ABAP_Program,2025-01-03T01:40:29Z
service-priority,55,https://github.com/edmilson-nascimento/service-priority,2025-01-06T12:45:50Z
ABAP_OrderApp_RAP,59,https://github.com/Sharmila-1812/ABAP_OrderApp_RAP,2025-01-24T10:37:22Z
DYNAMIC_DATA,53,https://github.com/Jack-Liang/DYNAMIC_DATA,2025-01-20T01:33:12Z
DFHZZMM_EN,100,https://github.com/lzJiang/DFHZZMM_EN,2025-01-01T13:02:04Z
sureshgctsrepo,53,https://github.com/suresh1git/sureshgctsrepo,2025-01-21T09:32:02Z
abap-xco-examples,38,https://github.com/Xexer/abap-xco-examples,2025-01-20T17:53:03Z
abap_exercises,36,https://github.com/appenmaier/abap_exercises,2025-01-22T10:12:32Z
BasicABAP,52,https://github.com/CodeSAPWithNikhil/BasicABAP,2025-01-15T11:42:06Z
Mvc-Pattern,26,https://github.com/Devs-Iaspire/Mvc-Pattern,2025-01-14T13:29:22Z
SAPBatchJobMonitorFramework,27,https://github.com/tuliolc/SAPBatchJobMonitorFramework,2025-01-12T15:14:06Z
ABAP_CLOUD_LAB_03,28,https://github.com/amundarain/ABAP_CLOUD_LAB_03,2025-01-23T21:13:01Z
C24C311,23,https://github.com/Logali-Group/C24C311,2025-01-18T21:36:44Z
ENTRENAMIENTO_MYM,33,https://github.com/Melamunoz223/ENTRENAMIENTO_MYM,2025-01-20T16:11:54Z
Proyecto-Sales-Order-,31,https://github.com/fabris30/Proyecto-Sales-Order-,2025-01-20T19:21:13Z
SecondGCTS,28,https://github.com/Anudeepika-30/SecondGCTS,2025-01-22T13:51:40Z
llm_agent,19,https://github.com/abap-ai/llm_agent,2025-01-12T20:49:21Z
ABAP-Objects,28,https://github.com/ivyprotech/ABAP-Objects,2025-01-24T06:46:31Z
gcts_repo,23,https://github.com/Darsh99124/gcts_repo,2025-01-24T14:19:33Z
ABAP_CLOUD_LAB_02,18,https://github.com/amundarain/ABAP_CLOUD_LAB_02,2025-01-03T23:46:35Z
ABAP_Cloud,20,https://github.com/yamivill/ABAP_Cloud,2025-01-19T00:55:11Z
zha_rest,20,https://github.com/plato79/zha_rest,2025-01-06T13:22:35Z
ABAP_skills,15,https://github.com/gomege/ABAP_skills,2025-01-07T20:18:48Z
TEST_BIDONE,14,https://github.com/Damcom/TEST_BIDONE,2025-01-29T09:40:47Z
abap-primeiro-projeto,14,https://github.com/tiagobernard/abap-primeiro-projeto,2025-01-03T00:26:27Z
abap_learn_jrn,23,https://github.com/abhijitgit/abap_learn_jrn,2025-01-30T11:02:10Z
gcts-test,12,https://github.com/anamateusa2pp/gcts-test,2025-01-31T15:24:28Z
ZCC4AZCODE_PAL,70,https://github.com/vinhvohoang/ZCC4AZCODE_PAL,2025-01-23T15:58:18Z
gcts_test,14,https://github.com/Darsh99124/gcts_test,2025-01-28T09:42:33Z
abap_cloud,15,https://github.com/felixlamus/abap_cloud,2025-01-14T17:59:55Z
abap-ZABAPCLOUD_SQL_0631,15,https://github.com/GISR89/abap-ZABAPCLOUD_SQL_0631,2025-01-17T22:50:35Z
unmanaged-list-report-travel-app,26,https://github.com/rafinika/unmanaged-list-report-travel-app,2025-01-23T14:03:41Z
abap-ancSGE,10,https://github.com/a01n01c/abap-ancSGE,2025-01-08T18:09:08Z
abap_flight_classes,19,https://github.com/AlexOwcharow/abap_flight_classes,2025-01-22T15:57:28Z
ABAP_Cloud,15,https://github.com/batmonty81/ABAP_Cloud,2025-01-15T23:21:04Z
abap-xml-renderer,10,https://github.com/whothefluff/abap-xml-renderer,2025-01-11T21:58:58Z
abap-example,11,https://github.com/learnin/abap-example,2025-01-31T13:41:08Z
abap_cloud,9,https://github.com/Ronimarcos/abap_cloud,2025-01-24T15:56:58Z
ABAP_CLOUD,9,https://github.com/amundarain/ABAP_CLOUD,2025-01-03T23:22:41Z
abap_rap,9,https://github.com/namdq-2825/abap_rap,2025-01-08T02:20:14Z
ZOCT_FI_FATOR_VENCIMENTO,8,https://github.com/eduoct/ZOCT_FI_FATOR_VENCIMENTO,2025-01-31T21:09:21Z
algoritmos,7,https://github.com/Iupina/algoritmos,2025-01-22T02:34:04Z
a2ui5_dynpro_sample,7,https://github.com/christianguenter2/a2ui5_dynpro_sample,2025-01-15T12:48:46Z
abap_cloud,9,https://github.com/milagroscm/abap_cloud,2025-01-17T20:32:22Z
Zfab2,6,https://github.com/fabiocerioni/Zfab2,2025-01-20T16:22:40Z
SGE_DataTable,6,https://github.com/anamprc/SGE_DataTable,2025-01-20T14:58:49Z
llm_agent_tests,6,https://github.com/abap-ai/llm_agent_tests,2025-01-12T20:50:52Z
ECLIPSE_ABAP_TEMPLATES,6,https://github.com/intese/ECLIPSE_ABAP_TEMPLATES,2025-01-31T10:30:30Z
extension-list-report-travel-app,5,https://github.com/rafinika/extension-list-report-travel-app,2025-01-25T16:06:17Z
InsertDocumentInOrderWithGOS,7,https://github.com/Vitor-Ueda/InsertDocumentInOrderWithGOS,2025-01-31T02:43:41Z
ZGCTS_TEST1,4,https://github.com/fgalastri/ZGCTS_TEST1,2025-01-11T15:40:12Z
ABAP-File-Processing-Optimization,3,https://github.com/HTS-CEO/ABAP-File-Processing-Optimization,2025-01-15T05:49:53Z
abap-cheat-sheet,3,https://github.com/bztoy/abap-cheat-sheet,2025-01-04T08:17:58Z
qoabap_cloud,13,https://github.com/QoaHub/qoabap_cloud,2025-01-30T22:12:13Z
ABAP-EXAMPLEs,5,https://github.com/seyfullah-kizilkaya/ABAP-EXAMPLEs,2025-01-14T22:57:33Z
ABAP_CLOUD,12,https://github.com/jpdelcampo/ABAP_CLOUD,2025-01-15T13:58:49Z
ABAP_CLOUD,7,https://github.com/Jem26509/ABAP_CLOUD,2025-01-20T22:37:41Z
Abap_performance_tests,6,https://github.com/cfruhauf1/Abap_performance_tests,2025-01-14T09:51:55Z
teste_abap_gui_002,3,https://github.com/c4sousasilva/teste_abap_gui_002,2025-01-21T16:47:32Z
AbapToTheFuture4,3,https://github.com/Leo-CF/AbapToTheFuture4,2025-01-22T12:44:47Z
Inicial,1,https://github.com/hille13/Inicial,2025-01-15T18:45:02Z
myfirst_rep,3,https://github.com/mafika/myfirst_rep,2025-01-18T17:41:01Z
testeAbapGit,36,https://github.com/FelipeCalhesNumen/testeAbapGit,2025-01-03T14:33:24Z
teste_abap_gui_009,12,https://github.com/c4sousasilva/teste_abap_gui_009,2025-01-29T16:42:44Z
ZCOREVIST_TEST,3,https://github.com/fgalastri/ZCOREVIST_TEST,2025-01-10T22:35:09Z
WIN-REPOSITORY-PUBLIC,24,https://github.com/YazhiniWIN/WIN-REPOSITORY-PUBLIC,2025-01-27T08:24:22Z
GESTION-EMPRESARIAL,1,https://github.com/Leolind1/GESTION-EMPRESARIAL,2025-01-09T19:58:42Z
ZGITUHUB,3,https://github.com/Shreyaarya08/ZGITUHUB,2025-01-28T06:59:04Z
RAP-determine-action-executed-twice,6,https://github.com/abap-tests-report/RAP-determine-action-executed-twice,2025-01-08T10:42:49Z
zgateentry,29,https://github.com/Neelam-goyal/zgateentry,2025-01-30T11:34:00Z
teste_abap_gui_007,3,https://github.com/c4sousasilva/teste_abap_gui_007,2025-01-22T16:11:59Z
saptest,7,https://github.com/703552/saptest,2025-01-15T07:00:07Z
abap_cloud,2,https://github.com/robertomejia22/abap_cloud,2025-01-10T21:01:10Z
ABAP-Projetos,2,https://github.com/rp-honorato/ABAP-Projetos,2025-01-20T16:00:39Z
Abap-Cloud-Practica-VC,2,https://github.com/VilmarysC/Abap-Cloud-Practica-VC,2025-01-15T14:02:28Z
RAP400,49,https://github.com/AnsgarLichter/RAP400,2025-01-10T15:00:19Z
rap_courier,38,https://github.com/KrishilShah/rap_courier,2025-01-22T14:57:59Z
ABAP,9,https://github.com/Manuinvictus/ABAP,2025-01-04T23:39:17Z
ZRAP620,24,https://github.com/vicenterj1/ZRAP620,2025-01-28T17:08:57Z
teste_abap_gui_008,0,https://github.com/c4sousasilva/teste_abap_gui_008,2025-01-28T18:16:54Z
WIN-DEMO-PUBLIC-REPOCITORY-,12,https://github.com/YazhiniWIN/WIN-DEMO-PUBLIC-REPOCITORY-,2025-01-27T12:48:47Z
zcodepal,186,https://github.com/vinhvosap/zcodepal,2025-01-24T05:38:48Z
ABAP-Classes2,5,https://github.com/Cesar200213/ABAP-Classes2,2025-01-21T18:29:32Z
teste_abap_gui_005,2,https://github.com/c4sousasilva/teste_abap_gui_005,2025-01-22T14:24:48Z
SGE,10,https://github.com/J-Leri/SGE,2025-01-03T18:10:18Z
Sap-Abap-Restful-App,4,https://github.com/emrekaygili/Sap-Abap-Restful-App,2025-01-24T13:08:12Z
308-ABAP-On-Premise,15,https://github.com/Logali-Group/308-ABAP-On-Premise,2025-01-14T13:13:12Z
abapGitTest,16,https://github.com/Vprado01/abapGitTest,2025-01-21T14:56:16Z
abap_cloud,2,https://github.com/migueltecillo/abap_cloud,2025-01-24T19:02:46Z
abap_cloud,2,https://github.com/chpenaf/abap_cloud,2025-01-06T16:07:02Z
abapGit,3,https://github.com/aarnapant-sap/abapGit,2025-01-03T08:48:46Z
SGE,10,https://github.com/anamprc/SGE,2025-01-03T18:28:09Z
2hv,10,https://github.com/Alvaro2K/2hv,2025-01-10T18:00:28Z
CustomEntityDemo,10,https://github.com/CodeSAPWithNikhil/CustomEntityDemo,2025-01-15T12:01:43Z
995-01-fullstack3,29,https://github.com/WriveraLogali/995-01-fullstack3,2025-01-13T16:06:42Z
teste_abap_gui_006,2,https://github.com/c4sousasilva/teste_abap_gui_006,2025-01-22T14:47:42Z
lucy_abap_1,27,https://github.com/tuannm-2866/lucy_abap_1,2025-01-08T07:21:23Z
DFHZZPP_EN,76,https://github.com/lzJiang/DFHZZPP_EN,2025-01-01T13:03:09Z
ABAP-ZBACKGROUND_DEBUGGER,29,https://github.com/asabino2/ABAP-ZBACKGROUND_DEBUGGER,2025-01-23T16:29:53Z
MARK_RPS02,2,https://github.com/Markntt/MARK_RPS02,2025-01-22T06:46:07Z
996-01-ABAP-CL1,11,https://github.com/Logali-Group/996-01-ABAP-CL1,2025-01-08T19:21:44Z
ABAP-Classes,5,https://github.com/Hectorgf045/ABAP-Classes,2025-01-17T18:07:45Z
UD4_PT4_ABAP,5,https://github.com/silvia1414/UD4_PT4_ABAP,2025-01-21T15:48:52Z
abap_cloud,2,https://github.com/mmorcillon/abap_cloud,2025-01-04T09:20:00Z
ttt_game,3,https://github.com/lgon070/ttt_game,2025-01-29T01:51:37Z
UD4_PT4_ABAPClasses,5,https://github.com/silvia1414/UD4_PT4_ABAPClasses,2025-01-21T18:29:37Z
abap_cloud_3,9,https://github.com/namdq-2825/abap_cloud_3,2025-01-22T02:08:59Z
SAP_Test,3,https://github.com/IftekherFahim27/SAP_Test,2025-01-23T04:35:38Z
Flight-Search-System-ABAP,11,https://github.com/AdmOzk/Flight-Search-System-ABAP,2025-01-07T15:22:11Z
abap-repo,2,https://github.com/PetarAntov-SAP/abap-repo,2025-01-15T15:11:39Z
EsercizioABAP,3143,https://github.com/leo8086/EsercizioABAP,2025-01-27T15:30:42Z
ABAP_Cloud,2,https://github.com/GARBRAEST/ABAP_Cloud,2025-01-29T20:20:11Z
cockpit_launch_prog_display_tables,6,https://github.com/cfruhauf1/cockpit_launch_prog_display_tables,2025-01-23T15:19:43Z
abapgit_http2,5,https://github.com/Ben9ka/abapgit_http2,2025-01-28T10:26:55Z
DMSDocAPP,6303,https://github.com/CodeSAPWithNikhil/DMSDocAPP,2025-01-19T08:22:39Z
simple_acc_post,4073,https://github.com/Cemokacem/simple_acc_post,2025-01-19T23:07:28Z
alav-cloud-test,2,https://github.com/fabianlupa/alav-cloud-test,2025-01-18T14:53:59Z
teste_abap_gui_003,0,https://github.com/c4sousasilva/teste_abap_gui_003,2025-01-22T13:58:48Z
ZVG_UNLOCK_SMQ2,13,https://github.com/Vidit-Goel2k/ZVG_UNLOCK_SMQ2,2025-01-25T15:40:09Z
AbapCloud1,5,https://github.com/jromerogo/AbapCloud1,2025-01-27T12:48:34Z
rap,22,https://github.com/mrwangxsx/rap,2025-01-09T06:39:58Z
RAP_S4_Learnings,2154,https://github.com/dhowardb/RAP_S4_Learnings,2025-01-23T05:41:29Z
btp_abap,11,https://github.com/yarru-abap/btp_abap,2025-01-15T04:04:32Z
RAPManagedUnmanagedSave,5282,https://github.com/CodeSAPWithNikhil/RAPManagedUnmanagedSave,2025-01-17T15:51:21Z
Abap_Cloup1,2,https://github.com/annie-capca-2025/Abap_Cloup1,2025-01-15T15:16:50Z
ABAP_CLOUD,10,https://github.com/ALE1134/ABAP_CLOUD,2025-01-15T15:01:05Z
saleregister2,30,https://github.com/Vinay876/saleregister2,2025-01-15T06:54:56Z
ikramiye-da-t-m-program-,12,https://github.com/seyfullah-kizilkaya/ikramiye-da-t-m-program-,2025-01-18T19:32:45Z
Abap,4,https://github.com/SheyResmella/Abap,2025-01-21T16:24:49Z
SAP-STUDY,4,https://github.com/cmw0102/SAP-STUDY,2025-01-01T02:47:06Z
308-ABAP-On-Premise,22,https://github.com/WriveraLogali/308-ABAP-On-Premise,2025-01-14T12:41:58Z
Eclipse-BTP-IBM,11,https://github.com/MADT33/Eclipse-BTP-IBM,2025-01-16T10:17:48Z
ABAP-Grundlagen,1,https://github.com/KevinGrischunin/ABAP-Grundlagen,2025-01-15T10:18:48Z
DFHZZIMPORT_EN,36,https://github.com/lzJiang/DFHZZIMPORT_EN,2025-01-01T13:00:19Z
zaction_demo_100,11,https://github.com/klp-git/zaction_demo_100,2025-01-16T12:25:42Z
teste_abap_gui_004,0,https://github.com/c4sousasilva/teste_abap_gui_004,2025-01-22T14:20:58Z
ysrpack1,6,https://github.com/yarru-abap/ysrpack1,2025-01-12T22:02:56Z
PAP_DEMO,2,https://github.com/IMAC1138/PAP_DEMO,2025-01-30T17:19:02Z
double_click_in_table_control,9,https://github.com/stekoester/double_click_in_table_control,2025-01-01T19:31:55Z
GestionEmp,1,https://github.com/deeivoo/GestionEmp,2025-01-09T16:52:34Z
DFHZZPRINT_EN,29,https://github.com/lzJiang/DFHZZPRINT_EN,2025-01-01T13:03:36Z
2DAM,10,https://github.com/linlun24/2DAM,2025-01-14T22:54:14Z
abap,1,https://github.com/Emibysl/abap,2025-01-15T10:05:05Z
Abap_Cloud,6,https://github.com/Fechev/Abap_Cloud,2025-01-27T09:41:29Z
CLOUD_SAP_ABAP_4HANA,13,https://github.com/QoaHub/CLOUD_SAP_ABAP_4HANA,2025-01-31T00:33:32Z
Abap_Cloud,2,https://github.com/jarieracol/Abap_Cloud,2025-01-07T14:50:26Z
abap-intf-performance-onprem,12,https://github.com/Xexer/abap-intf-performance-onprem,2025-01-27T19:04:34Z
SGE2,5,https://github.com/J-Leri/SGE2,2025-01-20T16:01:40Z
SAP_ABAP_CLOUD,2,https://github.com/jgonzhernz/SAP_ABAP_CLOUD,2025-01-21T18:02:37Z
DFHZZQM_EN,30,https://github.com/lzJiang/DFHZZQM_EN,2025-01-01T13:04:16Z
rap_abap_cloud_1,33,https://github.com/datpn-1648/rap_abap_cloud_1,2025-01-08T06:12:08Z
abap_cloud,3,https://github.com/zurdodev/abap_cloud,2025-01-13T01:58:58Z
Enterprise-Resource-Management-System-for-Logistics-,565,https://github.com/SatyajitShinde0333/Enterprise-Resource-Management-System-for-Logistics-,2025-01-18T05:03:05Z
SMBC_full,23,https://github.com/abapGit-tests/SMBC_full,2025-01-15T09:25:31Z
WF-FLEX,2013,https://github.com/cssluism/WF-FLEX,2025-01-23T17:01:52Z
teste_abap_gui_001,2,https://github.com/c4sousasilva/teste_abap_gui_001,2025-01-21T16:29:55Z
ABAP-Classes,5,https://github.com/Cesar200213/ABAP-Classes,2025-01-21T15:48:54Z
abap-intf-performance-abapenv,13,https://github.com/Xexer/abap-intf-performance-abapenv,2025-01-27T19:13:40Z
DFHZZFICO_EN,152,https://github.com/lzJiang/DFHZZFICO_EN,2025-01-01T12:57:13Z
abap_cloud_projects,5,https://github.com/Min02jhi33/abap_cloud_projects,2025-01-14T17:15:21Z
AbapGit-Cloud,2,https://github.com/aarnapant-sap/AbapGit-Cloud,2025-01-31T08:46:37Z
ABAP4Practica,5,https://github.com/Manuinvictus/ABAP4Practica,2025-01-21T18:41:46Z
ABAP-PT2,1,https://github.com/GuillermoAbap/ABAP-PT2,2025-01-10T16:03:12Z
sap,16,https://github.com/Yoelpv/sap,2025-01-28T22:31:49Z
testGitRepo,2,https://github.com/WEPPH/testGitRepo,2025-01-31T10:29:15Z
Tic-Tac-Toe,6,https://github.com/Jayasharma-79/Tic-Tac-Toe,2025-01-03T12:21:35Z
zworks_order,8,https://github.com/klp-git/zworks_order,2025-01-20T05:49:58Z
TEST_ABAP_C310,36,https://github.com/EnriqueIrala/TEST_ABAP_C310,2025-01-18T20:34:39Z
pt4_sge_alvaronavarrocaturla,5,https://github.com/a01n01c/pt4_sge_alvaronavarrocaturla,2025-01-17T16:56:14Z
Background_Job,1,https://github.com/EnesFYavuz/Background_Job,2025-01-30T13:45:31Z
ABAPPushChannel,13356,https://github.com/CodeSAPWithNikhil/ABAPPushChannel,2025-02-15T10:56:47Z
sap-sfm-integration-accelerator,10199,https://github.com/SAP-samples/sap-sfm-integration-accelerator,2025-02-28T15:23:45Z
project-kernseife,8432,https://github.com/SAP/project-kernseife,2025-02-27T09:41:11Z
Beyanname,1871,https://github.com/ozdemiryigit/Beyanname,2025-02-26T07:04:33Z
EHO3,1828,https://github.com/xcersoylu/EHO3,2025-02-21T09:34:36Z
FLIGHT,1720,https://github.com/FlyGst/FLIGHT,2025-02-28T12:18:04Z
llm_coder,1524,https://github.com/abap-ai/llm_coder,2025-02-03T22:00:48Z
abap2UI5-local,1126,https://github.com/abap2UI5/abap2UI5-local,2025-02-12T14:46:40Z
EHO,956,https://github.com/xcersoylu/EHO,2025-02-18T06:41:40Z
SYNC5_ERP_ABAP,723,https://github.com/yukhoehaninsaeng/SYNC5_ERP_ABAP,2025-02-10T03:56:47Z
genie-for-sap-abap-ai-assistant-sample,662,https://github.com/google/genie-for-sap-abap-ai-assistant-sample,2025-02-11T17:51:34Z
my-ide-actions,349,https://github.com/Xexer/my-ide-actions,2025-02-16T17:43:12Z
eho,342,https://github.com/Evoakyuz/eho,2025-02-14T10:40:36Z
rap_349,276,https://github.com/oabustamante/rap_349,2025-02-05T03:11:54Z
ABAP_CLOUD,275,https://github.com/JAMADORCLOUD/ABAP_CLOUD,2025-02-12T23:00:50Z
abap-platform-bgpf-appl-log-events-side-effects,245,https://github.com/SAP-samples/abap-platform-bgpf-appl-log-events-side-effects,2025-02-06T12:46:53Z
ClaimCheckPattern,248,https://github.com/IlyaPrusakou/ClaimCheckPattern,2025-02-22T21:21:26Z
abap2UI5-build,246,https://github.com/abap2UI5/abap2UI5-build,2025-02-21T22:57:48Z
abap_changelog,223,https://github.com/thadien665/abap_changelog,2025-02-20T14:13:35Z
CO_Kapanis_Sancak,290,https://github.com/berksaldr/CO_Kapanis_Sancak,2025-02-20T14:02:32Z
abap-bootcamp-project,157,https://github.com/bicerelif/abap-bootcamp-project,2025-02-22T14:16:08Z
ZLOCAL,215,https://github.com/romanKowalczyk/ZLOCAL,2025-02-06T07:47:44Z
abap-unit-runner,143,https://github.com/Xexer/abap-unit-runner,2025-02-05T20:11:28Z
abap-gencust,140,https://github.com/jrgkraus/abap-gencust,2025-02-18T12:05:20Z
abapGit,140,https://github.com/samdani1007/abapGit,2025-02-13T07:32:26Z
ABAP-OWN-CODE,132,https://github.com/HusnulM/ABAP-OWN-CODE,2025-02-03T04:14:37Z
SAPBTP25,107,https://github.com/cmedranogmz/SAPBTP25,2025-02-11T23:19:11Z
abap,164,https://github.com/jindalankesh/abap,2025-02-20T12:47:13Z
349-RAP,76,https://github.com/Logali-Group/349-RAP,2025-02-22T20:45:12Z
BTP-Managed,92,https://github.com/mananbansal/BTP-Managed,2025-02-04T12:19:41Z
codygen,76,https://github.com/abapify/codygen,2025-02-21T18:23:27Z
RAP_TRAINING,69,https://github.com/lak865/RAP_TRAINING,2025-02-02T14:59:53Z
CDSGuide,66,https://github.com/serhatmercan/CDSGuide,2025-02-18T06:31:46Z
Online-Employee-shop,79,https://github.com/AMANSARTHAK19/Online-Employee-shop,2025-02-25T11:37:49Z
sureshrepos,86,https://github.com/Sure-s-h/sureshrepos,2025-02-17T07:13:10Z
SCP_RAP01,67,https://github.com/Jmedina07/SCP_RAP01,2025-02-24T21:55:33Z
ZRENDRA_RAP_SBX,87,https://github.com/alenkarendra/ZRENDRA_RAP_SBX,2025-02-20T09:41:26Z
logali,65,https://github.com/gerardomartingozalo/logali,2025-02-17T17:37:37Z
abap_artifacts,58,https://github.com/PriyankaShah1/abap_artifacts,2025-02-25T13:27:09Z
AbapExamples,52,https://github.com/Kapitany777/AbapExamples,2025-02-11T11:06:42Z
ZABAPCLOUD_POO_0631,75,https://github.com/GISR89/ZABAPCLOUD_POO_0631,2025-02-16T11:47:33Z
json-benchmark,52,https://github.com/abapify/json-benchmark,2025-02-21T18:21:23Z
json,49,https://github.com/abapify/json,2025-02-21T10:19:07Z
abap_restful2,63,https://github.com/jmmorenotriguero/abap_restful2,2025-02-19T15:42:40Z
ABAP_CLOUD,56,https://github.com/Carlos-Bravo7/ABAP_CLOUD,2025-02-23T21:48:15Z
abap-rap-master-data-app,73,https://github.com/whothefluff/abap-rap-master-data-app,2025-02-11T00:14:59Z
rap-train-250125,124,https://github.com/sap-jay/rap-train-250125,2025-02-02T14:58:32Z
adt_rap_opensap,51,https://github.com/tukitajr-hana/adt_rap_opensap,2025-02-25T16:18:51Z
RAP-ABAP,51,https://github.com/Froilogc/RAP-ABAP,2025-02-02T15:50:18Z
abap_cloud_2,42,https://github.com/Ioda1967/abap_cloud_2,2025-02-05T22:44:43Z
ZABAPCLOUD_0631,38,https://github.com/GISR89/ZABAPCLOUD_0631,2025-02-16T11:35:18Z
treinamento_abap_jr,39,https://github.com/ChristopherNicolasSMM/treinamento_abap_jr,2025-02-17T11:59:59Z
996-01-Project-ACII,35,https://github.com/Logali-Group/996-01-Project-ACII,2025-02-10T16:35:22Z
ABAPpub,39,https://github.com/Neel07071979/ABAPpub,2025-02-24T00:20:08Z
Orderby,56,https://github.com/alanderfosse/Orderby,2025-02-22T16:59:13Z
abap-cp-messages,29,https://github.com/whothefluff/abap-cp-messages,2025-02-02T22:45:39Z
cds-wrapper,28,https://github.com/abap2UI5-addons/cds-wrapper,2025-02-02T13:47:11Z
rap-349,26,https://github.com/Logali-Group/rap-349,2025-02-01T19:37:55Z
gCTS,28,https://github.com/DogukanP/gCTS,2025-02-11T15:35:44Z
ZRAP_MP,28,https://github.com/Udaykiran025/ZRAP_MP,2025-02-24T11:14:59Z
SAP-ABAP-CLOUD,28,https://github.com/loporta/SAP-ABAP-CLOUD,2025-02-19T01:42:10Z
CustomerApp,20,https://github.com/Muthuraja2/CustomerApp,2025-02-01T15:50:18Z
AbapCloud_II,19,https://github.com/jopellegrino/AbapCloud_II,2025-02-23T21:31:39Z
ABAP_CLOUD_DEY,21,https://github.com/DeiryPacheco/ABAP_CLOUD_DEY,2025-02-08T19:19:55Z
Function-Import,17,https://github.com/alanderfosse/Function-Import,2025-02-23T08:57:47Z
FlightScenario,24,https://github.com/cdfullstack/FlightScenario,2025-02-23T11:32:03Z
abap-http-service-endpoint-demo,18,https://github.com/alikapllan/abap-http-service-endpoint-demo,2025-02-27T21:35:07Z
btp349v2,28,https://github.com/jcarr2kV/btp349v2,2025-02-10T02:45:08Z
S4_BACKUP_RAP_UPDATE_CHECK,16,https://github.com/vikas75saxena/S4_BACKUP_RAP_UPDATE_CHECK,2025-02-11T02:55:52Z
DHBW-ABAP,19,https://github.com/Keal57/DHBW-ABAP,2025-02-04T19:11:48Z
otel-logpoint-daemon,16,https://github.com/abapify/otel-logpoint-daemon,2025-02-27T09:19:00Z
abapc_rap_test,15,https://github.com/PedroRiosB/abapc_rap_test,2025-02-26T00:37:10Z
abap-cp-exceptions,25,https://github.com/whothefluff/abap-cp-exceptions,2025-02-02T22:50:53Z
AbatGit,20,https://github.com/Doddakah/AbatGit,2025-02-04T14:17:31Z
case,10,https://github.com/abapify/case,2025-02-21T10:35:54Z
excel-upload-rap,10,https://github.com/Tediace/excel-upload-rap,2025-02-13T10:53:06Z
design_patterns,13,https://github.com/MilanNTT/design_patterns,2025-02-04T12:51:41Z
abap-table-entities-example,10,https://github.com/Xexer/abap-table-entities-example,2025-02-26T19:51:21Z
abapAPJExecObject,17,https://github.com/sandraros/abapAPJExecObject,2025-02-06T10:13:49Z
CDS_Views,9,https://github.com/R4F43LL-D3VB3GINN3R/CDS_Views,2025-02-06T09:29:22Z
abap_code_samples,8,https://github.com/naitik1995/abap_code_samples,2025-02-19T05:27:01Z
Proyecto_T100598_Cloud,41,https://github.com/amundarain/Proyecto_T100598_Cloud,2025-02-07T16:02:52Z
ABAPMessageChannel,6,https://github.com/CodeSAPWithNikhil/ABAPMessageChannel,2025-02-14T11:25:02Z
pwss-abap,17,https://github.com/tobiashofmann/pwss-abap,2025-02-27T13:17:01Z
rap_custom_object,8,https://github.com/alessandraarm/rap_custom_object,2025-02-14T21:23:43Z
abap_cloud,7,https://github.com/edmilson-nascimento/abap_cloud,2025-02-11T09:14:33Z
otel-mqtt,5,https://github.com/abapify/otel-mqtt,2025-02-27T13:50:09Z
ABAP-Pkg,5,https://github.com/AnilS1988/ABAP-Pkg,2025-02-25T15:14:29Z
SAP-BTP,4,https://github.com/noskill123456/SAP-BTP,2025-02-17T11:09:40Z
bw_dtp_unlock,3,https://github.com/pawelwiejkut/bw_dtp_unlock,2025-02-04T15:57:23Z
QueryOption,19,https://github.com/alanderfosse/QueryOption,2025-02-25T16:58:32Z
alv-html-view,4,https://github.com/edmilson-nascimento/alv-html-view,2025-02-23T16:57:14Z
COTA,4,https://github.com/abapGit-tests/COTA,2025-02-05T21:11:10Z
clean-code,19,https://github.com/AMANSARTHAK19/clean-code,2025-02-07T05:09:46Z
AcquiringCoreABAP,2,https://github.com/DIAISAREP/AcquiringCoreABAP,2025-02-28T18:33:07Z
k3nrap-349,27,https://github.com/k3ntecnico/k3nrap-349,2025-02-16T04:09:37Z
abap_cloud,4,https://github.com/edwines7738/abap_cloud,2025-02-26T22:02:42Z
abap_cloud,12,https://github.com/Orlanzola/abap_cloud,2025-02-14T12:16:56Z
Z_MM_UOMCONV,4,https://github.com/ABAP-Lib/Z_MM_UOMCONV,2025-02-11T14:47:01Z
sap-abap,85,https://github.com/bastxxs/sap-abap,2025-02-20T15:55:33Z
ZAPIDEV,45,https://github.com/yashcapm/ZAPIDEV,2025-02-06T19:45:02Z
jarr_rap_25,14,https://github.com/jarr1973/jarr_rap_25,2025-02-09T17:57:43Z
test_aoc_feb_ey,76,https://github.com/soyuztechnologies/test_aoc_feb_ey,2025-02-18T03:52:16Z
test,3,https://github.com/ZEAL-IT/test,2025-02-28T16:14:35Z
ZRAP_CLOUD_DION,53,https://github.com/dionrachmad/ZRAP_CLOUD_DION,2025-02-25T06:41:12Z
ABAP-SALES_PERFORMANCE_REPORT,4,https://github.com/saptechengineer/ABAP-SALES_PERFORMANCE_REPORT,2025-02-25T15:52:30Z
ZAFR_ABAPER_SANSOL01,13,https://github.com/ArmandoFR72/ZAFR_ABAPER_SANSOL01,2025-02-26T23:02:50Z
definetablefunction,3,https://github.com/Chrisvb13/definetablefunction,2025-02-06T16:50:19Z
S4_BACKUP_FILE_UPLOAD_DOWNLOAD,3,https://github.com/vikas75saxena/S4_BACKUP_FILE_UPLOAD_DOWNLOAD,2025-02-11T02:56:48Z
RAP_GENERATOR_TEST_APP,10,https://github.com/Logali-Group/RAP_GENERATOR_TEST_APP,2025-02-28T19:19:02Z
Student_App,26,https://github.com/ozansahin93/Student_App,2025-02-20T10:49:50Z
top-skip,12,https://github.com/alanderfosse/top-skip,2025-02-25T11:46:03Z
rap-dev,27,https://github.com/kursadburak/rap-dev,2025-02-12T15:19:49Z
abap-platform-application-jobs,273,https://github.com/guitaristanbul/abap-platform-application-jobs,2025-02-26T12:20:17Z
EHO2,862,https://github.com/xcersoylu/EHO2,2025-02-21T09:20:33Z
zas15,1,https://github.com/venkatui5github/zas15,2025-02-21T16:45:51Z
cds_virtual_elements,12,https://github.com/alessandraarm/cds_virtual_elements,2025-02-20T23:07:26Z
Curso-SAP-ABAP,3,https://github.com/Sak-s/Curso-SAP-ABAP,2025-02-18T15:40:00Z
abap-platform-rap100,60784,https://github.com/guitaristanbul/abap-platform-rap100,2025-02-26T12:17:27Z
TEST1,1,https://github.com/venkatui5github/TEST1,2025-02-20T18:01:35Z
test_as_abap_ey,39,https://github.com/Asho007-tech/test_as_abap_ey,2025-02-18T03:53:08Z
btp349practica,19,https://github.com/jcarr2kV/btp349practica,2025-02-23T01:13:20Z
rap2,2,https://github.com/Pratapcloud/rap2,2025-02-14T02:09:54Z
lesson8_architecture,1461,https://github.com/ZacMol/lesson8_architecture,2025-02-16T21:25:36Z
ABAP_Cloud-,2,https://github.com/Pl-yer321/ABAP_Cloud-,2025-02-03T06:30:55Z
AbapCloudMasterL,9,https://github.com/molinje/AbapCloudMasterL,2025-02-02T20:50:32Z
RFC-Search_Help,31,https://github.com/alanderfosse/RFC-Search_Help,2025-02-27T14:04:36Z
Code_Snippets,4,https://github.com/D029515/Code_Snippets,2025-02-14T07:47:18Z
fiori-elements-opensap,65988,https://github.com/guitaristanbul/fiori-elements-opensap,2025-02-26T12:01:42Z
ZPRICECIRCULAR_FORM_SD,15,https://github.com/ratansonigara784/ZPRICECIRCULAR_FORM_SD,2025-02-18T10:47:51Z
BTP-unmanaged,27,https://github.com/justmayank21/BTP-unmanaged,2025-02-06T10:09:59Z
BTP_COMP,437,https://github.com/ZEAL-IT-tech/BTP_COMP,2025-02-28T16:17:27Z
ZMST1012_STUDENT_INFO,40,https://github.com/Udaykiran025/ZMST1012_STUDENT_INFO,2025-02-25T10:26:45Z
Excel_Upload_RAP_OLD,19,https://github.com/bdebayan/Excel_Upload_RAP_OLD,2025-02-14T06:03:07Z
SAP-UNMANAGED,20,https://github.com/Basant8077/SAP-UNMANAGED,2025-02-06T09:04:21Z
Sales-Order-Unmanaged-Scenario,32,https://github.com/mdFahadBurney/Sales-Order-Unmanaged-Scenario,2025-02-27T05:39:19Z
zbatch,14,https://github.com/alanderfosse/zbatch,2025-02-27T14:29:44Z
taskmanager,9,https://github.com/nedjo90/taskmanager,2025-02-13T18:39:21Z
migracion,18,https://github.com/Chrisvb13/migracion,2025-02-05T16:22:30Z
s4-tuto,46,https://github.com/ChristopheTaymans/s4-tuto,2025-02-24T08:19:49Z
abap-platform-rap630,11660,https://github.com/guitaristanbul/abap-platform-rap630,2025-02-26T12:16:40Z
zmds_odata,80,https://github.com/cadaxo/zmds_odata,2025-02-06T12:17:27Z
AbapCloud20250217,116,https://github.com/ArmandoFR72/AbapCloud20250217,2025-02-18T04:50:13Z
clean-code-abap,2,https://github.com/justmayank21/clean-code-abap,2025-02-07T06:19:28Z
ZGTZ_TESTING2,96,https://github.com/Neelam-goyal/ZGTZ_TESTING2,2025-02-05T09:50:14Z
s4d430,56,https://github.com/aancos/s4d430,2025-02-10T18:39:57Z
Filecontent,14,https://github.com/alanderfosse/Filecontent,2025-02-25T07:13:59Z
ZUD_ASSIGN,17,https://github.com/Udaykiran025/ZUD_ASSIGN,2025-02-25T04:36:35Z
abap-platform-rap110,28856,https://github.com/guitaristanbul/abap-platform-rap110,2025-02-26T12:22:25Z
abap-platform-rap630-ext,19,https://github.com/guitaristanbul/abap-platform-rap630-ext,2025-02-26T12:23:12Z
abap-odata-client-proxy-samples.,25,https://github.com/guitaristanbul/abap-odata-client-proxy-samples.,2025-02-26T12:18:16Z
ZRAP_CLOUD_3,20,https://github.com/dionrachmad/ZRAP_CLOUD_3,2025-02-26T06:58:36Z
GATE-ENTRY-APP,12,https://github.com/Jawahar-vit/GATE-ENTRY-APP,2025-02-24T06:13:45Z
purchase_order_final,47,https://github.com/justmayank21/purchase_order_final,2025-02-24T06:29:24Z
abap,116,https://github.com/ufukkaracayli/abap,2025-02-13T09:27:03Z
zauto,53,https://github.com/yashcapm/zauto,2025-02-06T19:38:39Z
Agile-Tracker-No-Hana,109,https://github.com/gregghinkle/Agile-Tracker-No-Hana,2025-02-10T19:42:40Z
abaphello,3,https://github.com/KuchnowskiP/abaphello,2025-02-25T15:13:11Z
AoC_1,11,https://github.com/undefeatedwarrior/AoC_1,2025-02-18T04:18:56Z
abap_cloud,2,https://github.com/1josedaniel/abap_cloud,2025-02-25T03:45:26Z
Function-Import-OData,17,https://github.com/alanderfosse/Function-Import-OData,2025-02-23T10:08:05Z
ABAP,2,https://github.com/theerputheertha/ABAP,2025-02-14T13:57:06Z
ZABAPRD,99,https://github.com/RD-V/ZABAPRD,2025-02-25T12:20:41Z
migracion2,12,https://github.com/Chrisvb13/migracion2,2025-02-06T16:31:10Z
ZABAP_P1,15,https://github.com/Udaykiran025/ZABAP_P1,2025-02-24T11:24:53Z
zinvauto,87,https://github.com/yashcapm/zinvauto,2025-02-06T19:57:18Z
zejemploapp,12,https://github.com/Chrisvb13/zejemploapp,2025-02-06T17:08:04Z
zjr,25,https://github.com/yashcapm/zjr,2025-02-06T20:06:55Z
abap-platform-code-samples-standard,49,https://github.com/guitaristanbul/abap-platform-code-samples-standard,2025-02-26T12:23:39Z
zcustapi,26,https://github.com/yashcapm/zcustapi,2025-02-06T19:50:09Z
Interactive-report-using-SAP-ABAP,4,https://github.com/chillugurisuryatejareddy/Interactive-report-using-SAP-ABAP,2025-02-25T06:30:26Z
BTP_Cloud_Dev_Repo,3,https://github.com/GitTechnoDev/BTP_Cloud_Dev_Repo,2025-02-21T19:00:07Z
Employee-Leave-Data-Analysis-and-Reporting-using-SAP-ABAP,4010,https://github.com/mayanbhandari/Employee-Leave-Data-Analysis-and-Reporting-using-SAP-ABAP,2025-02-28T07:46:42Z
abap_cloud,3,https://github.com/claudiononis/abap_cloud,2025-02-26T20:52:29Z
SapCloud,2,https://github.com/CarlosPizo/SapCloud,2025-02-28T14:48:52Z
abap_scp,28,https://github.com/aheri30/abap_scp,2025-02-15T21:52:31Z
Z349_btp_cls01,9,https://github.com/aberupe/Z349_btp_cls01,2025-02-09T04:50:20Z
logali_labs,38,https://github.com/Hadenym/logali_labs,2025-02-14T02:29:20Z
finaljob,232,https://github.com/Robi2697/finaljob,2025-02-17T14:23:27Z
ZAFR_ABAPER_SANSOL02,18,https://github.com/ArmandoFR72/ZAFR_ABAPER_SANSOL02,2025-02-27T03:29:11Z
ZWORKS_ORDER,16,https://github.com/SagarBari3304/ZWORKS_ORDER,2025-02-27T10:31:23Z
CLEAN_CODE,2,https://github.com/mdFahadBurney/CLEAN_CODE,2025-02-07T06:19:30Z
LAB_04,20,https://github.com/amundarain/LAB_04,2025-02-08T01:21:17Z
codepage,15,https://github.com/abapify/codepage,2025-02-23T14:08:15Z
Acxiom-PurchaseRegister,35,https://github.com/amankumar0808/Acxiom-PurchaseRegister,2025-02-16T05:24:05Z
ZINV,28,https://github.com/yashcapm/ZINV,2025-02-06T19:53:43Z
rapDynamicPopup,13,https://github.com/alessandraarm/rapDynamicPopup,2025-02-17T21:18:22Z
abap-platform-rap-workshops,158793,https://github.com/guitaristanbul/abap-platform-rap-workshops,2025-02-26T12:19:22Z
yashbtp,25,https://github.com/yashcapm/yashbtp,2025-02-06T18:25:44Z
definecustom,7,https://github.com/Chrisvb13/definecustom,2025-02-06T17:03:07Z
BTP-Trail,41,https://github.com/justmayank21/BTP-Trail,2025-02-04T11:48:46Z
abap_migracion_acm,21,https://github.com/andreaCostanza/abap_migracion_acm,2025-02-05T16:22:29Z
BAdIs,2,https://github.com/joharog/BAdIs,2025-02-06T16:49:03Z
ABAPsolutions,6,https://github.com/WinstWinst/ABAPsolutions,2025-02-09T15:06:25Z
2Entities,16,https://github.com/alanderfosse/2Entities,2025-02-25T12:01:34Z
Excel_Upload_RAP,16,https://github.com/bdebayan/Excel_Upload_RAP,2025-02-14T04:54:52Z
ZMM_GTZ,34,https://github.com/Neelam-goyal/ZMM_GTZ,2025-02-05T10:13:34Z
abap_scp,22,https://github.com/nanobonilla1909/abap_scp,2025-02-05T21:06:57Z
2DAMPT4,5,https://github.com/linlun24/2DAMPT4,2025-02-03T16:25:21Z
TollTurkey,35,https://github.com/Dzhan84/TollTurkey,2025-02-21T08:13:09Z
s4devc,13,https://github.com/jesse-owens-k/s4devc,2025-02-26T03:50:32Z
Product-BTP-RAP,54,https://github.com/mananbansal/Product-BTP-RAP,2025-02-24T05:25:42Z
test_aoc_feb_ey,76,https://github.com/Akhil12345-eng/test_aoc_feb_ey,2025-02-18T03:54:10Z
ejemplo_abap-cluod,5,https://github.com/velizweb/ejemplo_abap-cluod,2025-02-04T15:15:26Z
abap-utility,16,https://github.com/zvikesh/abap-utility,2025-02-05T12:26:16Z
Z_ABAP2UI5,32026,https://github.com/P2004402532/Z_ABAP2UI5,2025-02-18T21:59:29Z
test,24,https://github.com/ufukkaracayli/test,2025-02-14T10:14:40Z
BTP-UNMANAGED,27,https://github.com/mananbansal/BTP-UNMANAGED,2025-02-06T08:35:09Z
abap-platform-code-samples-cloud,1487,https://github.com/guitaristanbul/abap-platform-code-samples-cloud,2025-02-26T12:22:48Z
ABAP-LLM,31,https://github.com/souravsingh31/ABAP-LLM,2025-02-23T20:44:17Z
rap1_backup,143,https://github.com/karthik123-gif/rap1_backup,2025-02-28T07:08:10Z
zjournal02,24,https://github.com/yashcapm/zjournal02,2025-02-06T20:01:25Z
SAP-ABAP,38285,https://github.com/Serban-Timofte-EBR/SAP-ABAP,2025-03-17T14:26:15Z
sap-rdp-integration-accelerator,28229,https://github.com/SAP-samples/sap-rdp-integration-accelerator,2025-03-19T07:41:15Z
ABAP,26397,https://github.com/itz-predator/ABAP,2025-03-03T07:57:34Z
abap-kochbuch,1004,https://github.com/abap-kochbuch/abap-kochbuch,2025-03-17T19:06:23Z
abap_solutions,552,https://github.com/barumunk/abap_solutions,2025-03-19T19:50:29Z
ABAPCLOUD_III,436,https://github.com/jopellegrino/ABAPCLOUD_III,2025-03-05T12:36:02Z
ZFIO_UTILS,230,https://github.com/ajayrawatsap/ZFIO_UTILS,2025-03-20T08:58:23Z
abap_course,194,https://github.com/AtanasIIliev/abap_course,2025-03-20T14:24:53Z
RAP_PD,183,https://github.com/arbaj09/RAP_PD,2025-03-19T06:10:43Z
ABAP-PROJECTS,164,https://github.com/erisomrodrigues/ABAP-PROJECTS,2025-03-07T03:22:54Z
SAP_ABAP_ALL,156,https://github.com/GabrielDiasFaria/SAP_ABAP_ALL,2025-03-04T15:55:23Z
abap_tasks,138,https://github.com/dgoceva67/abap_tasks,2025-03-30T13:55:25Z
abap_course,133,https://github.com/RalitsaGParashkevova/abap_course,2025-03-24T09:51:40Z
abap_course,103,https://github.com/YuriStanoev/abap_course,2025-03-20T17:23:05Z
abap_course,102,https://github.com/dimitar10000/abap_course,2025-03-23T10:15:22Z
PROYECTO,88,https://github.com/retronyu/PROYECTO,2025-03-11T19:50:28Z
coa_backend_training_jc,73,https://github.com/jcharles921/coa_backend_training_jc,2025-03-11T15:00:21Z
ABAP-OLLAMA-CLIENT,69,https://github.com/furkancosgun/ABAP-OLLAMA-CLIENT,2025-03-01T12:38:56Z
labo,123,https://github.com/gerardomartingozalo/labo,2025-03-10T00:57:37Z
rap_as3,61,https://github.com/anhoangphan96/rap_as3,2025-03-15T17:03:39Z
fiori_freestyle_2025,86,https://github.com/seto013/fiori_freestyle_2025,2025-03-14T13:50:03Z
abap-project-01,50,https://github.com/anilsonesar-vtx/abap-project-01,2025-03-20T15:56:50Z
asap_course,53,https://github.com/plamenpenev79/asap_course,2025-03-21T17:08:15Z
CLASES_ABAP_VIDEOS,53,https://github.com/josecasss/CLASES_ABAP_VIDEOS,2025-03-19T17:55:00Z
abap-http-service-endpoint-demo-cloud,45,https://github.com/alikapllan/abap-http-service-endpoint-demo-cloud,2025-03-08T10:31:42Z
ZABAPI_A25C345_2,47,https://github.com/WladimirRivera/ZABAPI_A25C345_2,2025-03-31T17:49:48Z
OrderApp,34,https://github.com/Muthuraja2/OrderApp,2025-03-06T16:04:53Z
ABAP_code_library,34,https://github.com/naveenboopathi08/ABAP_code_library,2025-03-06T16:56:52Z
Treinamento-SAP-RAP-2025,50,https://github.com/DaviCastr/Treinamento-SAP-RAP-2025,2025-03-19T14:47:00Z
MYSAP,37,https://github.com/noblek666/MYSAP,2025-03-07T09:41:43Z
ABAP_CLOUD_I_C345,36,https://github.com/EnriqueIrala/ABAP_CLOUD_I_C345,2025-03-19T02:37:34Z
-sap-abap-alv-sales-report,37,https://github.com/rakellkizz/-sap-abap-alv-sales-report,2025-03-20T03:54:04Z
abap-ui-tools,29,https://github.com/jrgkraus/abap-ui-tools,2025-03-13T08:22:23Z
sap-rap-flight,34,https://github.com/oarthursilva/sap-rap-flight,2025-03-24T10:33:30Z
abap_development,32,https://github.com/atatcheff/abap_development,2025-03-20T13:36:24Z
abap-tuts,31,https://github.com/sbcgua/abap-tuts,2025-03-12T19:54:43Z
ABAP-Conf-2025,25,https://github.com/greltel/ABAP-Conf-2025,2025-03-26T08:25:23Z
RAPCourseAiden,33,https://github.com/henrystuifzand/RAPCourseAiden,2025-03-04T07:33:32Z
abap_course,24,https://github.com/rdd81/abap_course,2025-03-21T00:52:54Z
learning_abap_2,23,https://github.com/rajith-arbhasoft/learning_abap_2,2025-03-27T07:44:55Z
ZUD_MULTI_ST,22,https://github.com/Udaykiran025/ZUD_MULTI_ST,2025-03-22T04:37:06Z
Zfiori_02,19,https://github.com/grace161402134/Zfiori_02,2025-03-06T03:13:26Z
abap_course,20,https://github.com/DidoYG/abap_course,2025-03-21T11:40:03Z
ZTEST_EXISTING_PKG,16,https://github.com/SindhuPulluruNTT/ZTEST_EXISTING_PKG,2025-03-24T07:16:35Z
ZTEST_REP,15,https://github.com/SindhuPulluruNTT/ZTEST_REP,2025-03-10T14:03:32Z
Gerar-questionario-IA,329,https://github.com/Wandersontr01/Gerar-questionario-IA,2025-03-07T17:58:14Z
cloud-gui-test,13,https://github.com/oblomov-dev/cloud-gui-test,2025-03-05T18:45:52Z
Mauricio_ABAP,33,https://github.com/mauroavendano09/Mauricio_ABAP,2025-03-31T02:47:59Z
CO_ALV,23,https://github.com/DawnDweller/CO_ALV,2025-03-12T08:52:08Z
abap,17,https://github.com/rpurop/abap,2025-03-21T19:58:24Z
abapReportTimeout,19,https://github.com/WegnerDan/abapReportTimeout,2025-03-13T20:08:11Z
abap-oo-exmaples,10,https://github.com/Xexer/abap-oo-exmaples,2025-03-18T12:51:12Z
agdemo,12,https://github.com/bigld/agdemo,2025-03-13T14:21:00Z
SAP-ALV-Report,16,https://github.com/rakellkizz/SAP-ALV-Report,2025-03-21T03:14:38Z
ABAP_course,10,https://github.com/DenitsaIlieva3/ABAP_course,2025-03-26T15:51:14Z
abap-git,11,https://github.com/medeirospc/abap-git,2025-03-08T22:51:54Z
Automa-o-GLPI-x-SAP,26,https://github.com/lipecborges/Automa-o-GLPI-x-SAP,2025-03-14T11:40:59Z
BaseConverter,8,https://github.com/rob786541/BaseConverter,2025-03-30T08:23:08Z
SAP-ABAP,10,https://github.com/LeoRVergani/SAP-ABAP,2025-03-07T21:56:17Z
ContosoUseCase,11,https://github.com/hervianzhou/ContosoUseCase,2025-03-19T12:41:53Z
RAP-Master-346,18,https://github.com/Logali-Group/RAP-Master-346,2025-03-22T17:22:13Z
first_rap_application,14,https://github.com/dhelmans/first_rap_application,2025-03-21T11:43:04Z
sap_abap,9,https://github.com/dev-lang/sap_abap,2025-03-28T03:28:15Z
ABAP_Basics,6,https://github.com/Ahmad4you/ABAP_Basics,2025-03-19T22:08:01Z
employee_abap_cloud,8,https://github.com/edmilson-nascimento/employee_abap_cloud,2025-03-05T20:40:37Z
abap_basic_Rado,11,https://github.com/RBudinov/abap_basic_Rado,2025-03-20T22:25:38Z
respostas_eng,8,https://github.com/lucassalomao/respostas_eng,2025-03-21T21:02:12Z
meuportifolio,6,https://github.com/rakellkizz/meuportifolio,2025-03-22T01:14:15Z
ABAP-Course-for-Friends,8,https://github.com/nedjo90/ABAP-Course-for-Friends,2025-03-07T13:00:33Z
coa_abap_oop,8,https://github.com/agazibeg/coa_abap_oop,2025-03-25T11:55:12Z
create-cds-view-from-ddic-view,5,https://github.com/tricktresor/create-cds-view-from-ddic-view,2025-03-11T11:08:13Z
abap_git123,54,https://github.com/Mohanraj95/abap_git123,2025-03-09T16:56:51Z
abap_course,9,https://github.com/Rayaa1/abap_course,2025-03-24T21:27:31Z
cloudc24c311v1,8,https://github.com/jcarr2kV/cloudc24c311v1,2025-03-02T21:51:50Z
abap_course,7,https://github.com/PeshevT/abap_course,2025-03-22T08:24:00Z
ABAPCourse,4,https://github.com/GeorgiStankov/ABAPCourse,2025-03-27T13:06:24Z
SAPProjects,5,https://github.com/Jayaprakashsuseelam/SAPProjects,2025-03-11T03:35:44Z
abapCoreSkills,20,https://github.com/PedroRiosB/abapCoreSkills,2025-03-14T00:10:02Z
stvarv,3,https://github.com/Shnurko/stvarv,2025-03-01T12:29:44Z
ZWEPO_CLOUD_TEST,4,https://github.com/wpoclava/ZWEPO_CLOUD_TEST,2025-03-14T17:10:58Z
abap_course,3,https://github.com/Iliyan-Kuzmov/abap_course,2025-03-29T11:01:21Z
zlno_testabapgit,5,https://github.com/r5luga/zlno_testabapgit,2025-03-06T17:34:25Z
learning-sap-rap-generator-dmo,2,https://github.com/vanderleiueg/learning-sap-rap-generator-dmo,2025-03-28T13:59:34Z
abap_course,3,https://github.com/marinalk7/abap_course,2025-03-23T20:15:25Z
abap_course,4,https://github.com/DimitarYordanovFotevS/abap_course,2025-03-20T09:53:07Z
abap_course,3,https://github.com/a-todorova/abap_course,2025-03-30T12:44:09Z
APP-Gestao-de-Estoque-ABAP-Cloud,5,https://github.com/Ronnyfs/APP-Gestao-de-Estoque-ABAP-Cloud,2025-03-22T01:32:30Z
ABAP-Basics,3,https://github.com/Ivan-Minev/ABAP-Basics,2025-03-19T13:13:53Z
Z_BC_DYNAM_UTILS,3,https://github.com/ABAP-Lib/Z_BC_DYNAM_UTILS,2025-03-31T15:04:27Z
ABAPGITSGE,10,https://github.com/GabrielMirandaOjeda/ABAPGITSGE,2025-03-14T14:08:30Z
FavALV,44,https://github.com/DawnDweller/FavALV,2025-03-26T08:30:54Z
Gupta_Tripplan,45,https://github.com/GuptaDhannarapu/Gupta_Tripplan,2025-03-30T09:07:51Z
firstabaprepo,16,https://github.com/SamratChakraborty/firstabaprepo,2025-03-19T07:16:34Z
abap_cloud,2,https://github.com/Richardzoma/abap_cloud,2025-03-04T18:30:50Z
CURSOCLOUD,3,https://github.com/Lily1046/CURSOCLOUD,2025-03-26T17:51:19Z
Wesley-Estudos-ABAP,1,https://github.com/WesleyConstantino/Wesley-Estudos-ABAP,2025-03-21T15:17:05Z
Abap_cloud_ITA,30,https://github.com/danielgomez27/Abap_cloud_ITA,2025-03-26T19:16:50Z
rap_as2,22,https://github.com/anhoangphan96/rap_as2,2025-03-16T19:30:05Z
ZRAP_CLOUD_DION_4,64,https://github.com/dionrachmad/ZRAP_CLOUD_DION_4,2025-03-13T01:48:44Z
agdemos,9,https://github.com/bigld/agdemos,2025-03-12T13:14:20Z
ASPNo1COFFEERAP,70,https://github.com/LeeMocha/ASPNo1COFFEERAP,2025-03-14T06:34:55Z
test_rap_abap,73,https://github.com/kishorebabu4u/test_rap_abap,2025-03-19T06:51:13Z
mainframe-docs,3,https://github.com/mpchenette/mainframe-docs,2025-03-28T16:20:14Z
abap-junction,3,https://github.com/shadab-alam-dhl/abap-junction,2025-03-31T13:11:26Z
SAP-ES-API,70,https://github.com/goergia-huang/SAP-ES-API,2025-03-07T13:34:23Z
simple_REST_API_tester,8,https://github.com/Keller-Michael/simple_REST_API_tester,2025-03-04T19:19:14Z
abap_course,3,https://github.com/hkalcheva/abap_course,2025-03-24T14:35:59Z
urlaubsvorlage_v1,12,https://github.com/KnopKev/urlaubsvorlage_v1,2025-03-22T15:36:16Z
ERP-Projekt,44,https://github.com/Yoni150/ERP-Projekt,2025-03-22T17:29:03Z
logali_btp_dev,21,https://github.com/victortsuchida/logali_btp_dev,2025-03-22T23:40:09Z
abap_course,3,https://github.com/pkpavlov/abap_course,2025-03-20T15:27:29Z
rap-basic-travel,12,https://github.com/huuhv-0372/rap-basic-travel,2025-03-31T03:15:22Z
S4D401_24_DEMO,58,https://github.com/bgis-etnaya/S4D401_24_DEMO,2025-03-31T04:48:59Z
aes,552,https://github.com/jindong1978/aes,2025-03-31T06:43:52Z
Pull-abapGit,2,https://github.com/WriveraLogali/Pull-abapGit,2025-03-06T19:29:20Z
ERP_JONAS,26,https://github.com/derik424/ERP_JONAS,2025-03-13T08:35:08Z
SH_TEST_RAP_TRAINER,78,https://github.com/Sheebeks/SH_TEST_RAP_TRAINER,2025-03-19T07:55:09Z
ABAPCLOUD_DEMO,16,https://github.com/rajsekharindian/ABAPCLOUD_DEMO,2025-03-05T11:34:29Z
BTP-Managed,14,https://github.com/justmayank21/BTP-Managed,2025-03-24T05:37:12Z
abap-learning,8,https://github.com/ReaSzabo/abap-learning,2025-03-02T19:14:42Z
CDSGuide,21,https://github.com/alarcon-abap/CDSGuide,2025-03-03T18:47:42Z
abap_cloud,2,https://github.com/yomivane/abap_cloud,2025-03-31T20:14:33Z
CoA-Sync-4,5,https://github.com/Almironi/CoA-Sync-4,2025-03-26T10:46:39Z
test_mt_rap,78,https://github.com/soyuztechnologies/test_mt_rap,2025-03-19T06:48:43Z
sheebe_github_repo,83,https://github.com/Sheebeks/sheebe_github_repo,2025-03-19T06:52:31Z
zgitdemo,2,https://github.com/developedbysom/zgitdemo,2025-03-08T15:01:57Z
abap_course,3,https://github.com/NedPar/abap_course,2025-03-23T19:25:19Z
zoas16_rep,1,https://github.com/venkatui5github/zoas16_rep,2025-03-08T01:37:22Z
zrap,29,https://github.com/falihnurandino/zrap,2025-03-10T03:35:23Z
virtual-element,28,https://github.com/justmayank21/virtual-element,2025-03-24T05:27:02Z
Abap_SCP,28,https://github.com/CristianAbap/Abap_SCP,2025-03-21T15:12:38Z
zabap,1,https://github.com/futurepath508/zabap,2025-03-21T17:00:55Z
DemoExample,32,https://github.com/aarsaraf/DemoExample,2025-03-22T14:09:37Z
S4D400_24_EXERCISE_RAP,11,https://github.com/bgis-etnaya/S4D400_24_EXERCISE_RAP,2025-03-31T03:15:34Z
CURSO_BTP_ABAP_CLOUD,35,https://github.com/ANIBALGS78/CURSO_BTP_ABAP_CLOUD,2025-03-15T14:36:36Z
debitnote,120,https://github.com/kgmei/debitnote,2025-03-05T10:14:06Z
ABAP_Cloud_test,2,https://github.com/Chinorivera/ABAP_Cloud_test,2025-03-20T18:59:41Z
SAP,1056,https://github.com/bgis-etnaya/SAP,2025-03-24T08:17:34Z
ALV-Simples,2,https://github.com/Iupina/ALV-Simples,2025-03-31T17:26:49Z
LRN-SETUP,10,https://github.com/bgis-etnaya/LRN-SETUP,2025-03-31T06:14:44Z
ABAP-Stok-Raporu,1,https://github.com/Seyfullah-KIZILKAYAA/ABAP-Stok-Raporu,2025-03-13T20:09:24Z
abap_cheat_sheet,4038,https://github.com/pmodran/abap_cheat_sheet,2025-03-06T08:13:16Z
cydsatest,1,https://github.com/jousmo/cydsatest,2025-03-19T20:38:04Z
ABAP,3362,https://github.com/AndreeaT26/ABAP,2025-03-24T10:15:02Z
calcolo_prezzi,7,https://github.com/ciccio697/calcolo_prezzi,2025-03-14T23:25:00Z
MT_NM_RAP_TRAINING,62,https://github.com/naveenamandava/MT_NM_RAP_TRAINING,2025-03-19T06:52:15Z
ZBW_FILE_INGESTION,2,https://github.com/202217b3058/ZBW_FILE_INGESTION,2025-03-26T11:51:39Z
alv_tools,6,https://github.com/Shnurko/alv_tools,2025-03-11T21:18:34Z
abap_course,3,https://github.com/IriLic/abap_course,2025-03-22T17:16:08Z
ABAP_practice,1,https://github.com/natimiranda28/ABAP_practice,2025-03-05T21:46:13Z
Book_app,35,https://github.com/Lnaj/Book_app,2025-03-03T09:15:28Z
prefixAbap,3,https://github.com/aarnapant-sap/prefixAbap,2025-03-26T10:55:48Z
SAP-ABAP-CLOUD,2,https://github.com/anamariabd/SAP-ABAP-CLOUD,2025-03-31T21:24:25Z
ABAPProject,273,https://github.com/sarika0601/ABAPProject,2025-03-05T12:03:49Z
abap-course,4,https://github.com/kostadin-t/abap-course,2025-03-20T13:16:47Z
abap-rest-api,24,https://github.com/Neel07071979/abap-rest-api,2025-03-19T21:46:52Z
abap-basics,3,https://github.com/det4ch/abap-basics,2025-03-24T12:03:59Z
ABAP_TSET,19,https://github.com/yoyo-1487/ABAP_TSET,2025-03-26T09:37:12Z
ra_oops,69,https://github.com/rachitnxt/ra_oops,2025-03-29T12:18:51Z
test_mt_rap,77,https://github.com/rajamohankella/test_mt_rap,2025-03-19T06:50:57Z
rap-p,153,https://github.com/AVINASHMAITY/rap-p,2025-03-19T07:11:17Z
ABAP,7,https://github.com/Radrick/ABAP,2025-03-17T18:54:11Z
zanil,1,https://github.com/AnilKrishna24/zanil,2025-03-26T02:56:28Z
planned_order_report,11,https://github.com/202217b3058/planned_order_report,2025-03-25T18:02:09Z
S4D437,208,https://github.com/bgis-etnaya/S4D437,2025-03-31T05:31:03Z
ZUD_DEMO,15,https://github.com/Udaykiran025/ZUD_DEMO,2025-03-20T05:56:00Z
-LRN-S4D437_DEMO,43,https://github.com/bgis-etnaya/-LRN-S4D437_DEMO,2025-03-31T05:36:21Z
SAP-ABAP-Project,4,https://github.com/Yogitac992/SAP-ABAP-Project,2025-03-27T15:35:02Z
zewaybill,78,https://github.com/Vinay876/zewaybill,2025-03-12T06:22:54Z
AL11-Utility-Class,8,https://github.com/dp-deepakpandey/AL11-Utility-Class,2025-03-17T06:37:57Z
CoA-Sync-2,6,https://github.com/Almironi/CoA-Sync-2,2025-03-19T12:36:06Z
BAS400,2,https://github.com/bgis-etnaya/BAS400,2025-03-17T01:13:36Z
ABAPGIT,1,https://github.com/GabrielMirandaOjeda/ABAPGIT,2025-03-14T13:41:02Z
Ejemplo_buenas_practicas,22,https://github.com/retronyu/Ejemplo_buenas_practicas,2025-03-10T20:52:33Z
oops_basics,28,https://github.com/rachitnxt/oops_basics,2025-03-29T12:21:08Z
ZABAP_CLOUD_PROJ_HML,32,https://github.com/hjmartinez913/ZABAP_CLOUD_PROJ_HML,2025-03-23T13:29:27Z
abap_online_community,4,https://github.com/Shnurko/abap_online_community,2025-03-19T21:04:50Z
ABAP_CLOUD,2,https://github.com/JRoldan04/ABAP_CLOUD,2025-03-04T00:44:09Z
codes-abap-backup,281,https://github.com/maddy13815/codes-abap-backup,2025-03-31T06:47:13Z
abap_cloud,2,https://github.com/carlosTovar29/abap_cloud,2025-03-21T02:43:42Z
practica4pt4,4,https://github.com/AlejandroArantegui/practica4pt4,2025-03-14T03:45:40Z
Adobe-From,3,https://github.com/DawnDweller/Adobe-From,2025-03-12T11:52:54Z
ABAP_Course,2,https://github.com/mvalchev02/ABAP_Course,2025-03-21T15:59:00Z
ALV-Write,7,https://github.com/joharog/ALV-Write,2025-03-24T22:27:34Z
HR-ALV,13,https://github.com/DawnDweller/HR-ALV,2025-03-12T11:37:35Z
class,9,https://github.com/rachitnxt/class,2025-03-29T12:17:43Z
abapcloud,2,https://github.com/EnriqueIL/abapcloud,2025-03-11T15:44:09Z
AccountStatement,34,https://github.com/Vinay876/AccountStatement,2025-03-03T12:18:40Z
ikramiye-dagtim-programi--main,10,https://github.com/Seyfullah-KIZILKAYAA/ikramiye-dagtim-programi--main,2025-03-13T19:36:16Z
ABAP-CLOUD,2,https://github.com/JuanHernandez29/ABAP-CLOUD,2025-03-12T14:40:06Z
abap-cp-dataobject,9,https://github.com/whothefluff/abap-cp-dataobject,2025-03-25T22:38:20Z
S4D401_24_MODEL,12,https://github.com/bgis-etnaya/S4D401_24_MODEL,2025-03-31T04:55:47Z
ZRAP_API,15,https://github.com/Udaykiran025/ZRAP_API,2025-03-18T09:47:06Z
sapAbap,14,https://github.com/nicolamaraschi/sapAbap,2025-03-21T08:16:28Z
ABAPGit_Nested,2,https://github.com/aarnapant-sap/ABAPGit_Nested,2025-03-26T10:36:40Z
S4D401_24_EXERCISE,137,https://github.com/bgis-etnaya/S4D401_24_EXERCISE,2025-03-31T04:39:40Z
MASTER_BTP,22,https://github.com/luismeneses97/MASTER_BTP,2025-03-16T15:02:58Z
ZFIORI,49,https://github.com/grace161402134/ZFIORI,2025-03-06T02:58:16Z
ABAP-Public,9,https://github.com/Joffreebemol/ABAP-Public,2025-03-06T19:49:42Z
Parallel-Processing-OOABAP,9,https://github.com/dp-deepakpandey/Parallel-Processing-OOABAP,2025-03-18T14:18:39Z
R349,6,https://github.com/jmarinhilary/R349,2025-03-31T20:07:21Z
abap_course,2,https://github.com/ReginaUzunova/abap_course,2025-03-23T13:01:36Z
S4D400_24,1056,https://github.com/bgis-etnaya/S4D400_24,2025-03-29T11:52:16Z
Dhariniv,22492,https://github.com/Dharinisap/Dhariniv,2025-04-25T08:54:54Z
mcp,8050,https://github.com/abap-ai/mcp,2025-04-19T16:49:03Z
Module-Pool,6925,https://github.com/yousifheikal/Module-Pool,2025-04-11T15:53:28Z
ABAP-BONN-ZOIPAYM_POSTING,4620,https://github.com/Sadda-SAP-AAho/ABAP-BONN-ZOIPAYM_POSTING,2025-04-14T11:43:34Z
DBS_GCTS,1346,https://github.com/Arete-Cloud/DBS_GCTS,2025-04-14T12:34:35Z
ABAP-BONN-ZEWAYBILL,616,https://github.com/Sadda-SAP-AAho/ABAP-BONN-ZEWAYBILL,2025-04-08T10:35:59Z
cgl_abap_fi,552,https://github.com/haihuazhang/cgl_abap_fi,2025-04-11T03:48:44Z
ABAP-BONN-ZGATE_ENTRY,795,https://github.com/Sadda-SAP-AAho/ABAP-BONN-ZGATE_ENTRY,2025-04-08T10:37:58Z
flight_cloud,744,https://github.com/Rahulpippalla/flight_cloud,2025-04-01T16:29:02Z
demo_rap,521,https://github.com/cuongus/demo_rap,2025-04-22T04:36:31Z
gestao-interna-de-transporte,381,https://github.com/rodrigoreis73/gestao-interna-de-transporte,2025-04-13T13:14:07Z
ABAP-BONN-ZSALES,742,https://github.com/Sadda-SAP-AAho/ABAP-BONN-ZSALES,2025-04-21T11:29:52Z
S4D401_core_abap_skills-,292,https://github.com/fmumali/S4D401_core_abap_skills-,2025-04-21T00:57:23Z
ABAP,254,https://github.com/RakeshJ2906/ABAP,2025-04-01T06:54:41Z
ABAP-BONN-ZSCHEMEAPPLICATION,385,https://github.com/Sadda-SAP-AAho/ABAP-BONN-ZSCHEMEAPPLICATION,2025-04-09T06:43:08Z
ABAP-BN-ZEWAYBILL,253,https://github.com/Sadda-SAP-AAho/ABAP-BN-ZEWAYBILL,2025-04-09T16:15:04Z
ABAP_CLOUDII_ZAPATA,192,https://github.com/EnriqueIrala/ABAP_CLOUDII_ZAPATA,2025-04-30T01:19:18Z
ABAP-SCP,192,https://github.com/xeneous/ABAP-SCP,2025-04-19T20:05:42Z
ZAOC_RP,152,https://github.com/undefeatedwarrior/ZAOC_RP,2025-04-30T11:41:42Z
macnava,133,https://github.com/macnava/macnava,2025-04-18T15:38:51Z
rap_query_provider,129,https://github.com/joceliosousa/rap_query_provider,2025-04-25T11:54:01Z
ZRAP_PROYECTO_FINAL,133,https://github.com/gerardomartingozalo/ZRAP_PROYECTO_FINAL,2025-04-22T00:42:11Z
S4D400_core_abap_skills,121,https://github.com/fmumali/S4D400_core_abap_skills,2025-04-18T18:29:55Z
LegoUseCase,121,https://github.com/TravelTechCode/LegoUseCase,2025-04-04T16:30:51Z
abap_cloud_pj,115,https://github.com/thuynt-2588/abap_cloud_pj,2025-04-28T17:11:08Z
abap-cloud-Proy-final,107,https://github.com/Jean7701/abap-cloud-Proy-final,2025-04-15T22:37:56Z
abap_exercises,105,https://github.com/dgoceva67/abap_exercises,2025-04-13T04:54:37Z
AbapCloud,94,https://github.com/PappSAP/AbapCloud,2025-04-16T13:36:41Z
RAP,104,https://github.com/MichaelWegelin/RAP,2025-04-26T09:10:27Z
RTP-Transaction-Monitor,80,https://github.com/ngocbubuh/RTP-Transaction-Monitor,2025-04-15T16:27:07Z
SAP_ABAP_Project,80,https://github.com/yuddisetiawan-1980/SAP_ABAP_Project,2025-04-26T02:55:08Z
ABAP_TextTranslationNew,94,https://github.com/coldb02/ABAP_TextTranslationNew,2025-04-30T09:32:55Z
zjmp_json,77,https://github.com/MDJoerg/zjmp_json,2025-04-01T00:42:38Z
sapbtp,85,https://github.com/shravyareddy-5/sapbtp,2025-04-15T22:17:38Z
trainning_abap_cloud,75,https://github.com/duclh-3136/trainning_abap_cloud,2025-04-18T08:07:37Z
dattx_abap_cloud_train,72,https://github.com/dattx-2600/dattx_abap_cloud_train,2025-04-21T02:24:16Z
sap_abap_rap_intro_read_only,71,https://github.com/ramparam1318/sap_abap_rap_intro_read_only,2025-04-08T08:49:08Z
GCTS_Trial,70,https://github.com/ProdeaSAPABAP/GCTS_Trial,2025-04-24T14:01:50Z
AOC_ARM_3_ZARM_AOC_AT2,65,https://github.com/Arman-md/AOC_ARM_3_ZARM_AOC_AT2,2025-04-21T06:21:20Z
RAP_FinalProyect,72,https://github.com/Jmedina07/RAP_FinalProyect,2025-04-02T23:09:56Z
ABAP-Twemoji,87,https://github.com/abapPM/ABAP-Twemoji,2025-04-06T18:40:19Z
CursoAbapCloud,75,https://github.com/ventassalisap/CursoAbapCloud,2025-04-23T00:03:40Z
selfstudy_abap,60,https://github.com/imsunbow/selfstudy_abap,2025-04-23T02:05:02Z
ABAPCloud_JCCR_FP,67,https://github.com/juanccadavid/ABAPCloud_JCCR_FP,2025-04-30T23:06:54Z
rap_arun,58,https://github.com/Arunagirish/rap_arun,2025-04-19T06:39:22Z
Proyecto-ABAP-Cloud,66,https://github.com/Pantiery/Proyecto-ABAP-Cloud,2025-04-09T17:04:35Z
abap_trainning,55,https://github.com/tuannm-0896/abap_trainning,2025-04-18T08:25:22Z
AbapCloud,55,https://github.com/VinhNQ711/AbapCloud,2025-04-11T02:31:03Z
rap360,63,https://github.com/Logali-Group/rap360,2025-04-02T21:54:39Z
abap_cloud,61,https://github.com/thuynt-2588/abap_cloud,2025-04-21T01:19:41Z
SAP-ABAP,50,https://github.com/medeirospc/SAP-ABAP,2025-04-27T19:19:42Z
BTP_LOGALI_SGR,78,https://github.com/sebasgutirios/BTP_LOGALI_SGR,2025-04-14T19:19:41Z
rap-basic-demo,66,https://github.com/huuhv-0372/rap-basic-demo,2025-04-08T09:29:13Z
ABAP-Cloud,54,https://github.com/Santiago163/ABAP-Cloud,2025-04-17T21:21:21Z
rap_package,55,https://github.com/fox-clay/rap_package,2025-04-02T07:13:40Z
TEST_BTP_PUB,94,https://github.com/Ritukasture/TEST_BTP_PUB,2025-04-24T10:56:00Z
ABAP_Course,94,https://github.com/maria155/ABAP_Course,2025-04-04T14:31:53Z
RAP_DEV,380,https://github.com/bongulwar/RAP_DEV,2025-04-15T15:05:38Z
VendorPerformanceCockpit,41,https://github.com/jfbamorim/VendorPerformanceCockpit,2025-04-16T17:09:43Z
ABAPRAP-DLCNSMM,49,https://github.com/ChristopherNicolasSMM/ABAPRAP-DLCNSMM,2025-04-04T12:53:29Z
ABAP_CLOUD_I,56,https://github.com/T0r40/ABAP_CLOUD_I,2025-04-19T20:41:47Z
abap_cloud,47,https://github.com/JuanAndres-claud/abap_cloud,2025-04-29T22:28:50Z
ZABAP_CLOUD_EXT,49,https://github.com/gerardomartingozalo/ZABAP_CLOUD_EXT,2025-04-14T15:17:17Z
SAP,61,https://github.com/catriel309/SAP,2025-04-21T17:39:27Z
tool-bi,27,https://github.com/jrgkraus/tool-bi,2025-04-07T14:05:39Z
ProjetoRAP,31,https://github.com/thaiseCoutinhoEng/ProjetoRAP,2025-04-16T19:53:09Z
ABAP-RAP-Application,24,https://github.com/pntwalii/ABAP-RAP-Application,2025-04-22T14:43:56Z
sureshgctsrepository,24,https://github.com/Sure-s-h/sureshgctsrepository,2025-04-16T14:41:13Z
ABAP-BONN-ZLOANMASTER,23,https://github.com/Sadda-SAP-AAho/ABAP-BONN-ZLOANMASTER,2025-04-08T10:15:20Z
RAP_unmanaged,36,https://github.com/SKRajesh97/RAP_unmanaged,2025-04-27T18:53:12Z
miproyecto,25,https://github.com/ejmazo2025/miproyecto,2025-04-08T20:03:19Z
ABAP-BONN-ZSD_SALES_CYCLE,29,https://github.com/Sadda-SAP-AAho/ABAP-BONN-ZSD_SALES_CYCLE,2025-04-09T06:35:09Z
DemoDownload,26,https://github.com/VinhNQ-G8/DemoDownload,2025-04-23T02:58:34Z
ABAP_CLOUD_I_FJCM-,32,https://github.com/josecasss/ABAP_CLOUD_I_FJCM-,2025-04-15T20:59:48Z
ZOTR_UTILITY,20,https://github.com/jrgkraus/ZOTR_UTILITY,2025-04-30T09:07:02Z
Mass-so-upload,19,https://github.com/Arunagirish/Mass-so-upload,2025-04-20T12:14:25Z
ABAP-ACXDEV-ZSALESORDERCREATION,24,https://github.com/Sadda-SAP-AAho/ABAP-ACXDEV-ZSALESORDERCREATION,2025-04-09T06:23:40Z
Abap_Cloud_RAP_JDC,21,https://github.com/JhonDC80/Abap_Cloud_RAP_JDC,2025-04-15T01:35:34Z
ABAP-BONN-ZPURCHASE_CYCLE,26,https://github.com/Sadda-SAP-AAho/ABAP-BONN-ZPURCHASE_CYCLE,2025-04-09T06:31:31Z
TDD-by-example---Online-Course,16,https://github.com/MaddinJay/TDD-by-example---Online-Course,2025-04-29T08:25:03Z
Abap-Cloud,16,https://github.com/Gabo774/Abap-Cloud,2025-04-30T22:14:45Z
ZCIDDONC,16,https://github.com/sandraros/ZCIDDONC,2025-04-07T06:50:52Z
abap-project-02,19,https://github.com/anilsonesar-vtx/abap-project-02,2025-04-01T11:51:15Z
AbapParser,22,https://github.com/giekk/AbapParser,2025-04-02T14:17:26Z
abap_course_new,16,https://github.com/a-todorova/abap_course_new,2025-04-26T09:06:48Z
abap-integration-test-openapi,14,https://github.com/heliconialabs/abap-integration-test-openapi,2025-04-08T05:56:55Z
ABAP-BONN-ZSOTRACKING,19,https://github.com/Sadda-SAP-AAho/ABAP-BONN-ZSOTRACKING,2025-04-08T10:40:37Z
Z_RPC_RAP_UN,14,https://github.com/renivaldo82/Z_RPC_RAP_UN,2025-04-23T17:27:48Z
goal-service,24,https://github.com/ilya-savchenko-abap/goal-service,2025-04-18T08:38:38Z
ABAP-BONN-ZLOANSCHEDULE,20,https://github.com/Sadda-SAP-AAho/ABAP-BONN-ZLOANSCHEDULE,2025-04-08T10:24:09Z
Abap_Cloud_JDC,15,https://github.com/JhonDC80/Abap_Cloud_JDC,2025-04-01T16:52:44Z
abap_course,64,https://github.com/yoana-kostadinova/abap_course,2025-04-27T11:16:13Z
zrb_unmanaged,13,https://github.com/rammelbalagtas/zrb_unmanaged,2025-04-08T20:18:44Z
SAP_Practice,16,https://github.com/SFN-AMANO/SAP_Practice,2025-04-01T01:24:18Z
ABAP_CDS_RAP-,12,https://github.com/Thiagato/ABAP_CDS_RAP-,2025-04-23T17:24:35Z
SAP_OLAP,18,https://github.com/msstrottmann/SAP_OLAP,2025-04-21T23:46:28Z
Z_RPC_API,10,https://github.com/renivaldo82/Z_RPC_API,2025-04-24T18:17:36Z
abap_cloud,13,https://github.com/carllave/abap_cloud,2025-04-01T19:03:55Z
abap_cloud,13,https://github.com/heriyantoliu/abap_cloud,2025-04-15T04:11:47Z
zrb_freestyle_upload,10,https://github.com/rammelbalagtas/zrb_freestyle_upload,2025-04-17T13:12:08Z
Reuse_ALV_List_Display-Project,7,https://github.com/Samarth-Kadu/Reuse_ALV_List_Display-Project,2025-04-18T06:40:04Z
ABAP_CLOUDII_ZAPATA,18,https://github.com/Jrochaz01/ABAP_CLOUDII_ZAPATA,2025-04-30T01:19:24Z
ZMODELING_DATA_RAP_0631,7,https://github.com/GISR89/ZMODELING_DATA_RAP_0631,2025-04-18T08:11:39Z
CoreABAP,8,https://github.com/RalitsaGParashkevova/CoreABAP,2025-04-01T07:56:21Z
abap_learning2,6,https://github.com/robertomejia22/abap_learning2,2025-04-26T16:30:50Z
Abapa_coding,10,https://github.com/yashsalunkhe7997/Abapa_coding,2025-04-08T05:22:31Z
Module-pool,5,https://github.com/asyncDeveloper-fiori/Module-pool,2025-04-01T14:51:05Z
abap_cloud,6,https://github.com/manhnv-3408/abap_cloud,2025-04-18T09:35:12Z
coa_db_cds,9,https://github.com/agazibeg/coa_db_cds,2025-04-02T12:36:13Z
OO-ABAP,9,https://github.com/Pratik-B13/OO-ABAP,2025-04-23T10:42:06Z
ABAP-Unit-Tests,4,https://github.com/edmilson-nascimento/ABAP-Unit-Tests,2025-04-18T12:33:18Z
BTP_TRL,5,https://github.com/liangzihua/BTP_TRL,2025-04-07T07:49:23Z
ZBEHAVIOR_POOL_0631,7,https://github.com/GISR89/ZBEHAVIOR_POOL_0631,2025-04-22T08:15:48Z
ABAP-Naming,5,https://github.com/nagarajukalva5/ABAP-Naming,2025-04-11T07:29:21Z
adk,4,https://github.com/TobiasTroup/adk,2025-04-27T07:45:44Z
test-xslt-memory,8,https://github.com/sandraros/test-xslt-memory,2025-04-23T12:26:03Z
ZSPAS,3,https://github.com/SDGSYSTEM2108/ZSPAS,2025-04-28T19:11:42Z
ABAP-Cloud,5,https://github.com/KC-ABAP/ABAP-Cloud,2025-04-04T14:20:57Z
ALV,14,https://github.com/asyncDeveloper-fiori/ALV,2025-04-29T12:10:40Z
abapgit-workflow,16,https://github.com/Banu-Kaavian/abapgit-workflow,2025-04-22T05:33:05Z
sap-labs,3,https://github.com/Sayak-Bhunia/sap-labs,2025-04-09T09:07:25Z
SistemaRH-ABAP-,4,https://github.com/CamilleDggukk/SistemaRH-ABAP-,2025-04-16T20:44:25Z
abap_scp,34,https://github.com/Roger-Alfa-Git/abap_scp,2025-04-07T21:45:32Z
ZHOLA_MUNDO_34,39,https://github.com/LoreVeren/ZHOLA_MUNDO_34,2025-04-10T10:45:09Z
education,5,https://github.com/valihan/education,2025-04-10T04:48:11Z
OO-ALV,4,https://github.com/Samarth-Kadu/OO-ALV,2025-04-29T08:37:16Z
RAP-Event,5,https://github.com/Timo-Maier/RAP-Event,2025-04-30T10:50:30Z
ID10T,3,https://github.com/mbtools/ID10T,2025-04-10T10:38:33Z
RAP_GENERATOR_TEST_APP_GER,10,https://github.com/gerardomartingozalo/RAP_GENERATOR_TEST_APP_GER,2025-04-14T15:14:14Z
Baseline,2,https://github.com/Sean1510/Baseline,2025-04-03T19:06:36Z
fsd-on-smartforms,3015,https://github.com/mpavankumar408/fsd-on-smartforms,2025-04-09T06:15:52Z
Block-ALV-Creation,4,https://github.com/Samarth-Kadu/Block-ALV-Creation,2025-04-30T07:59:51Z
Acquiring-Core-ABAP-Skill-Tutorials,14,https://github.com/carllave/Acquiring-Core-ABAP-Skill-Tutorials,2025-04-25T13:41:50Z
Module-Pool-Programming,8,https://github.com/Samarth-Kadu/Module-Pool-Programming,2025-04-29T11:29:59Z
ZHOLA_MUNDO,33,https://github.com/GSAV04/ZHOLA_MUNDO,2025-04-10T11:12:22Z
ZOAS17,1,https://github.com/venkatui5github/ZOAS17,2025-04-14T16:25:18Z
sap-abap-mini-erp,15,https://github.com/zeyneperkilic/sap-abap-mini-erp,2025-04-03T12:10:01Z
abap_cloud,2,https://github.com/Aleuxs/abap_cloud,2025-04-08T22:20:32Z
Learning-ABAP_3,1,https://github.com/Luisa-333/Learning-ABAP_3,2025-04-11T11:04:52Z
Abap-Eventhandler-1,1,https://github.com/Butch3476/Abap-Eventhandler-1,2025-04-15T00:51:13Z
Z_GG_RAP_UN,12,https://github.com/GustavoGodoy12/Z_GG_RAP_UN,2025-04-23T17:27:19Z
OData,2,https://github.com/nikhilmishraa/OData,2025-04-26T13:16:22Z
Reuse_ALV_Grid_Display,5,https://github.com/Samarth-Kadu/Reuse_ALV_Grid_Display,2025-04-29T06:14:10Z
hierarchical-ALV,4,https://github.com/Samarth-Kadu/hierarchical-ALV,2025-04-29T07:14:54Z
Manual-Create-Field-Catalogue-to-Display-ALV-Grid,4,https://github.com/Samarth-Kadu/Manual-Create-Field-Catalogue-to-Display-ALV-Grid,2025-04-29T06:34:59Z
Z_RPP_RAP_UN,12,https://github.com/cursebearer/Z_RPP_RAP_UN,2025-04-23T17:30:27Z
Learning-ABAP_1,1,https://github.com/Luisa-333/Learning-ABAP_1,2025-04-11T08:38:16Z
Abap-Usernames-,1,https://github.com/Butch3476/Abap-Usernames-,2025-04-14T23:28:59Z
RAP,10,https://github.com/anyelledesma/RAP,2025-04-16T14:23:34Z
RAP_Demo,44,https://github.com/bongulwar/RAP_Demo,2025-04-09T09:26:09Z
Interactive-Classical-Report,6,https://github.com/Samarth-Kadu/Interactive-Classical-Report,2025-04-28T07:33:28Z
EHO_NEW_EXIT,3,https://github.com/Evoakyuz/EHO_NEW_EXIT,2025-04-17T06:28:31Z
RAP_GENERATOR_TEST_APP,11,https://github.com/catriel309/RAP_GENERATOR_TEST_APP,2025-04-21T20:44:44Z
Modularization-Technique-Function-Module,3,https://github.com/Samarth-Kadu/Modularization-Technique-Function-Module,2025-04-28T09:28:51Z
Z_ERMO_RAP_UN2,12,https://github.com/EduardoRafael2/Z_ERMO_RAP_UN2,2025-04-23T17:22:15Z
Z_RPZ_RAP_UN,12,https://github.com/RafaelPadilhaZeichel/Z_RPZ_RAP_UN,2025-04-23T17:25:00Z
ABAP-Unmanaged-Scenario,29,https://github.com/mdFahadBurney/ABAP-Unmanaged-Scenario,2025-04-07T06:56:49Z
ABAP-BN-ZGATEENTRY_IN,85,https://github.com/Sadda-SAP-AAho/ABAP-BN-ZGATEENTRY_IN,2025-04-09T16:12:34Z
ZHOLAMUNDO_25,41,https://github.com/sergioC45/ZHOLAMUNDO_25,2025-04-14T10:03:03Z
sureshgctsforqatesting,13,https://github.com/Sure-s-h/sureshgctsforqatesting,2025-04-22T09:30:40Z
Z_AS_RAP_UN,12,https://github.com/AndersonSantoos/Z_AS_RAP_UN,2025-04-23T17:30:07Z
class_rap_facade_,2,https://github.com/Arunagirish/class_rap_facade_,2025-04-27T11:29:37Z
ZCUSTOM_ACCESS_0631,6,https://github.com/GISR89/ZCUSTOM_ACCESS_0631,2025-04-09T14:07:44Z
ZHOLA_MUNDO_29,21,https://github.com/JaviMarBo/ZHOLA_MUNDO_29,2025-04-10T10:45:43Z
abap2UI5,32234,https://github.com/DjamalSAP/abap2UI5,2025-04-10T18:13:54Z
Z_VOA_RAP_UN,13,https://github.com/vitoriaoliveirati/Z_VOA_RAP_UN,2025-04-23T17:27:50Z
Data-Migration-BDC-Call-Transaction,11,https://github.com/Samarth-Kadu/Data-Migration-BDC-Call-Transaction,2025-04-30T15:30:50Z
queen_attack,4,https://github.com/magidbaruch/queen_attack,2025-04-27T08:48:45Z
ZPK_FI_ZARAP01,40,https://github.com/Hapu2001/ZPK_FI_ZARAP01,2025-04-29T03:36:00Z
sap-abap-mini-invoice-tracker,8,https://github.com/zeyneperkilic/sap-abap-mini-invoice-tracker,2025-04-03T13:14:23Z
zhola_mundo_36,35,https://github.com/gremoenzo/zhola_mundo_36,2025-04-10T10:45:08Z
abap_git_test,2,https://github.com/stationedabroad/abap_git_test,2025-04-14T18:12:53Z
Rap_unmnaged,14,https://github.com/Arunagirish/Rap_unmnaged,2025-04-19T07:18:40Z
ZABAPGIT,126,https://github.com/BetoLara/ZABAPGIT,2025-04-27T01:29:55Z
Tabuada-Simples-em-ABAP-Cloud,73,https://github.com/Ronnyfs/Tabuada-Simples-em-ABAP-Cloud,2025-04-10T20:18:32Z
Z_EP_CDS_RAP,23,https://github.com/Edson-David/Z_EP_CDS_RAP,2025-04-23T17:14:36Z
rap_demo,257,https://github.com/cuongus/rap_demo,2025-04-25T03:13:08Z
zhola_mundo_37,33,https://github.com/dinoel9865/zhola_mundo_37,2025-04-10T10:45:13Z
Test_master_cloud_c345,3,https://github.com/EnriqueIrala/Test_master_cloud_c345,2025-04-12T17:53:16Z
Debugger-Ext-for-abapGit,25,https://github.com/Marc-Bernard-Tools/Debugger-Ext-for-abapGit,2025-04-23T19:24:27Z
RAPUnmanged1,38,https://github.com/rachitnxt/RAPUnmanged1,2025-04-06T10:23:20Z
issue-7208,3,https://github.com/mbtools/issue-7208,2025-04-12T08:51:30Z
Z_NRN_RAP_UN,12,https://github.com/nubianaliatti/Z_NRN_RAP_UN,2025-04-24T12:39:33Z
CDS_Object_page,19,https://github.com/Herygzz/CDS_Object_page,2025-04-25T16:19:21Z
zcm-estimated-account,28,https://github.com/macomb2/zcm-estimated-account,2025-04-17T13:13:43Z
ZJAQS4D00,18,https://github.com/JuanAQ/ZJAQS4D00,2025-04-22T13:24:12Z
request-order-invoice-sap-report,29,https://github.com/Rarity64/request-order-invoice-sap-report,2025-04-04T05:51:26Z
CDS_Cheat_Sheets,45,https://github.com/tomlena/CDS_Cheat_Sheets,2025-04-08T00:18:52Z
Customer,14,https://github.com/Atul6574/Customer,2025-04-21T13:10:47Z
parking-area-management,3,https://github.com/huongnt-2545/parking-area-management,2025-04-29T03:00:26Z
issue-7000,1,https://github.com/mbtools/issue-7000,2025-04-05T08:29:03Z
Learning-ABAP_2,1,https://github.com/Luisa-333/Learning-ABAP_2,2025-04-11T09:39:33Z
abap_onpremise,1202,https://github.com/Roger-Alfa-Git/abap_onpremise,2025-04-08T17:40:21Z
Abap-Eventhandler-2,1,https://github.com/Butch3476/Abap-Eventhandler-2,2025-04-15T01:52:10Z
fiori_freestyle_2025_school,18,https://github.com/seto013/fiori_freestyle_2025_school,2025-04-15T18:14:34Z
Z_TEST_API_CSHARP,13,https://github.com/Edson-David/Z_TEST_API_CSHARP,2025-04-23T17:25:22Z
SAP_SMARTFORMS_Invoice_generation,15,https://github.com/BhaskarKulshrestha/SAP_SMARTFORMS_Invoice_generation,2025-04-29T11:49:16Z
Data-Migration-BAPI,4,https://github.com/Samarth-Kadu/Data-Migration-BAPI,2025-04-30T16:39:57Z
EHO_NEW,210,https://github.com/Evoakyuz/EHO_NEW,2025-04-17T06:12:34Z
RAP-Unmanaged,33,https://github.com/durgesh250201/RAP-Unmanaged,2025-04-22T08:02:52Z
File-Handling,4,https://github.com/Samarth-Kadu/File-Handling,2025-04-30T07:32:14Z
ABAP_Resources,107,https://github.com/acradibotC/ABAP_Resources,2025-04-23T07:43:02Z
abap-utils,4,https://github.com/thiagoluisgarcia/abap-utils,2025-04-09T20:16:06Z
crud-abap,15,https://github.com/GustavoGregio/crud-abap,2025-04-28T18:22:02Z
ABAP1,1142,https://github.com/qqq03/ABAP1,2025-04-02T02:15:51Z
zhola_mundo_21,41,https://github.com/mmorcillon/zhola_mundo_21,2025-04-10T10:45:05Z
main,2,https://github.com/magidbaruch/main,2025-04-27T18:08:27Z
SAP_ABAP_Project,80,https://github.com/Luis0Dev/SAP_ABAP_Project,2025-04-20T18:45:26Z
ABAP,30,https://github.com/JuanAQ/ABAP,2025-04-22T11:53:10Z
Z_ATB_RAP_UN,12,https://github.com/Alex-Brito-91/Z_ATB_RAP_UN,2025-04-23T17:27:50Z
Table-Function-MFB,19,https://github.com/mdFahadBurney/Table-Function-MFB,2025-04-07T06:49:34Z
abapBTPlearningSAP,90,https://github.com/aditheos/abapBTPlearningSAP,2025-04-06T08:14:53Z
ABAP_Prueba,22,https://github.com/Herygzz/ABAP_Prueba,2025-04-24T16:54:34Z
abap_cloud,2,https://github.com/jalgua64w/abap_cloud,2025-04-27T21:10:30Z
Classical-Reports,4,https://github.com/Samarth-Kadu/Classical-Reports,2025-04-28T07:17:47Z
Abap-Interface,1,https://github.com/Butch3476/Abap-Interface,2025-04-15T00:11:22Z
ABAP_Cloud_02,2,https://github.com/ragueraGit/ABAP_Cloud_02,2025-04-30T11:29:13Z
SAP_Grepp,3,https://github.com/samjinxx/SAP_Grepp,2025-04-30T02:39:49Z
abap_artifact_generators,5,https://github.com/sabarna17/abap_artifact_generators,2025-04-12T09:30:04Z
ABAP,7,https://github.com/djeizan/ABAP,2025-04-11T17:58:36Z
MT_RAP_Mar25,80,https://github.com/sidddartha/MT_RAP_Mar25,2025-04-08T04:17:19Z
anil24,1,https://github.com/krishna142429/anil24,2025-04-27T03:26:04Z
RAP-100-,23,https://github.com/mdFahadBurney/RAP-100-,2025-04-07T06:10:19Z
Monster_Actions,3,https://github.com/Leo-CF/Monster_Actions,2025-04-02T14:26:15Z
zhola_mundo_35,33,https://github.com/fblazquezweber/zhola_mundo_35,2025-04-10T10:45:11Z
Z_DCD_RAP_UN,12,https://github.com/Dayanedavid/Z_DCD_RAP_UN,2025-04-23T17:27:35Z
Modularization-Techniques-Include-,4,https://github.com/Samarth-Kadu/Modularization-Techniques-Include-,2025-04-28T08:23:27Z
zhola_mundo_38,35,https://github.com/kilian99/zhola_mundo_38,2025-04-10T10:45:06Z
TRAVEL_RAP_VIVO,16,https://github.com/gerardomartingozalo/TRAVEL_RAP_VIVO,2025-04-14T15:04:10Z
ABAP-ooalv,4,https://github.com/shabanaasmin2322/ABAP-ooalv,2025-04-16T11:53:09Z
ml-intrc-cr,56,https://github.com/vneecious/ml-intrc-cr,2025-04-29T14:52:56Z
OOP-Interface-Creation,3,https://github.com/Samarth-Kadu/OOP-Interface-Creation,2025-04-29T08:21:17Z
SAP-BTP2,4,https://github.com/noskill123456/SAP-BTP2,2025-04-07T13:40:08Z
aes2,142,https://github.com/jindong1978/aes2,2025-04-01T10:34:13Z
abap_cloud,2,https://github.com/JrPz23/abap_cloud,2025-04-15T13:35:08Z
EXA_SCC,1961,https://github.com/tamitdassharma/EXA_SCC,2025-04-16T11:23:02Z
Z_RPZ_TESTE_RAP,11,https://github.com/RafaelPadilhaZeichel/Z_RPZ_TESTE_RAP,2025-04-23T17:26:53Z
ZCO_MFGCOST,38,https://github.com/shkim1222/ZCO_MFGCOST,2025-04-30T04:01:22Z
ABAP-ES,15,https://github.com/1391202028/ABAP-ES,2025-04-17T06:34:27Z
odapu-abap,85347,https://github.com/mariokernich/odapu-abap,2025-05-29T13:37:52Z
ABAP_Portfolio,3850,https://github.com/YOUNBEOM-KIM/ABAP_Portfolio,2025-05-10T14:56:35Z
yaai,3692,https://github.com/christianjianelli/yaai,2025-05-21T11:32:11Z
abap-ai-documentation,2356,https://github.com/SWANGmbH/abap-ai-documentation,2025-05-22T09:55:35Z
abap-rap,2087,https://github.com/edmilson-nascimento/abap-rap,2025-05-03T10:49:43Z
mustafa-gedikli-001,1393,https://github.com/mgedikli/mustafa-gedikli-001,2025-05-19T22:08:01Z
zdev,1285,https://github.com/LucasTMartins/zdev,2025-05-20T19:38:04Z
sap-flights-project,1882,https://github.com/qqq03/sap-flights-project,2025-05-24T05:20:50Z
zfiori_001,794,https://github.com/Alan-Reis/zfiori_001,2025-05-01T10:15:00Z
ABAP-Examples,508,https://github.com/brqcndn/ABAP-Examples,2025-05-19T17:32:00Z
BASE,509,https://github.com/EliasSaid30/BASE,2025-05-14T19:54:46Z
employee-certification-tracker-abap,240,https://github.com/sai-meghana5/employee-certification-tracker-abap,2025-05-27T07:25:50Z
sap-trm-tutorial,200,https://github.com/kristin-krastev/sap-trm-tutorial,2025-05-09T10:05:02Z
TUGBAOZTURK_SAP,196,https://github.com/tugbaozturk66/TUGBAOZTURK_SAP,2025-05-19T18:13:10Z
ABAP_CLOUD_II_LABS,141,https://github.com/T0r40/ABAP_CLOUD_II_LABS,2025-05-11T20:59:28Z
pranav_gcts-_repo,136,https://github.com/Pranavgudepu/pranav_gcts-_repo,2025-05-13T07:35:37Z
popups,130,https://github.com/abap2UI5-addons/popups,2025-05-02T09:29:49Z
selection-screen,114,https://github.com/abap2UI5-addons/selection-screen,2025-05-02T11:24:48Z
ZMM_INT_PO,108,https://github.com/lrcherubini/ZMM_INT_PO,2025-05-30T13:56:33Z
ABAP_RAP_ADT3,66,https://github.com/R4F43LL-D3VB3GINN3R/ABAP_RAP_ADT3,2025-05-29T09:08:57Z
abap-oo-cheat-sheets,113,https://github.com/isavchenko-sap/abap-oo-cheat-sheets,2025-05-26T11:25:32Z
ABAP_CLOUDII_-B25C363,115,https://github.com/EnriqueIrala/ABAP_CLOUDII_-B25C363,2025-05-10T15:02:10Z
ABAP_RAP_ADT,103,https://github.com/R4F43LL-D3VB3GINN3R/ABAP_RAP_ADT,2025-05-06T14:59:44Z
ZGESTION_INCIDENT_0631,110,https://github.com/GISR89/ZGESTION_INCIDENT_0631,2025-05-07T15:07:17Z
RAPLabLogali,111,https://github.com/molinje/RAPLabLogali,2025-05-19T16:04:06Z
Hana-AC357,96,https://github.com/WladimirRivera/Hana-AC357,2025-05-27T12:30:04Z
ABAP_FOR_HANA_C348,95,https://github.com/WladimirRivera/ABAP_FOR_HANA_C348,2025-05-06T18:08:04Z
Bhanu_Onpremise,107,https://github.com/BhanuPrasadYeligeti/Bhanu_Onpremise,2025-05-15T11:37:14Z
abap,108,https://github.com/kbkozlev/abap,2025-05-06T08:49:32Z
SAP,96,https://github.com/FurkanKabakci/SAP,2025-05-19T18:11:51Z
RAPProyectoLog,106,https://github.com/molinje/RAPProyectoLog,2025-05-20T13:39:34Z
cloudabap,82,https://github.com/qqq03/cloudabap,2025-05-23T04:04:59Z
Timecop,90,https://github.com/hrucco/Timecop,2025-05-09T14:53:38Z
S4D430_core_abap_skills,98,https://github.com/fmumali/S4D430_core_abap_skills,2025-05-11T09:50:51Z
SAP-EAM,81,https://github.com/cyril-devops-ng/SAP-EAM,2025-05-24T10:33:37Z
ABAP_CLOUDII_ZAPATA,91,https://github.com/cvega009/ABAP_CLOUDII_ZAPATA,2025-05-21T15:12:42Z
ADT_SB_003,81,https://github.com/ASPN-SILLASG/ADT_SB_003,2025-05-27T02:14:59Z
GCTS,79,https://github.com/saikumardasari8888/GCTS,2025-05-07T13:52:46Z
ABAP_CLOUD_I_B25C362,72,https://github.com/EnriqueIrala/ABAP_CLOUD_I_B25C362,2025-05-10T19:06:31Z
Writing-Testable-Code-For-ABAP,74,https://github.com/andresj6/Writing-Testable-Code-For-ABAP,2025-05-10T09:56:37Z
GCTSGIT1,71,https://github.com/NagaRaju2003/GCTSGIT1,2025-05-26T11:12:31Z
abap_scp,69,https://github.com/Jrruss91/abap_scp,2025-05-27T15:21:51Z
ABAP_CLOUD_II_C346_2,62,https://github.com/WladimirRivera/ABAP_CLOUD_II_C346_2,2025-05-06T14:11:12Z
ABAP_RAP_ADT2,58,https://github.com/R4F43LL-D3VB3GINN3R/ABAP_RAP_ADT2,2025-05-25T12:01:43Z
ProyectoRAP,62,https://github.com/fabris30/ProyectoRAP,2025-05-30T22:14:37Z
ABAPCloudI_B25C362,64,https://github.com/KingAlex48/ABAPCloudI_B25C362,2025-05-20T19:29:21Z
zcl_alv,64,https://github.com/ricardopsj/zcl_alv,2025-05-06T02:02:50Z
btp365,88,https://github.com/Logali-Group/btp365,2025-05-31T18:43:57Z
SAP-S4-HANA-Programming,83,https://github.com/Manojkumarsingaram/SAP-S4-HANA-Programming,2025-05-30T03:23:12Z
RAP-Z_SRUPRA,49,https://github.com/srujanareddy30/RAP-Z_SRUPRA,2025-05-13T09:36:12Z
sap-sapscript,61,https://github.com/equinor/sap-sapscript,2025-05-01T22:11:12Z
SAP-REFX,61,https://github.com/cyril-devops-ng/SAP-REFX,2025-05-24T10:03:39Z
Curso-Fiori-FreeStyle---BackEnd,46,https://github.com/Jonathan-Ferreira-Berdusco/Curso-Fiori-FreeStyle---BackEnd,2025-05-19T17:42:23Z
Custom-Entity,49,https://github.com/DawnDweller/Custom-Entity,2025-05-31T13:31:14Z
ZRB_MRPA_FREESTYLE,48,https://github.com/rammelbalagtas/ZRB_MRPA_FREESTYLE,2025-05-15T12:36:34Z
ABAP,40,https://github.com/drahciry/ABAP,2025-05-19T11:58:19Z
abap_zrange,37,https://github.com/jrgkraus/abap_zrange,2025-05-20T14:37:09Z
FINAL_PROJECT_ABAP_CLOUD_I,37,https://github.com/josecasss/FINAL_PROJECT_ABAP_CLOUD_I,2025-05-01T13:46:48Z
cloud-proyect,38,https://github.com/Melamunoz223/cloud-proyect,2025-05-30T15:59:11Z
ABAP-AJSON-Extensions,37,https://github.com/abapPM/ABAP-AJSON-Extensions,2025-05-06T14:18:22Z
SAP,51,https://github.com/maikoborges/SAP,2025-05-23T01:44:44Z
ZwdFTP,35,https://github.com/WeiKKJ/ZwdFTP,2025-05-28T02:13:38Z
SAP_ONPRMISE,35,https://github.com/VinhNQ-G8/SAP_ONPRMISE,2025-05-12T06:31:30Z
abap-Basic-ALV-Template-MVC,37,https://github.com/heny2/abap-Basic-ALV-Template-MVC,2025-05-07T02:18:34Z
Z_ABAP_SQL,38,https://github.com/josecasss/Z_ABAP_SQL,2025-05-05T20:50:23Z
abap-cloud,28,https://github.com/tadeomtnz/abap-cloud,2025-05-27T22:43:36Z
diff3_mirror,30,https://github.com/abapGit/diff3_mirror,2025-05-22T12:08:42Z
Sonda080,37,https://github.com/PappSAP/Sonda080,2025-05-20T00:29:33Z
managed_bo,27,https://github.com/shubhamWaghmare-sap/managed_bo,2025-05-26T07:50:22Z
ZABAP_BTP_0631,33,https://github.com/GISR89/ZABAP_BTP_0631,2025-05-19T12:11:24Z
ABAP_CloudI_RVV_GestionOT,30,https://github.com/rvillalobos251268/ABAP_CloudI_RVV_GestionOT,2025-05-10T20:50:03Z
MasterCAM,30,https://github.com/Barrera27/MasterCAM,2025-05-14T01:58:21Z
ABAP-Extensibility-Challenge,28,https://github.com/mdFahadBurney/ABAP-Extensibility-Challenge,2025-05-13T20:03:52Z
ZS4D400_03,39,https://github.com/d0mzsauz/ZS4D400_03,2025-05-08T00:57:15Z
Modelo_Datos,63,https://github.com/Herygzz/Modelo_Datos,2025-05-02T23:51:43Z
ABAP_CLODII_AGORAII,35,https://github.com/EnriqueIrala/ABAP_CLODII_AGORAII,2025-05-12T16:26:46Z
ABAP-Cloud-Challenge,28,https://github.com/mdFahadBurney/ABAP-Cloud-Challenge,2025-05-08T09:57:19Z
ABAP-Distinguished-Name,38,https://github.com/abapPM/ABAP-Distinguished-Name,2025-05-10T10:15:58Z
Sales-Ordes---Proyecto-Final,36,https://github.com/fabris30/Sales-Ordes---Proyecto-Final,2025-05-26T17:05:43Z
ABAP_MVC_01,25,https://github.com/joaoluismedeiros/ABAP_MVC_01,2025-05-03T15:00:59Z
custom-conversions,21,https://github.com/kleodon/custom-conversions,2025-05-09T11:53:06Z
Kundenanalyse-ABAP-Project-,36,https://github.com/ivnkml/Kundenanalyse-ABAP-Project-,2025-05-10T16:25:58Z
CDS,23,https://github.com/asyncDeveloper-fiori/CDS,2025-05-04T10:45:06Z
ZG4IB_ESMEK_2025,24,https://github.com/irembyksarac26/ZG4IB_ESMEK_2025,2025-05-27T12:37:24Z
ABAP,26,https://github.com/KlvnWr/ABAP,2025-05-28T19:57:11Z
youtube-curso-fiori-freestyle-backend-upload,18,https://github.com/vcd94xt10z/youtube-curso-fiori-freestyle-backend-upload,2025-05-11T00:19:17Z
SAP-EWM-EXAMPLES,18,https://github.com/Jelena-P/SAP-EWM-EXAMPLES,2025-05-15T21:46:38Z
ABAP_Proyecto,23,https://github.com/jrubiano-9817/ABAP_Proyecto,2025-05-15T14:48:48Z
btp_rap_2025,28,https://github.com/amar42005/btp_rap_2025,2025-05-11T22:34:24Z
ABAPROOMSOLUTION,15,https://github.com/BasantJoshi01/ABAPROOMSOLUTION,2025-05-09T07:43:50Z
abapdemo,28,https://github.com/Demonium/abapdemo,2025-05-20T06:28:32Z
zcl_log,18,https://github.com/ricardopsj/zcl_log,2025-05-06T00:37:30Z
abapshoppingcart,18,https://github.com/kuntergunt/abapshoppingcart,2025-05-21T14:06:53Z
ZPLUS1,12,https://github.com/Safadurimo/ZPLUS1,2025-05-11T13:21:32Z
HTTP_order,12,https://github.com/abapGit-tests/HTTP_order,2025-05-22T11:40:07Z
abap_cloud01,11,https://github.com/arielsa/abap_cloud01,2025-05-21T17:34:56Z
ZG4_ESMEK_25,12,https://github.com/cemilaksel/ZG4_ESMEK_25,2025-05-24T14:20:55Z
UIT_MSIS4013_Database,9,https://github.com/thienphu7/UIT_MSIS4013_Database,2025-05-30T13:30:46Z
ZABAPCLOUD,10,https://github.com/AngeloPellegrino1997/ZABAPCLOUD,2025-05-27T19:52:24Z
ABAP-utils,14,https://github.com/cursebearer/ABAP-utils,2025-05-08T20:06:19Z
ABAP_Roman_Arabic_Numeral_Converter,10,https://github.com/JozsefSzikszai/ABAP_Roman_Arabic_Numeral_Converter,2025-05-27T06:40:26Z
emails,8,https://github.com/lipecborges/emails,2025-05-13T14:08:27Z
Automatic-toc,9,https://github.com/Devmmanuel/Automatic-toc,2025-05-18T00:17:36Z
sap_cop,8,https://github.com/adhi024/sap_cop,2025-05-26T06:34:14Z
trm-cts-dep-check,11,https://github.com/RegestaItalia/trm-cts-dep-check,2025-05-29T14:27:58Z
ZSM59,27,https://github.com/Suman095/ZSM59,2025-05-02T14:23:34Z
ZTEST_ABAPGIT,7,https://github.com/FUCJUL77/ZTEST_ABAPGIT,2025-05-07T11:28:27Z
SAP_ABAP_KJ,5,https://github.com/Kishor-Jabwani/SAP_ABAP_KJ,2025-05-19T10:29:57Z
ABAP_DEMO,4,https://github.com/arnabmidde/ABAP_DEMO,2025-05-19T21:34:02Z
DHBW-Mannheim-WI2023SEB-ABAP,4,https://github.com/DrBackmischung/DHBW-Mannheim-WI2023SEB-ABAP,2025-05-28T15:01:54Z
Desenvolvimento-SAP-ABAP,3,https://github.com/Luizguni/Desenvolvimento-SAP-ABAP,2025-05-21T17:21:36Z
abap_cloud,6,https://github.com/Ricardo56789/abap_cloud,2025-05-28T02:57:51Z
abap-youtube,6,https://github.com/Xexer/abap-youtube,2025-05-06T17:43:23Z
SAJC_dep,4,https://github.com/abapGit-tests/SAJC_dep,2025-05-20T17:44:34Z
import_check,2,https://github.com/aarnapant-sap/import_check,2025-05-15T12:33:55Z
sap_abap_cloud,3,https://github.com/Eliasc77/sap_abap_cloud,2025-05-02T20:14:54Z
abap_cloud,13,https://github.com/drochasev/abap_cloud,2025-05-11T18:37:27Z
abap_cloud,12,https://github.com/Sarther/abap_cloud,2025-05-10T20:41:00Z
SKY_ABAP_EC1,37,https://github.com/arnabmidde/SKY_ABAP_EC1,2025-05-19T19:36:37Z
SAP-ABAP,31,https://github.com/valdyy/SAP-ABAP,2025-05-05T05:43:40Z
ABAP-Classes,8,https://github.com/thisissrs4u/ABAP-Classes,2025-05-08T17:18:19Z
Z_ALTAFLOW,2,https://github.com/AdrianLazaroAT/Z_ALTAFLOW,2025-05-12T16:54:50Z
abapgit-teste,7,https://github.com/valdirmendesdev/abapgit-teste,2025-05-16T23:03:57Z
ZG3CA_ESMEK_2025,4,https://github.com/cemilakselai/ZG3CA_ESMEK_2025,2025-05-26T17:03:41Z
ZTEST20250328,13,https://github.com/rodrigo1766/ZTEST20250328,2025-05-16T13:16:15Z
workshop_create_copy,21,https://github.com/tricktresor/workshop_create_copy,2025-05-20T15:36:45Z
ABAP2UI5_SAMPLES2,595,https://github.com/P2004402532/ABAP2UI5_SAMPLES2,2025-05-22T14:12:19Z
ABAP_Projekte,20,https://github.com/VladimirVaraksin/ABAP_Projekte,2025-05-04T12:58:34Z
RAP-UNMANAGED,27,https://github.com/Nagamani1312/RAP-UNMANAGED,2025-05-12T10:20:38Z
ZEINVOICE,284,https://github.com/MortalGT/ZEINVOICE,2025-05-13T06:07:12Z
ZG4CA_ESMEK_25,12,https://github.com/cemilaksel/ZG4CA_ESMEK_25,2025-05-25T08:17:08Z
Master_SAP_ABAP_Cloud_1_PF,21,https://github.com/Armandohr/Master_SAP_ABAP_Cloud_1_PF,2025-05-22T18:39:33Z
ABAP_CLOUD_AGN,2,https://github.com/algomezapata/ABAP_CLOUD_AGN,2025-05-06T22:16:22Z
LRN_S4D4XX_MAIN,542,https://github.com/d0mzsauz/LRN_S4D4XX_MAIN,2025-05-08T05:49:39Z
in_house_dev,28,https://github.com/pavel-artemenko/in_house_dev,2025-05-22T13:04:46Z
ProyectoAbapCloud,13,https://github.com/jmiguelop23/ProyectoAbapCloud,2025-05-28T07:53:27Z
ZRAP_VALERIA,10,https://github.com/WladimirRivera/ZRAP_VALERIA,2025-05-28T16:35:51Z
HE4_Code_Back_ABAP_GIT,3,https://github.com/CooperWalsh76/HE4_Code_Back_ABAP_GIT,2025-05-14T17:37:32Z
ABAP_REF,72,https://github.com/dbui6802/ABAP_REF,2025-05-15T15:51:36Z
mutabakat02,1697,https://github.com/ozdemiryigit/mutabakat02,2025-05-23T14:37:35Z
ZUTILS,4,https://github.com/KubaD-D/ZUTILS,2025-05-17T11:30:25Z
ZG4OZ_ESMEK_2025,12,https://github.com/obaybora/ZG4OZ_ESMEK_2025,2025-05-27T12:37:20Z
Newabaprepo,15,https://github.com/Anudeepika3073/Newabaprepo,2025-05-06T07:58:13Z
test_abap_cloud,28,https://github.com/PabloAMM/test_abap_cloud,2025-05-06T15:54:33Z
abap-project-03,3,https://github.com/anilsonesar-vtx/abap-project-03,2025-05-13T14:18:14Z
Abap-Ref-to-ITAB,1,https://github.com/Butch3476/Abap-Ref-to-ITAB,2025-05-20T22:44:27Z
ABAP_VARIANTE_ALV,46,https://github.com/joaoluismedeiros/ABAP_VARIANTE_ALV,2025-05-24T03:22:36Z
ZG2AE_ESMEK_2025,34,https://github.com/abap-developer-asli/ZG2AE_ESMEK_2025,2025-05-27T12:37:48Z
abap_cloud,2,https://github.com/ragdeGit/abap_cloud,2025-05-26T21:13:34Z
ZCURSO_ABAP_CLOUD,39,https://github.com/WladimirRivera/ZCURSO_ABAP_CLOUD,2025-05-28T16:50:28Z
Z_ADOBE_FORMS,29,https://github.com/vitoriaoliveirati/Z_ADOBE_FORMS,2025-05-01T20:39:53Z
RAP_Unmanaged,16,https://github.com/ChetanAware/RAP_Unmanaged,2025-05-02T12:17:28Z
S4D400_04YH,23,https://github.com/d0mzsauz/S4D400_04YH,2025-05-09T03:05:23Z
ctu3abap,11,https://github.com/zhang928160849/ctu3abap,2025-05-26T05:48:47Z
ABAP_CLOUD_II_C346_CLEAN_CORE,11,https://github.com/WladimirRivera/ABAP_CLOUD_II_C346_CLEAN_CORE,2025-05-06T14:29:04Z
zabapgittest2,4,https://github.com/FUCJUL77/zabapgittest2,2025-05-07T12:36:54Z
AbapCloud,37,https://github.com/Roger-Alfa-Git/AbapCloud,2025-05-07T00:11:26Z
abapqol,8,https://github.com/suataltan/abapqol,2025-05-12T08:01:31Z
new,2,https://github.com/MustafaCengiz1/new,2025-05-15T09:21:08Z
wbs,132,https://github.com/rayyeap/wbs,2025-05-20T01:46:27Z
OAS19,1,https://github.com/venkatui5github/OAS19,2025-05-24T16:24:25Z
ABAP-FEATURE-GATE,250,https://github.com/furkancosgun/ABAP-FEATURE-GATE,2025-05-01T18:03:42Z
AJWT,8,https://github.com/furkancosgun/AJWT,2025-05-07T10:52:47Z
DEMO_FLIGHT,505,https://github.com/d0mzsauz/DEMO_FLIGHT,2025-05-08T02:13:24Z
Eclipse_Package,196,https://github.com/pawanpandit81/Eclipse_Package,2025-05-14T10:55:29Z
colbyAGExercise1,2,https://github.com/JaxxCZE/colbyAGExercise1,2025-05-15T10:18:54Z
ZRAP400_Testing,67,https://github.com/mceciabate/ZRAP400_Testing,2025-05-15T12:11:37Z
clas-descr-test,2,https://github.com/fabianlupa/clas-descr-test,2025-05-20T18:03:56Z
abap-tarih-analiz-ve-gun-raporu,4,https://github.com/ErenErbey/abap-tarih-analiz-ve-gun-raporu,2025-05-24T20:43:27Z
demo101abap,2,https://github.com/aancos/demo101abap,2025-05-04T14:22:18Z
ABAPRAPS3Example,11,https://github.com/MertSAP/ABAPRAPS3Example,2025-05-25T07:55:23Z
abap_cloud,2,https://github.com/LuisTV13/abap_cloud,2025-05-31T00:03:46Z
quick,1,https://github.com/aarnapant-sap/quick,2025-05-16T07:47:57Z
ZRAP110_007,20,https://github.com/MilanNTT/ZRAP110_007,2025-05-09T06:55:47Z
ZRAP100,24,https://github.com/vicenterj1/ZRAP100,2025-05-02T19:37:05Z
test,2,https://github.com/mustafabkoc/test,2025-05-08T17:29:59Z
abap-portfolio,8,https://github.com/mjsantoss/abap-portfolio,2025-05-09T19:48:55Z
ZG3EK_ESMEK_2025,6,https://github.com/saliherenkilinc/ZG3EK_ESMEK_2025,2025-05-26T17:03:43Z
SAPRAP1,13,https://github.com/Win1807/SAPRAP1,2025-05-05T00:34:31Z
ZRUSH_ORDER,32,https://github.com/Udaykiran025/ZRUSH_ORDER,2025-05-19T06:10:19Z
test_1,3,https://github.com/erdemkilinc/test_1,2025-05-19T17:43:53Z
ZG4CA_ESMEK_2025,18,https://github.com/cemilakselpluralsight/ZG4CA_ESMEK_2025,2025-05-27T12:37:47Z
ABAP,30,https://github.com/Manojkumarsingaram/ABAP,2025-05-30T02:37:48Z
abapgittest1,3,https://github.com/HAMDAOUI-MOHAMMED/abapgittest1,2025-05-12T09:19:25Z
ZG4AC_ESMEK_2025,6,https://github.com/AysuCansu/ZG4AC_ESMEK_2025,2025-05-27T12:37:42Z
TP_Proposal,6,https://github.com/skgshubham/TP_Proposal,2025-05-14T13:37:08Z
abap_cloud_trial,2,https://github.com/DavidCastilloS/abap_cloud_trial,2025-05-20T19:18:26Z
Abap-Interface-Trackable-Shipment,1,https://github.com/Butch3476/Abap-Interface-Trackable-Shipment,2025-05-22T19:31:53Z
zg3bb_esmek_2025,6,https://github.com/BeyzaBodur/zg3bb_esmek_2025,2025-05-26T17:03:42Z
ABAPCLOUD,40,https://github.com/uditupadhayay/ABAPCLOUD,2025-05-04T14:15:23Z
http-test,3,https://github.com/fabianlupa/http-test,2025-05-20T18:18:18Z
SAP-TM,67,https://github.com/cyril-devops-ng/SAP-TM,2025-05-24T10:46:07Z
ZG5BU_ESMEK_2025,27,https://github.com/taclibusra/ZG5BU_ESMEK_2025,2025-05-27T12:37:42Z
ZABAP_CLOUD_EXT_0631,40,https://github.com/GISR89/ZABAP_CLOUD_EXT_0631,2025-05-02T16:30:29Z
samplecode,2,https://github.com/lamiacemc/samplecode,2025-05-19T18:10:23Z
zrap_Flora,26,https://github.com/FloraGxy/zrap_Flora,2025-05-28T03:00:01Z
ZG4CA_ESMEK_2025,36,https://github.com/cemilaksel/ZG4CA_ESMEK_2025,2025-05-28T03:51:17Z
ZG1BC_ESMEK_2025,6,https://github.com/busracetin/ZG1BC_ESMEK_2025,2025-05-27T12:37:20Z
Z1CA_MINIERP_2025,51,https://github.com/cemilaksel/Z1CA_MINIERP_2025,2025-05-14T20:32:49Z
Exercicio1_ramp_up,3,https://github.com/manuela-gottschalck/Exercicio1_ramp_up,2025-05-23T16:36:16Z
abap_cloud,2,https://github.com/eyder23/abap_cloud,2025-05-30T20:44:20Z
ZSD_BILLING_DOCUMENT_HEADTEXT,19,https://github.com/MohitShekhawat6377/ZSD_BILLING_DOCUMENT_HEADTEXT,2025-05-13T12:11:01Z
VIU-ABAP,19,https://github.com/JoseRoca10/VIU-ABAP,2025-05-10T16:58:00Z
abapGitExercise2,7,https://github.com/JaxxCZE/abapGitExercise2,2025-05-15T10:46:56Z
Proyecto_MasterC_I_EdwinValverde,14,https://github.com/ValRod2025/Proyecto_MasterC_I_EdwinValverde,2025-05-08T18:50:56Z
zrb_freestyle,17,https://github.com/rammelbalagtas/zrb_freestyle,2025-05-01T13:17:26Z
RAP-ACTIONS-AUTH,16,https://github.com/Nagamani1312/RAP-ACTIONS-AUTH,2025-05-12T10:28:30Z
BPBankChangeRequest,38,https://github.com/tjuwin1/BPBankChangeRequest,2025-05-14T00:19:39Z
RepasoRAP,12,https://github.com/tt1992tt/RepasoRAP,2025-05-23T02:44:36Z
S4D437,40,https://github.com/MichaelWegelin/S4D437,2025-05-23T13:11:32Z
Exercicios_ramp_up,2,https://github.com/manuela-gottschalck/Exercicios_ramp_up,2025-05-26T12:25:46Z
LOGALI-Proyecto-Final-version-final,32,https://github.com/loporta/LOGALI-Proyecto-Final-version-final,2025-05-24T18:11:02Z
abap-code-examples,2,https://github.com/mustafaplt34/abap-code-examples,2025-05-25T15:15:32Z
ZG3SB_ESMEK_2025,6,https://github.com/senabuyruk/ZG3SB_ESMEK_2025,2025-05-26T17:03:45Z
Scale_sync_cloud,330,https://github.com/maheshsmk01/Scale_sync_cloud,2025-05-06T05:43:56Z
SAP-Hotel-Application,97,https://github.com/Code-Moises/SAP-Hotel-Application,2025-05-20T08:09:59Z
abap,1,https://github.com/Santhosh9181/abap,2025-05-13T04:45:36Z
sap,11,https://github.com/zespol-it/sap,2025-05-19T10:52:21Z
abap_cloud,2,https://github.com/hsuar/abap_cloud,2025-05-08T14:13:52Z
Abap-Class-Dynamic-Method-Call,1,https://github.com/Butch3476/Abap-Class-Dynamic-Method-Call,2025-05-25T22:04:07Z
SAP04T_Packages,3,https://github.com/Butch3476/SAP04T_Packages,2025-05-19T18:23:01Z
colbyAGExercise1,2,https://github.com/FUCJUL77/colbyAGExercise1,2025-05-06T09:35:00Z
RapLearning,73,https://github.com/andersonjmartins/RapLearning,2025-05-14T17:16:26Z
abapGitExercise2,7,https://github.com/FUCJUL77/abapGitExercise2,2025-05-06T12:29:24Z
abap_cloud2_ZAPATA,2,https://github.com/ZAnabela/abap_cloud2_ZAPATA,2025-05-06T07:08:37Z
ABAP-Report-Material-Planning,3,https://github.com/saptechengineer/ABAP-Report-Material-Planning,2025-05-14T19:17:35Z
zpk_acm,294,https://github.com/n1lqtdx/zpk_acm,2025-05-18T09:44:40Z
Clases_Unit_Testing,7,https://github.com/tt1992tt/Clases_Unit_Testing,2025-05-28T23:36:02Z
REGISTRY1,8,https://github.com/syfarooq/REGISTRY1,2025-05-28T10:05:45Z
ABAP-BONN-ZACCOUNT_STATEMENT,41,https://github.com/Sadda-SAP-AAho/ABAP-BONN-ZACCOUNT_STATEMENT,2025-05-02T05:48:29Z
sourcap-abap-gorev,2,https://github.com/Sedadeliktas/sourcap-abap-gorev,2025-05-02T17:24:22Z
VibeCodex,69,https://github.com/sysparency/VibeCodex,2025-05-06T07:53:58Z
codbex-sample-kronos-bw-sales-migration,42547,https://github.com/codbex/codbex-sample-kronos-bw-sales-migration,2025-06-12T07:05:46Z
Order-Promising,9216,https://github.com/nimi-soni/Order-Promising,2025-06-26T04:30:29Z
yaai_ui,7872,https://github.com/christianjianelli/yaai_ui,2025-06-07T02:41:58Z
SAP-MDG-Dynamic-Validation,3953,https://github.com/nimi-soni/SAP-MDG-Dynamic-Validation,2025-06-11T15:40:16Z
SYNC-SAP-Project,3178,https://github.com/myminzy/SYNC-SAP-Project,2025-06-25T13:59:07Z
ZABAP_RFP,2917,https://github.com/otthong/ZABAP_RFP,2025-06-04T05:53:15Z
sap-abap-exercicios-aprendizagem,3364,https://github.com/adriana-leite/sap-abap-exercicios-aprendizagem,2025-06-30T14:38:21Z
EHO20250605,1904,https://github.com/xcersoylu/EHO20250605,2025-06-05T09:48:40Z
YNFT26062025,1647,https://github.com/xcersoylu/YNFT26062025,2025-06-26T10:36:13Z
ZBANKINTEGRATION,1393,https://github.com/Bonn-Nutrients-Pvt-Ltd/ZBANKINTEGRATION,2025-06-17T06:21:33Z
timofei-bazhukov-portfolio,1170,https://github.com/BazhukovTima/timofei-bazhukov-portfolio,2025-06-08T13:08:14Z
abap2xlsx2025,831,https://github.com/loopat666/abap2xlsx2025,2025-06-26T12:45:58Z
zllm,822,https://github.com/oisee/zllm,2025-06-15T12:30:29Z
cloud_mig_atc,785,https://github.com/Lutzi3/cloud_mig_atc,2025-06-27T13:05:20Z
SAP-ABAP-Dynamic-Programming,680,https://github.com/nimi-soni/SAP-ABAP-Dynamic-Programming,2025-06-17T08:56:57Z
Sales-Order-Report,541,https://github.com/LAZAROSKANDYLIOTIS/Sales-Order-Report,2025-06-02T18:35:04Z
AISDK4SAPV2,254,https://github.com/gopalnair/AISDK4SAPV2,2025-06-16T15:13:41Z
ZPRODORDERCONFIRM,247,https://github.com/SAP-SLAYERS/ZPRODORDERCONFIRM,2025-06-24T13:20:02Z
Employee-Leave-Dashboard,198,https://github.com/LAZAROSKANDYLIOTIS/Employee-Leave-Dashboard,2025-06-15T12:56:33Z
abap-etl-template,803,https://github.com/PauloDalsoto/abap-etl-template,2025-06-13T13:49:54Z
SAPApproval_WeChat,235,https://github.com/chunrichi/SAPApproval_WeChat,2025-06-26T09:02:19Z
ABAP,141,https://github.com/Mateus-ABAP/ABAP,2025-06-20T17:54:22Z
ABAP_CLOUD_II_FJCM,138,https://github.com/josecasss/ABAP_CLOUD_II_FJCM,2025-06-01T10:17:13Z
gui-installer-for-sap-abap-sdk,117,https://github.com/awslabs/gui-installer-for-sap-abap-sdk,2025-06-15T14:39:14Z
rap-fe,115,https://github.com/heriyantoliu/rap-fe,2025-06-02T08:29:16Z
SAB-ABAP,126,https://github.com/Faiz-Ahamad/SAB-ABAP,2025-06-24T01:59:33Z
ZGEN_TR,100,https://github.com/Avadeshsap/ZGEN_TR,2025-06-14T07:31:57Z
ZDES,94,https://github.com/Avadeshsap/ZDES,2025-06-10T15:26:41Z
ZMASTER_RAP_PROYECTO,78,https://github.com/JosemDelgado/ZMASTER_RAP_PROYECTO,2025-06-09T14:11:55Z
RAP110,80,https://github.com/Vaninapintoss/RAP110,2025-06-26T15:12:34Z
ABAP-RAP-InvoiceProcessing,78,https://github.com/MertSAP/ABAP-RAP-InvoiceProcessing,2025-06-14T13:46:51Z
ZT100631,66,https://github.com/GISR89/ZT100631,2025-06-24T17:58:22Z
RAP,57,https://github.com/sreenith/RAP,2025-06-09T16:02:41Z
leetcode_rep,56,https://github.com/sreenith/leetcode_rep,2025-06-16T16:12:16Z
abap_rap_create_child_entity,63,https://github.com/alwinvandeput/abap_rap_create_child_entity,2025-06-08T09:08:23Z
xft-invoicein,64,https://github.com/WeiKKJ/xft-invoicein,2025-06-25T03:19:15Z
PROYECTO-RAP,50,https://github.com/Froilogc/PROYECTO-RAP,2025-06-02T19:05:16Z
POO,56,https://github.com/Gabo774/POO,2025-06-10T14:09:11Z
BTP_BD_LAB,39,https://github.com/rnunezv/BTP_BD_LAB,2025-06-17T01:40:40Z
abap_backend,39,https://github.com/MVladRG-777/abap_backend,2025-06-14T21:54:06Z
Codex,43,https://github.com/mcllumberg/Codex,2025-06-06T06:36:50Z
ABAP,34,https://github.com/wolneihd/ABAP,2025-06-29T13:26:09Z
Rappublic,38,https://github.com/celiojr1985/Rappublic,2025-06-10T23:31:52Z
SAPUI5_TRAINING,31,https://github.com/achrafMagh/SAPUI5_TRAINING,2025-06-17T09:52:55Z
ABAP_CLOUDII_ZAPATA_V2,32,https://github.com/Jrochaz01/ABAP_CLOUDII_ZAPATA_V2,2025-06-10T23:03:12Z
btp,45,https://github.com/Luis1498/btp,2025-06-29T19:47:45Z
ABAP_SmartForms01,31,https://github.com/DemetCekic/ABAP_SmartForms01,2025-06-13T13:50:13Z
final_project_rap,31,https://github.com/jvelasquezt/final_project_rap,2025-06-12T15:21:23Z
ABAP-Journey,31,https://github.com/mety0r/ABAP-Journey,2025-06-18T21:43:13Z
Behavior_de_HELP,37,https://github.com/Herygzz/Behavior_de_HELP,2025-06-02T22:55:36Z
BACKUP4ABAP,27,https://github.com/chunrichi/BACKUP4ABAP,2025-06-18T06:21:48Z
abap-ai-agents,27,https://github.com/asuvarna-codes/abap-ai-agents,2025-06-20T13:56:05Z
RAP-MANAGED,46,https://github.com/sap2019/RAP-MANAGED,2025-06-04T14:38:43Z
s4d437,44,https://github.com/ksim85/s4d437,2025-06-19T09:09:48Z
ZGEN_Unmanaged,28,https://github.com/Jawahar-vit/ZGEN_Unmanaged,2025-06-28T17:28:43Z
RAP-Project,32,https://github.com/NatyMadera/RAP-Project,2025-06-13T19:10:56Z
ZSEBASGR_LGL,30,https://github.com/sebasgutirios/ZSEBASGR_LGL,2025-06-10T19:37:37Z
abap_scp,35,https://github.com/RMJames123/abap_scp,2025-06-10T04:31:03Z
RAP100,28,https://github.com/Vaninapintoss/RAP100,2025-06-24T12:49:50Z
Z_BC_CACHE_TABLE,24,https://github.com/ABAP-Lib/Z_BC_CACHE_TABLE,2025-06-05T21:22:09Z
Warehouse,28,https://github.com/wojcikiewicz1/Warehouse,2025-06-07T10:39:21Z
Estudos_ABAP,26,https://github.com/kyoliverr/Estudos_ABAP,2025-06-26T19:47:59Z
Proyecto-RAP,30,https://github.com/JeronimoAL/Proyecto-RAP,2025-06-21T16:56:11Z
SAP-BTP-RAP-PROY-FINAL-V3C,26,https://github.com/nanobonilla1909/SAP-BTP-RAP-PROY-FINAL-V3C,2025-06-26T12:32:43Z
abap-test-container,24,https://github.com/Xexer/abap-test-container,2025-06-17T13:25:49Z
YGITHUB4,23,https://github.com/ZCGitRepo/YGITHUB4,2025-06-05T11:38:31Z
abap-system-fields,20,https://github.com/Xexer/abap-system-fields,2025-06-09T09:53:31Z
abapconf2025_app,27,https://github.com/RegestaItalia/abapconf2025_app,2025-06-03T14:35:42Z
Abap01,21,https://github.com/retwet2323/Abap01,2025-06-12T23:56:25Z
Anand-Pag-Abap-Objects,32,https://github.com/Venkata-Anand-Pag/Anand-Pag-Abap-Objects,2025-06-13T09:30:09Z
abap-customer-order-summary,17,https://github.com/VidhiChondagar/abap-customer-order-summary,2025-06-29T13:46:41Z
abap-conf-2025-xco-libraries,16,https://github.com/Xexer/abap-conf-2025-xco-libraries,2025-06-01T08:18:13Z
SAP-ABAP-AWS---Invoices,34,https://github.com/MertSAP/SAP-ABAP-AWS---Invoices,2025-06-28T12:18:24Z
SAP,22,https://github.com/KahramanBerkeK/SAP,2025-06-26T11:44:24Z
TEST_LTMC,14,https://github.com/lrcherubini/TEST_LTMC,2025-06-18T12:54:39Z
ABAP_test,18,https://github.com/opozd/ABAP_test,2025-06-20T22:27:08Z
ALV,34,https://github.com/tugbaozturk66/ALV,2025-06-20T14:05:44Z
ABAP_CTX_ASSERT,12,https://github.com/Hir0ki/ABAP_CTX_ASSERT,2025-06-20T13:13:56Z
ABAP_CLOUDII_ZAPATA_LAB_2,13,https://github.com/cvega009/ABAP_CLOUDII_ZAPATA_LAB_2,2025-06-29T02:12:28Z
ABAP_Project,14,https://github.com/Bsems/ABAP_Project,2025-06-04T20:19:24Z
First_ABAP_Program,9,https://github.com/VasukiElsa/First_ABAP_Program,2025-06-22T10:36:47Z
ABAP,23,https://github.com/srpsubbaraman/ABAP,2025-06-02T04:58:57Z
ZCL_SELECTION_SCREEN_LOGGER,10,https://github.com/sandraros/ZCL_SELECTION_SCREEN_LOGGER,2025-06-23T12:56:44Z
ZCL_ABAP_PARALLEL,16,https://github.com/sandraros/ZCL_ABAP_PARALLEL,2025-06-06T10:36:30Z
xco-xlsx-demos,6,https://github.com/sandraros/xco-xlsx-demos,2025-06-02T07:22:33Z
abap_cloud,6,https://github.com/nvmanh25101/abap_cloud,2025-06-20T06:59:49Z
zmm_demo,7,https://github.com/vitalo88/zmm_demo,2025-06-04T18:14:43Z
Z_ANALISE_USU.ABAP,4,https://github.com/Madaleno03/Z_ANALISE_USU.ABAP,2025-06-26T16:56:57Z
Z_RELATORIO_ABAP,3,https://github.com/Madaleno03/Z_RELATORIO_ABAP,2025-06-30T16:25:02Z
zcl_scr,5,https://github.com/ricardopsj/zcl_scr,2025-06-08T13:29:02Z
SAP-ABAP-Sales-Order-Reports,151,https://github.com/Kumar6856/SAP-ABAP-Sales-Order-Reports,2025-06-04T16:40:01Z
abap-unit-test-fizz-buzz,6,https://github.com/Sadullah-TANRIKULU/abap-unit-test-fizz-buzz,2025-06-08T14:28:19Z
SAP_Package,2,https://github.com/kishoreparuvu/SAP_Package,2025-06-06T12:52:09Z
Z_USER_COMMAND.ABAP,2,https://github.com/Madaleno03/Z_USER_COMMAND.ABAP,2025-06-25T16:09:44Z
abap_test,3,https://github.com/cypawek/abap_test,2025-06-10T11:03:41Z
sap-build-rap,25,https://github.com/thai1995/sap-build-rap,2025-06-10T03:36:57Z
TestOne,3,https://github.com/ale-manichand/TestOne,2025-06-14T18:15:37Z
sap-dms-upload,4,https://github.com/PrudSes/sap-dms-upload,2025-06-12T01:35:11Z
ERP-Labor,6,https://github.com/Borgnuss/ERP-Labor,2025-06-29T10:03:42Z
ZCL_FILE_TABLE,9,https://github.com/sandraros/ZCL_FILE_TABLE,2025-06-21T09:11:57Z
abap_scp,2,https://github.com/MMoises23/abap_scp,2025-06-25T04:21:24Z
abap_nantest,46559,https://github.com/lijianangit/abap_nantest,2025-06-05T05:38:43Z
rap-basic-bo,26,https://github.com/huuhv-0372/rap-basic-bo,2025-06-06T01:55:20Z
ABAP_Test,4,https://github.com/ReMendess/ABAP_Test,2025-06-09T00:26:01Z
SAP-Leave-Management-Analytics-System,1013,https://github.com/aarti-02-SAP/SAP-Leave-Management-Analytics-System,2025-06-13T10:39:07Z
ZDYN_PRICE_UPLOAD,15,https://github.com/furkancosgun/ZDYN_PRICE_UPLOAD,2025-06-06T16:46:20Z
SAP-BTP-RAP-PROY-FINAL-V3,23,https://github.com/nanobonilla1909/SAP-BTP-RAP-PROY-FINAL-V3,2025-06-14T14:25:43Z
abap_cloud,2,https://github.com/amugarte/abap_cloud,2025-06-17T01:07:26Z
ZSMI_INLINE_EDIT,15,https://github.com/SmitaSoni2025/ZSMI_INLINE_EDIT,2025-06-09T01:55:14Z
ZRUNCO_02,2,https://github.com/eyder23/ZRUNCO_02,2025-06-09T20:08:01Z
abap-training-portfolio,7,https://github.com/SScanneRs/abap-training-portfolio,2025-06-18T00:02:30Z
SAP-Vendor-Payment-Analysis,4599,https://github.com/ManjusreeDevarinti/SAP-Vendor-Payment-Analysis,2025-06-23T12:46:33Z
rap_testing,12,https://github.com/namdq-2825/rap_testing,2025-06-20T07:56:55Z
ABAP-RAP,59,https://github.com/Vaninapintoss/ABAP-RAP,2025-06-24T17:31:22Z
ABAP-ZSFDON,6,https://github.com/ilham-mmr/ABAP-ZSFDON,2025-06-30T09:18:51Z
ABAP_Interactive_Report,230,https://github.com/Kumar6856/ABAP_Interactive_Report,2025-06-04T17:42:23Z
Rep1_Sudipto,1,https://github.com/SudiptoChakrabortyAccen/Rep1_Sudipto,2025-06-20T06:17:02Z
ABAP,1,https://github.com/BTPRAP-Bhaskar25/ABAP,2025-06-16T14:02:43Z
ZEXT_API,11,https://github.com/Udaykiran025/ZEXT_API,2025-06-16T06:23:35Z
SAP_ABAP_Obj,4,https://github.com/GulcanC/SAP_ABAP_Obj,2025-06-03T12:35:05Z
ZABAPI_B25C362,10,https://github.com/WladimirRivera/ZABAPI_B25C362,2025-06-09T17:09:34Z
Zud_asset,16,https://github.com/Udaykiran025/Zud_asset,2025-06-16T06:12:51Z
ABAP,21,https://github.com/lsilva84/ABAP,2025-06-15T14:55:30Z
RNV_RAP_MAN,5,https://github.com/rnunezv/RNV_RAP_MAN,2025-06-29T15:57:58Z
SAP-ABAP,13,https://github.com/siddjoshi/SAP-ABAP,2025-06-27T10:31:11Z
FJLC,1355,https://github.com/Fabrica-de-Jabon-La-Corona/FJLC,2025-06-09T20:47:05Z
zsd_ajustes_integracao,126,https://github.com/alessandra-marinho-gb/zsd_ajustes_integracao,2025-06-10T17:33:29Z
abap_scp,34,https://github.com/nr2019/abap_scp,2025-06-16T18:51:01Z
abap_test,2,https://github.com/LeninAbap/abap_test,2025-06-04T15:51:34Z
ZLEARNING,1063,https://github.com/GladDragon/ZLEARNING,2025-06-13T01:04:21Z
S4.06031-CBP-Grower,798,https://github.com/SindhuPulluruNTT/S4.06031-CBP-Grower,2025-06-23T07:01:24Z
bapiret2-utils,5,https://github.com/kleodon/bapiret2-utils,2025-06-05T09:34:45Z
kpireport,163,https://github.com/xmsadik/kpireport,2025-06-12T12:08:41Z
Abap-Interface-Class-Case,1,https://github.com/Butch3476/Abap-Interface-Class-Case,2025-06-17T22:54:48Z
abap,4,https://github.com/vkudymov/abap,2025-06-09T18:51:18Z
SPIN_ER_TST,580,https://github.com/dsouteraus/SPIN_ER_TST,2025-06-16T05:52:23Z
BTP_POO,82,https://github.com/rnunezv/BTP_POO,2025-06-18T02:32:35Z
abapconf2025_utils,7,https://github.com/RegestaItalia/abapconf2025_utils,2025-06-03T15:51:28Z
zparque-backend,37,https://github.com/Shadoww111/zparque-backend,2025-06-16T20:59:56Z
ZABAP_MBTP_LAB_LS,32,https://github.com/lisettestange/ZABAP_MBTP_LAB_LS,2025-06-20T22:24:11Z
Sap_abap,3,https://github.com/manishgoud1912/Sap_abap,2025-06-25T04:21:44Z
Gokul_repo1,2,https://github.com/gokulmadesh/Gokul_repo1,2025-06-13T15:53:07Z
Z_CONSULTA_VOOS.ABAP,1,https://github.com/Madaleno03/Z_CONSULTA_VOOS.ABAP,2025-06-25T16:03:03Z
zcl_flt,3,https://github.com/ricardopsj/zcl_flt,2025-06-08T13:03:23Z
abap-debugger,5,https://github.com/mbtools/abap-debugger,2025-06-10T20:06:28Z
zoas20,1,https://github.com/venkatui5github/zoas20,2025-06-16T01:18:44Z
ZABAPGIT_ECV,21,https://github.com/Uchiyama-H/ZABAPGIT_ECV,2025-06-26T09:06:02Z
PROREX-IHKO_MDKP,144,https://github.com/kubiaks/PROREX-IHKO_MDKP,2025-06-24T17:28:58Z
ABAP_CLOUD_EZEQUIEL,11,https://github.com/esolorio-star/ABAP_CLOUD_EZEQUIEL,2025-06-04T03:05:49Z
ABAP-Empleados,3,https://github.com/AlanRA6/ABAP-Empleados,2025-06-04T18:02:00Z
ABAP2XLS,30228,https://github.com/pgngit/ABAP2XLS,2025-06-05T01:03:47Z
BTP_BD_RANV,31,https://github.com/rnunezv/BTP_BD_RANV,2025-06-18T02:27:13Z
-LRN-S4D437D_UNMANAGED,11,https://github.com/ksim85/-LRN-S4D437D_UNMANAGED,2025-06-19T12:54:04Z
EHO_YEMEKHANE,215,https://github.com/Evoakyuz/EHO_YEMEKHANE,2025-06-25T06:05:27Z
SapAbap4Hana,88,https://github.com/mosarc9/SapAbap4Hana,2025-06-08T18:33:42Z
ZABAP_DATA_EXPLORER,7,https://github.com/furkancosgun/ZABAP_DATA_EXPLORER,2025-06-09T11:02:48Z
ALV_GRID_F4_PROT,5,https://github.com/tricktresor/ALV_GRID_F4_PROT,2025-06-25T09:28:45Z
ABAP,2,https://github.com/Safadurimo/ABAP,2025-06-02T20:26:18Z
anil,1,https://github.com/AnilKrishna2429/anil,2025-06-14T15:20:19Z
abap_xmltotable,5,https://github.com/venturiniduda/abap_xmltotable,2025-06-18T19:14:18Z
Testpublic,11,https://github.com/acn-aino-ohwada/Testpublic,2025-06-19T05:48:13Z
Sales_Register,43,https://github.com/Saket045/Sales_Register,2025-06-17T05:22:12Z
ZSALARY_INT,515,https://github.com/Bonn-Nutrients-Pvt-Ltd/ZSALARY_INT,2025-06-17T06:35:47Z
Zplant,30,https://github.com/hk1710/Zplant,2025-06-18T02:28:48Z
ZSALESORDERREPORT,187,https://github.com/Bonn-Nutrients-Pvt-Ltd/ZSALESORDERREPORT,2025-06-18T09:06:10Z
ZGATE_ENTRY,854,https://github.com/Bonn-Nutrients-Pvt-Ltd/ZGATE_ENTRY,2025-06-18T08:12:11Z
Z_DETALHES_VOO.ABAP,3,https://github.com/Madaleno03/Z_DETALHES_VOO.ABAP,2025-06-25T15:49:52Z
ZYMDB_CIR_2,25,https://github.com/Aastha-YMSLI1/ZYMDB_CIR_2,2025-06-27T07:55:09Z
create_const_from_dom_values,19,https://github.com/tricktresor/create_const_from_dom_values,2025-06-02T15:14:17Z
ZBA_UTILS,36,https://github.com/lrcherubini/ZBA_UTILS,2025-06-05T12:28:19Z
zabapgit_opcc,3,https://github.com/FUCJUL77/zabapgit_opcc,2025-06-10T07:33:59Z
ZUD_PURCHASE,15,https://github.com/Udaykiran025/ZUD_PURCHASE,2025-06-16T06:36:29Z
Z_RELATORIO_VOOS.ABAP,4,https://github.com/Madaleno03/Z_RELATORIO_VOOS.ABAP,2025-06-25T15:53:09Z
SAPABAPCode,4,https://github.com/FahadZafar89/SAPABAPCode,2025-06-25T05:53:31Z
Order_Management_ABAP-,62,https://github.com/kzuyvii/Order_Management_ABAP-,2025-06-01T09:14:49Z
abapgit_test,5,https://github.com/joanzhu728/abapgit_test,2025-06-06T05:42:06Z
ZSMIT_Travel_Unmanaged,42,https://github.com/SmitaSoni2025/ZSMIT_Travel_Unmanaged,2025-06-09T02:03:57Z
cloud_abap_exchange_rates,2,https://github.com/echeroacsti/cloud_abap_exchange_rates,2025-06-25T22:26:53Z
GPT,2,https://github.com/Kaioher/GPT,2025-06-04T13:20:00Z
TestExample,2,https://github.com/ERPnextPL/TestExample,2025-06-05T10:25:30Z
calcOOabap,5,https://github.com/befujarra/calcOOabap,2025-06-12T14:07:54Z
ZBANKSTATEMENT,180,https://github.com/Bonn-Nutrients-Pvt-Ltd/ZBANKSTATEMENT,2025-06-17T08:15:29Z
ABAP-learning,9,https://github.com/KorsarOfficial/ABAP-learning,2025-06-20T15:40:59Z
Interview-s-preparation,3,https://github.com/Ollisi/Interview-s-preparation,2025-06-26T08:57:01Z
employee-certification-tracker-abap,1235,https://github.com/Prakash-Reddyyy/employee-certification-tracker-abap,2025-06-02T08:19:07Z
ZFIBO,280,https://github.com/rodrigo1766/ZFIBO,2025-06-04T15:50:55Z
rap-basic-cds,36,https://github.com/huuhv-0372/rap-basic-cds,2025-06-06T01:51:50Z
ZSMI_TRAVEL_MANAGED,37,https://github.com/SmitaSoni2025/ZSMI_TRAVEL_MANAGED,2025-06-09T02:09:40Z
VN---A4H---ABAP-Git-Test,229,https://github.com/OrmonHKar/VN---A4H---ABAP-Git-Test,2025-06-09T11:04:51Z
SAP-RAP,23,https://github.com/danielmendoza79/SAP-RAP,2025-06-12T03:08:33Z
Purchase_Ragister,29,https://github.com/hk1710/Purchase_Ragister,2025-06-17T09:53:24Z
dmoflight,125,https://github.com/ksim85/dmoflight,2025-06-19T12:26:43Z
SAP-BTP-RAP-PROY-FINAL-V3B,21,https://github.com/nanobonilla1909/SAP-BTP-RAP-PROY-FINAL-V3B,2025-06-23T12:50:51Z
abapsearch,6,https://github.com/jenny473/abapsearch,2025-06-20T05:28:38Z
GRC_RMIS_A4C,175,https://github.com/BhartiVerma7879/GRC_RMIS_A4C,2025-06-20T06:42:55Z
SAPGit,47368,https://github.com/pgngit/SAPGit,2025-06-05T00:58:31Z
SAP-RAP-ABAP,33,https://github.com/srisaikrishna002/SAP-RAP-ABAP,2025-06-10T11:16:39Z
sap_abap,46,https://github.com/erdemkilinc/sap_abap,2025-06-13T19:40:51Z
ZOIPAYM_POSTING,1506,https://github.com/Bonn-Nutrients-Pvt-Ltd/ZOIPAYM_POSTING,2025-06-18T08:35:51Z
conditions,14,https://github.com/theMyth333/conditions,2025-06-27T12:32:33Z
abap_cloud,2,https://github.com/luis84abap/abap_cloud,2025-06-18T17:30:32Z
Abap_cloud,2,https://github.com/Becario23/Abap_cloud,2025-06-20T23:31:38Z
EHO_YEMEKHANE_EXIT,3,https://github.com/Evoakyuz/EHO_YEMEKHANE_EXIT,2025-06-25T06:18:08Z
Z_INNER_JOIN.ABAP,2,https://github.com/Madaleno03/Z_INNER_JOIN.ABAP,2025-06-25T15:59:41Z
ABAP-Implementations,1,https://github.com/Th4V1kz/ABAP-Implementations,2025-06-06T16:15:22Z
ZEMPLOYEE_STATEMENT,153,https://github.com/Bonn-Nutrients-Pvt-Ltd/ZEMPLOYEE_STATEMENT,2025-06-17T08:01:15Z
Airline-Drilldown-ALV-Report,294,https://github.com/Kumar6856/Airline-Drilldown-ALV-Report,2025-06-20T17:21:27Z
jsonPathwithABAP,107,https://github.com/ewoyadmin/jsonPathwithABAP,2025-06-22T11:38:26Z
codesearchpublic,2,https://github.com/nishakumarpatel/codesearchpublic,2025-06-26T09:08:17Z
ZFORM_PERSONS_RQ,6,https://github.com/Ruiquintas7325/ZFORM_PERSONS_RQ,2025-06-06T08:37:16Z
Minesweeper,4,https://github.com/Butch3476/Minesweeper,2025-06-13T18:34:55Z
Travel-APP-SAP-Project,2447,https://github.com/ivnkml/Travel-APP-SAP-Project,2025-06-15T14:08:09Z
z_space_repo,6,https://github.com/adhi024/z_space_repo,2025-06-16T10:00:10Z
abap,2,https://github.com/serranohector/abap,2025-06-16T21:32:10Z
Purchase_ragisterone,21,https://github.com/hk1710/Purchase_ragisterone,2025-06-17T06:15:43Z
ZUD_RUSH_ORDER_LT,19,https://github.com/Udaykiran025/ZUD_RUSH_ORDER_LT,2025-06-21T09:44:56Z
Schulung,1079,https://github.com/Jannes2000/Schulung,2025-06-03T15:31:32Z
ABAP_CLOUD_B25C363,2,https://github.com/YesidMarquez/ABAP_CLOUD_B25C363,2025-06-10T03:41:17Z
SAP_ABAP_FL-GHT,9,https://github.com/fatmabetularslan/SAP_ABAP_FL-GHT,2025-06-13T11:26:04Z
Z_TOTALIZAORES.ABAP,1,https://github.com/Madaleno03/Z_TOTALIZAORES.ABAP,2025-06-25T16:06:28Z
dsds,0,https://github.com/OprahDingus/dsds,2025-06-28T08:10:44Z
yvv_abap_cloud,2,https://github.com/yomivane/yvv_abap_cloud,2025-06-30T13:19:39Z
sappress_drc,7,https://github.com/esunke/sappress_drc,2025-06-26T13:58:38Z
ZSMIT_HIERARCHY,18,https://github.com/SmitaSoni2025/ZSMIT_HIERARCHY,2025-06-09T02:15:08Z
ZFI_ACTIVOS,157,https://github.com/rodrigo1766/ZFI_ACTIVOS,2025-06-09T15:38:04Z
Adobe-Form-Report,7,https://github.com/WesleyConstantino/Adobe-Form-Report,2025-06-10T13:05:12Z
ZEWAYBILL,687,https://github.com/Bonn-Nutrients-Pvt-Ltd/ZEWAYBILL,2025-06-18T08:04:12Z
ZSCHEMEAPPLICATION,207,https://github.com/Bonn-Nutrients-Pvt-Ltd/ZSCHEMEAPPLICATION,2025-06-18T08:21:34Z
ZRB_Programs,4,https://github.com/Bharathi2750/ZRB_Programs,2025-06-19T08:20:27Z
Development,15415,https://github.com/gopikrishna705/Development,2025-07-22T16:39:24Z
sap_ai_integration,7353,https://github.com/abhinavuser/sap_ai_integration,2025-07-07T04:44:26Z
abap_vibecode_checker,6423,https://github.com/GunS82/abap_vibecode_checker,2025-07-27T12:40:57Z
ABAP-Personnel_Management01,5309,https://github.com/DemetCekic/ABAP-Personnel_Management01,2025-07-20T11:06:47Z
DBS,1456,https://github.com/xcersoylu/DBS,2025-07-28T12:17:06Z
ABAP_Learning,1390,https://github.com/ReMendess/ABAP_Learning,2025-07-27T22:37:24Z
sap-abap,609,https://github.com/saglam-serkan/sap-abap,2025-07-13T21:26:30Z
abapPackage,577,https://github.com/u-Kiran05/abapPackage,2025-07-13T05:34:31Z
ZSAP,525,https://github.com/jbdistro/ZSAP,2025-07-28T13:45:53Z
IBR_CUSTOM,578,https://github.com/choilhwan/IBR_CUSTOM,2025-07-21T07:22:17Z
Mermaid4ABAP,464,https://github.com/Mesnero/Mermaid4ABAP,2025-07-07T15:19:08Z
abap-rap-example,486,https://github.com/IlyaPrusakou/abap-rap-example,2025-07-26T10:39:35Z
abap-rap-eml-templates,357,https://github.com/IlyaPrusakou/abap-rap-eml-templates,2025-07-06T13:49:16Z
abap-platform-refscen-flight,364,https://github.com/mnakaha/abap-platform-refscen-flight,2025-07-10T12:43:59Z
ABAP_TABLE_CODE,260,https://github.com/vivikipper/ABAP_TABLE_CODE,2025-07-20T00:07:05Z
ZCINAR,261,https://github.com/Herugrim09/ZCINAR,2025-07-16T21:33:00Z
baracaldoj,225,https://github.com/jorbar2005dintec/baracaldoj,2025-07-03T13:43:59Z
test_abap_git,212,https://github.com/oulucan16/test_abap_git,2025-07-31T09:49:37Z
RAP-SAP_PRESS,201,https://github.com/Jitendra-cloud/RAP-SAP_PRESS,2025-07-30T09:11:07Z
Mentoria-ABAP,197,https://github.com/LuizBuzato/Mentoria-ABAP,2025-07-16T17:34:22Z
Z_CPG-Accelerator,199,https://github.com/maheshsmk01/Z_CPG-Accelerator,2025-07-28T06:57:14Z
CLOUD_ABAP_MS80,138,https://github.com/msatyasrinivas80/CLOUD_ABAP_MS80,2025-07-07T23:23:23Z
ZYB_RAP,132,https://github.com/Yashavant/ZYB_RAP,2025-07-09T14:27:30Z
ZwdCSV-Cloud,113,https://github.com/WegnerDan/ZwdCSV-Cloud,2025-07-30T20:59:29Z
abap_beispiele,144,https://github.com/fatmatubamehder/abap_beispiele,2025-07-06T13:51:21Z
SAP-MM-Reports-Collection,101,https://github.com/xMA3x/SAP-MM-Reports-Collection,2025-07-17T22:38:56Z
SAP-ABAP-Projects,100,https://github.com/PoojaKhoday/SAP-ABAP-Projects,2025-07-29T15:38:54Z
ABAP-Cloud-Logger,95,https://github.com/greltel/ABAP-Cloud-Logger,2025-07-16T10:22:51Z
Cria_Requisi-o_de_Compras,91,https://github.com/CaioFragoso23/Cria_Requisi-o_de_Compras,2025-07-14T14:22:10Z
cabapcloud_sap,121,https://github.com/Bosquete/cabapcloud_sap,2025-07-26T13:12:04Z
Material-Stock-Checker-,78,https://github.com/PoojaKhoday/Material-Stock-Checker-,2025-07-30T09:00:54Z
abap_image_generator,78,https://github.com/MyLittleCrab/abap_image_generator,2025-07-15T16:15:02Z
FCRCA,100,https://github.com/betomqcr/FCRCA,2025-07-30T20:14:37Z
abap2xlsx-dynamic-export,70,https://github.com/kartefact/abap2xlsx-dynamic-export,2025-07-28T19:43:57Z
Push_ABAP_from_cloud,70,https://github.com/cisconavarro/Push_ABAP_from_cloud,2025-07-03T14:32:17Z
abap_experis,97,https://github.com/Bosquete/abap_experis,2025-07-25T10:59:12Z
abap-dynamic-selection-screen,67,https://github.com/BarrelDevelopment/abap-dynamic-selection-screen,2025-07-25T19:04:29Z
SAP_ABAP_CodeTraining,62,https://github.com/CriptoHash/SAP_ABAP_CodeTraining,2025-07-17T19:55:24Z
abap-message-logger,61,https://github.com/Xexer/abap-message-logger,2025-07-23T07:49:54Z
ABAPCLOUD,68,https://github.com/vmanhas0308/ABAPCLOUD,2025-07-21T10:56:02Z
sap-training,63,https://github.com/peter-schwier-cgi/sap-training,2025-07-28T13:04:50Z
ABAP,52,https://github.com/Racquel-Lara/ABAP,2025-07-18T12:25:18Z
ZABAP_MBTP_LAB_RAP_LS,67,https://github.com/lisettestange/ZABAP_MBTP_LAB_RAP_LS,2025-07-06T01:04:04Z
BLI_3218_cTMS2,52,https://github.com/LuisMaier/BLI_3218_cTMS2,2025-07-31T09:02:06Z
Technova-Internship-Projects,47,https://github.com/marcusdulekilius/Technova-Internship-Projects,2025-07-05T08:09:35Z
bootcamp-abap-sap,42,https://github.com/mateussfernando/bootcamp-abap-sap,2025-07-09T20:22:21Z
exercism,47,https://github.com/kingakohari/exercism,2025-07-31T19:26:17Z
SAP_ABAP_dev1,42,https://github.com/FarzanaAkhi/SAP_ABAP_dev1,2025-07-28T12:26:15Z
config-management,39,https://github.com/abap2UI5-addons/config-management,2025-07-16T12:02:54Z
abap-OpenWeatherMap,38,https://github.com/BarrelDevelopment/abap-OpenWeatherMap,2025-07-07T06:46:17Z
rap-side-effects-backend,36,https://github.com/YourSeniorDeveloper/rap-side-effects-backend,2025-07-24T19:48:47Z
sap-abap-internship,37,https://github.com/betullaslan/sap-abap-internship,2025-07-21T12:32:29Z
RAPonBTP,36,https://github.com/kkuruganti/RAPonBTP,2025-07-17T12:01:47Z
Clean-Core-Index,29,https://github.com/sap-weberpatrick/Clean-Core-Index,2025-07-11T11:10:53Z
rap_5000,30,https://github.com/nishanttyagi18/rap_5000,2025-07-27T12:44:03Z
sap-fiori-elements,38,https://github.com/eduardoschoepf/sap-fiori-elements,2025-07-15T13:44:58Z
SAP,42,https://github.com/murendwa/SAP,2025-07-10T17:55:11Z
abap_cloud,29,https://github.com/Bosquete/abap_cloud,2025-07-25T09:56:44Z
ZRB_MRPA_TREE,34,https://github.com/rammelbalagtas/ZRB_MRPA_TREE,2025-07-10T16:01:34Z
ABAP-Purl,58,https://github.com/abapPM/ABAP-Purl,2025-07-22T05:29:25Z
sap-mm-stock-inventory,63,https://github.com/drama-404/sap-mm-stock-inventory,2025-07-29T15:07:46Z
vendor-invoice-api,26,https://github.com/stulkevich/vendor-invoice-api,2025-07-26T10:26:25Z
abap-cloud-month,30,https://github.com/cFalconVE/abap-cloud-month,2025-07-09T18:20:48Z
Smart-Procurement-2.0-With-GenAI,25,https://github.com/nimi-soni/Smart-Procurement-2.0-With-GenAI,2025-07-21T03:43:26Z
CDS-views-in-ABAP-on-Hana,27,https://github.com/SAIRANJAN223/CDS-views-in-ABAP-on-Hana,2025-07-16T12:11:02Z
abap-rh-core,25,https://github.com/Xexer/abap-rh-core,2025-07-13T18:55:55Z
Z_EXCEL_UPLOAD,34,https://github.com/cristhianbiten/Z_EXCEL_UPLOAD,2025-07-12T23:22:32Z
abap-dev-journal,27,https://github.com/dominikadodson/abap-dev-journal,2025-07-31T04:30:45Z
ZRAP_2222,28,https://github.com/Nailet-22/ZRAP_2222,2025-07-29T14:11:57Z
0707,19,https://github.com/EdwinTahua/0707,2025-07-07T19:49:18Z
sureshtesting,20,https://github.com/suresh1git/sureshtesting,2025-07-30T10:35:15Z
sapbwsample,20,https://github.com/user1-i2iemea/sapbwsample,2025-07-21T17:12:21Z
joules_test,16,https://github.com/herrc02/joules_test,2025-07-04T20:27:11Z
ABAP_CLOUDII_ZAPATA_AGR,18,https://github.com/adanigr/ABAP_CLOUDII_ZAPATA_AGR,2025-07-16T18:55:25Z
SAP-RAP110,28,https://github.com/SAPTechi/SAP-RAP110,2025-07-23T13:00:04Z
ConstansClassFromDomain,18,https://github.com/JuliaBerteneva/ConstansClassFromDomain,2025-07-09T06:05:14Z
ContactUnmanage,17,https://github.com/BasantJoshi01/ContactUnmanage,2025-07-28T06:11:38Z
SAP-ABAP-Project,22,https://github.com/erenayar-12/SAP-ABAP-Project,2025-07-31T14:03:01Z
abap-cloud-month,47,https://github.com/Logali-Group/abap-cloud-month,2025-07-05T05:38:40Z
Sap_ZRLA_DEMO_RFBILA00,16,https://github.com/R4F43LL-D3VB3GINN3R/Sap_ZRLA_DEMO_RFBILA00,2025-07-24T08:41:44Z
ZABAP_BTP_UNMAN_0631,17,https://github.com/GISR89/ZABAP_BTP_UNMAN_0631,2025-07-28T18:23:56Z
ABAP-Handbook,14,https://github.com/Renatuscape/ABAP-Handbook,2025-07-14T10:54:35Z
open-abap-rap,14,https://github.com/open-abap/open-abap-rap,2025-07-16T07:05:44Z
CleanLargeZTables,14,https://github.com/marianalarab/CleanLargeZTables,2025-07-10T13:21:37Z
sap-material-inventory,276,https://github.com/mesely/sap-material-inventory,2025-07-24T22:34:45Z
SAP-Projects,12,https://github.com/imaginelifely/SAP-Projects,2025-07-16T15:56:04Z
webinar-abap-service-consumption-model,22,https://github.com/Logali-Group/webinar-abap-service-consumption-model,2025-07-09T20:13:57Z
abap-syntax-training,12,https://github.com/lawManlapig/abap-syntax-training,2025-07-16T06:20:43Z
SAP_OLLAMA_Integration,13,https://github.com/ABAPCHAT/SAP_OLLAMA_Integration,2025-07-25T15:34:08Z
abap2batchjobs,22,https://github.com/loopat666/abap2batchjobs,2025-07-22T04:22:54Z
repo2,19,https://github.com/srpsubbaraman/repo2,2025-07-03T11:17:59Z
splitstorm,6,https://github.com/tricktresor/splitstorm,2025-07-03T13:18:14Z
Sap_Script_Watermark,7,https://github.com/R4F43LL-D3VB3GINN3R/Sap_Script_Watermark,2025-07-23T13:25:55Z
abap-rap-fluent-eml,6,https://github.com/IlyaPrusakou/abap-rap-fluent-eml,2025-07-19T08:51:58Z
Z_BC_REPORT_UTILS,11,https://github.com/ABAP-Lib/Z_BC_REPORT_UTILS,2025-07-24T01:04:31Z
abap-generic-types,9,https://github.com/Xexer/abap-generic-types,2025-07-29T13:15:25Z
zsapdev,20,https://github.com/attilaberencsi/zsapdev,2025-07-29T13:55:22Z
Z_OPERACOES,6,https://github.com/WALDENIO312x/Z_OPERACOES,2025-07-31T10:39:45Z
ABAP-Internal-Table-Basics,4,https://github.com/DamianVDM/ABAP-Internal-Table-Basics,2025-07-05T12:53:35Z
Z_JOIN_COMPANHIAS.ABAP,3,https://github.com/Madaleno03/Z_JOIN_COMPANHIAS.ABAP,2025-07-02T17:33:31Z
abap-utils,8,https://github.com/R1ck93/abap-utils,2025-07-17T17:41:21Z
SGX_ABAP_CLOUD,5,https://github.com/jcarrillo-xts/SGX_ABAP_CLOUD,2025-07-08T16:56:23Z
curso-abap,11,https://github.com/rcont00/curso-abap,2025-07-28T14:51:27Z
Z_ONEMORE.ABAP,2,https://github.com/Madaleno03/Z_ONEMORE.ABAP,2025-07-08T18:20:33Z
ABAP_Nuevo_SQL,16,https://github.com/hecric77/ABAP_Nuevo_SQL,2025-07-15T06:55:05Z
abapGit_TS4,4,https://github.com/siraas/abapGit_TS4,2025-07-03T13:45:39Z
abaplintersetup,6,https://github.com/daemon858/abaplintersetup,2025-07-11T07:59:46Z
abap-git-demo,2,https://github.com/HarshithRajTR/abap-git-demo,2025-07-18T12:19:23Z
GLPL,756,https://github.com/mviiep/GLPL,2025-07-27T17:02:56Z
ADT,133,https://github.com/p00047575/ADT,2025-07-19T14:52:11Z
MsperaAbapCloud,20,https://github.com/DeveloperDergaCS/MsperaAbapCloud,2025-07-14T16:09:50Z
mini-short-dump-analyzer,7,https://github.com/tricktresor/mini-short-dump-analyzer,2025-07-17T13:58:25Z
YTAX_CODE2,20,https://github.com/abhishekshekhawat80058/YTAX_CODE2,2025-07-24T19:13:37Z
onlineshopml,13,https://github.com/mohnishlunkad/onlineshopml,2025-07-01T05:24:09Z
Llm,749,https://github.com/compdiaz/Llm,2025-07-06T06:45:01Z
Cria_Ordem_de_Vendas,32,https://github.com/CaioFragoso23/Cria_Ordem_de_Vendas,2025-07-14T13:50:15Z
ZIS_RAP_290425,2,https://github.com/TheHumbleOne22/ZIS_RAP_290425,2025-07-15T08:30:30Z
staging-repo,21,https://github.com/iaapinc/staging-repo,2025-07-15T16:07:59Z
Academy-Platform,8,https://github.com/onurerguden/Academy-Platform,2025-07-28T13:14:40Z
usuarios_demo_abap,1,https://github.com/Pessoa1998/usuarios_demo_abap,2025-07-28T20:30:02Z
SAP-ABAP,12798,https://github.com/hiranmayigudluri/SAP-ABAP,2025-07-31T08:21:36Z
MASTERABAP,41,https://github.com/delahoz29/MASTERABAP,2025-07-10T20:23:17Z
zoas22,1,https://github.com/venkatui5github/zoas22,2025-07-25T01:18:16Z
ABAP_BONN_CLOUD,2413,https://github.com/klp-git/ABAP_BONN_CLOUD,2025-07-18T07:05:44Z
zoas21,1,https://github.com/venkatui5github/zoas21,2025-07-17T16:50:51Z
demo1,2,https://github.com/nrtester/demo1,2025-07-28T15:07:55Z
method_call_hierarchy,6,https://github.com/tricktresor/method_call_hierarchy,2025-07-17T15:25:42Z
Abap-Cloud,2,https://github.com/Osiris0701/Abap-Cloud,2025-07-23T00:11:44Z
BTP_TRIAL,42,https://github.com/alf4th/BTP_TRIAL,2025-07-31T07:16:07Z
RAP_Techm_Unmanaged,21,https://github.com/hrucco/RAP_Techm_Unmanaged,2025-07-08T15:00:44Z
CLASES,4,https://github.com/rpexpra/CLASES,2025-07-15T20:44:02Z
UYEMURA_CO,59,https://github.com/dbimgsitm/UYEMURA_CO,2025-07-15T04:03:52Z
Fun-es_ABAP,12,https://github.com/CaioFragoso23/Fun-es_ABAP,2025-07-14T16:36:11Z
abap-code,3,https://github.com/Rishitkesharwani/abap-code,2025-07-22T03:55:19Z
ABAP_RAP_DEMO,45,https://github.com/CAOLIVAS/ABAP_RAP_DEMO,2025-07-02T22:22:39Z
ZMM_SUPP_QUOTATION,11,https://github.com/khushbanna/ZMM_SUPP_QUOTATION,2025-07-02T18:20:29Z
S4D437_ROOT,209,https://github.com/etnayahanmail/S4D437_ROOT,2025-07-10T05:55:39Z
sap-company-academy-system,10,https://github.com/mesely/sap-company-academy-system,2025-07-24T22:29:30Z
ABAP2XLSX,1083,https://github.com/kokocuku/ABAP2XLSX,2025-07-24T08:29:50Z
SAP,4,https://github.com/ErdincKayan/SAP,2025-07-31T19:37:09Z
abap2ui5-todoapp,7,https://github.com/schpaul/abap2ui5-todoapp,2025-07-03T09:46:32Z
BDC-Material-upload,1,https://github.com/SaiManikanta3434/BDC-Material-upload,2025-07-03T09:47:01Z
ZAbap_rep,2,https://github.com/MuhammadAlsafi99/ZAbap_rep,2025-07-03T16:30:06Z
abap-cloud-optimaecm,2,https://github.com/gcruzoptima/abap-cloud-optimaecm,2025-07-31T19:50:13Z
ZRAP_TRANS_M_APP,34,https://github.com/Yashavant/ZRAP_TRANS_M_APP,2025-07-20T12:50:09Z
ABAP_basic_arithmetic,2,https://github.com/vivikipper/ABAP_basic_arithmetic,2025-07-29T23:05:16Z
ZJM_XCO,3,https://github.com/jonathanmaidstone/ZJM_XCO,2025-07-16T07:38:55Z
ABAPCloud_CarlaV,24,https://github.com/carlavita/ABAPCloud_CarlaV,2025-07-01T13:30:04Z
BONN-DEV,14,https://github.com/Mnayak1/BONN-DEV,2025-07-08T12:52:23Z
GTO-ABAP-CLOUD,13,https://github.com/JarolinM/GTO-ABAP-CLOUD,2025-07-11T16:06:17Z
NatureDelight,869,https://github.com/mviiep/NatureDelight,2025-07-27T18:24:43Z
ZACCOUNT_STATEMENT,41,https://github.com/Bonn-Nutrients-Pvt-Ltd/ZACCOUNT_STATEMENT,2025-07-09T04:40:52Z
Expans-o-de-Materiais-ALV-Edit-vel,127,https://github.com/CaioFragoso23/Expans-o-de-Materiais-ALV-Edit-vel,2025-07-14T16:24:16Z
GSCO_PKG_RAP,219,https://github.com/dbimgsitm/GSCO_PKG_RAP,2025-07-25T01:18:49Z
WARE_HOUSE-Project-,14,https://github.com/onurerguden/WARE_HOUSE-Project-,2025-07-28T13:09:03Z
ABAPCloud,2,https://github.com/luois03/ABAPCloud,2025-07-01T17:04:43Z
ABAP,35,https://github.com/user1-i2iemea/ABAP,2025-07-08T12:20:28Z
ZLRNG_RAP_290625,2,https://github.com/Arpitttt15/ZLRNG_RAP_290625,2025-07-12T07:51:56Z
Code,99,https://github.com/herm3s/Code,2025-07-17T10:35:45Z
ABAPBackup,482,https://github.com/GorkemUS/ABAPBackup,2025-07-02T10:46:58Z
ABAP-Internal-Table-Aggregation,3,https://github.com/DamianVDM/ABAP-Internal-Table-Aggregation,2025-07-06T05:50:10Z
ABAPCLOUD_7301,6,https://github.com/delahoz29/ABAPCLOUD_7301,2025-07-09T20:52:25Z
Expandir_Material,158,https://github.com/CaioFragoso23/Expandir_Material,2025-07-14T12:48:23Z
Abap-AutomaticFieldCatalog,3,https://github.com/Butch3476/Abap-AutomaticFieldCatalog,2025-07-13T22:13:13Z
abap-clud-month,2,https://github.com/civilvargas/abap-clud-month,2025-07-28T03:07:56Z
ABAP-programs,2,https://github.com/olubunday/ABAP-programs,2025-07-07T19:18:39Z
10ZDTE_CL,167,https://github.com/OrangelT/10ZDTE_CL,2025-07-18T17:56:47Z
IVP,1703,https://github.com/mviiep/IVP,2025-07-29T12:08:08Z
Abap_Cloud,2,https://github.com/yada2025/Abap_Cloud,2025-07-31T12:00:34Z
S4D400,48,https://github.com/knechtchristoph/S4D400,2025-07-29T09:22:37Z
S4D437,144,https://github.com/etnayahanmail/S4D437,2025-07-10T04:40:49Z
ABAP-on-Exercism,0,https://github.com/mety0r/ABAP-on-Exercism,2025-07-01T00:31:50Z
abap-cheat-sheets,1370,https://github.com/emrahilhan/abap-cheat-sheets,2025-07-07T09:05:10Z
zmmr0012,6,https://github.com/dennistai/zmmr0012,2025-07-08T08:22:53Z
Abap-Calculator,2,https://github.com/Butch3476/Abap-Calculator,2025-07-05T00:51:53Z
abap_cloud,2,https://github.com/Humbert0Flores/abap_cloud,2025-07-15T22:29:19Z
xco-json,7,https://github.com/abap-tests-report/xco-json,2025-07-30T15:34:08Z
abap_cloud_teste,2,https://github.com/Ricardo-Hoffmann/abap_cloud_teste,2025-07-30T21:44:51Z
SD_Repository,23,https://github.com/Belysap/SD_Repository,2025-07-06T18:36:27Z
Excel_To_Internal_Table,1,https://github.com/CaioFragoso23/Excel_To_Internal_Table,2025-07-11T16:09:05Z
ZRAP120_AI_RPH,19,https://github.com/rpexpra/ZRAP120_AI_RPH,2025-07-15T19:21:54Z
legado,4,https://github.com/Iupina/legado,2025-07-16T20:50:36Z
Z_COMPARA_NUMEROS,1,https://github.com/WALDENIO312x/Z_COMPARA_NUMEROS,2025-07-15T11:43:30Z
zr_alv_acdoca_s4hana,1,https://github.com/EdwinFlores19/zr_alv_acdoca_s4hana,2025-07-16T04:54:31Z
abap_cloud,2,https://github.com/Kathe-git/abap_cloud,2025-07-19T14:56:02Z
ZYB_SALES_ORD,19,https://github.com/Yashavant/ZYB_SALES_ORD,2025-07-23T11:56:33Z
abap_library,273,https://github.com/emrahilhan/abap_library,2025-07-07T08:19:06Z
Abap-Cloud-2-,2,https://github.com/algomezapata/Abap-Cloud-2-,2025-07-07T19:21:15Z
CALCULATE-STUDENT-MARKS,1,https://github.com/Divakargb/CALCULATE-STUDENT-MARKS,2025-07-20T07:02:23Z
ABAP,1,https://github.com/leomazoco/ABAP,2025-07-07T16:05:29Z
Z_MATER.ABAP,4,https://github.com/Madaleno03/Z_MATER.ABAP,2025-07-16T17:34:29Z
ABAP_GTZ_CLOUD,1030,https://github.com/klp-git/ABAP_GTZ_CLOUD,2025-07-18T06:10:44Z
ZFI_INTEREST_RATES,14,https://github.com/lrcherubini/ZFI_INTEREST_RATES,2025-07-02T18:37:16Z
TDD,45,https://github.com/pgomes96/TDD,2025-07-03T14:49:18Z
Download_Local_e_Servidor,25,https://github.com/CaioFragoso23/Download_Local_e_Servidor,2025-07-11T17:28:28Z
TRLabap,19,https://github.com/gitsmohan/TRLabap,2025-07-24T10:41:52Z
ZLRNG_RAP_290625,2,https://github.com/sap-jay/ZLRNG_RAP_290625,2025-07-05T14:26:33Z
S4_DECOM_POC_001,7,https://github.com/vikas75saxena/S4_DECOM_POC_001,2025-07-23T14:39:30Z
Z_DADOS_PESSOAIS,2,https://github.com/WALDENIO312x/Z_DADOS_PESSOAIS,2025-07-30T11:25:40Z
sap-diplomova-prace,11,https://github.com/OndraFi/sap-diplomova-prace,2025-07-31T19:52:07Z
ZPP_DYES_AND_CHEMICAL,83,https://github.com/abhishekshekhawat80058/ZPP_DYES_AND_CHEMICAL,2025-07-31T17:42:01Z
ZJM_PREP,24,https://github.com/jonathanmaidstone/ZJM_PREP,2025-07-07T11:51:11Z
Carga_De_Arquivos_ABAP,97,https://github.com/CaioFragoso23/Carga_De_Arquivos_ABAP,2025-07-11T14:50:35Z
ABAP.table,0,https://github.com/vivikipper/ABAP.table,2025-07-18T22:32:09Z
btp-365-rap-final,58,https://github.com/Logali-Group/btp-365-rap-final,2025-07-05T20:03:00Z
SAP-ALV-OOPS-DoubleClick,5145,https://github.com/ManjusreeDevarinti/SAP-ALV-OOPS-DoubleClick,2025-07-06T05:59:21Z
Relat-rio_Documento_de_Materiais,240,https://github.com/CaioFragoso23/Relat-rio_Documento_de_Materiais,2025-07-14T15:48:07Z
Developments,3,https://github.com/Sudhee92/Developments,2025-07-14T10:45:21Z
My_First_Adobe_Form-,99,https://github.com/VasukiElsa/My_First_Adobe_Form-,2025-07-09T07:10:02Z
RELATORIO-ALV-,4,https://github.com/TiagoNatali/RELATORIO-ALV-,2025-07-11T18:21:48Z
zbs_demo_rap_custom,7,https://github.com/y-gurer/zbs_demo_rap_custom,2025-07-10T21:39:39Z
zsai,1,https://github.com/sapprogrammer/zsai,2025-07-15T20:37:50Z
3ZDTE_PGYCL,460,https://github.com/OrangelT/3ZDTE_PGYCL,2025-07-18T17:42:57Z
Report-para-testar-parametros-da-STVARV,1,https://github.com/WesleyConstantino/Report-para-testar-parametros-da-STVARV,2025-07-29T15:03:26Z
UYEMURA_PP,17,https://github.com/dbimgsitm/UYEMURA_PP,2025-07-14T05:12:55Z
30ZDTE_MX,3811,https://github.com/OrangelT/30ZDTE_MX,2025-07-18T18:04:41Z
20ZDTE_EC,75,https://github.com/OrangelT/20ZDTE_EC,2025-07-18T18:02:37Z
abap_study,62,https://github.com/alpkh/abap_study,2025-07-22T03:40:57Z
50ZDTE_PE,64,https://github.com/OrangelT/50ZDTE_PE,2025-07-18T18:12:40Z
ZRAP_ABAP_SAMPLE,9,https://github.com/hyeong0106/ZRAP_ABAP_SAMPLE,2025-07-29T06:40:35Z
abapGit_ymi,2,https://github.com/ymirandaj/abapGit_ymi,2025-07-30T14:47:05Z
miniature-waffle,6,https://github.com/bkfluxx/miniature-waffle,2025-07-01T05:14:57Z
zproduct_availablity_checker,47,https://github.com/VidhiChondagar/zproduct_availablity_checker,2025-07-04T13:48:00Z
Gerador_PDF-,7,https://github.com/Cardoso-MR/Gerador_PDF-,2025-07-10T17:26:31Z
Historico_de_Pedidos,117,https://github.com/CaioFragoso23/Historico_de_Pedidos,2025-07-14T13:25:33Z
ZFI_HSNSUMMARY_B2C,11,https://github.com/Bonn-Nutrients-Pvt-Ltd/ZFI_HSNSUMMARY_B2C,2025-07-09T05:26:58Z
Chamados-Internos,8,https://github.com/Iupina/Chamados-Internos,2025-07-16T20:43:28Z
40ZDTE_PA,18,https://github.com/OrangelT/40ZDTE_PA,2025-07-18T21:20:24Z
ALV_SALES,1,https://github.com/SaiManikanta3434/ALV_SALES,2025-07-03T15:18:11Z
product_example,33,https://github.com/vishaljha0803/product_example,2025-07-09T10:52:55Z
60ZDTE_SV,26,https://github.com/OrangelT/60ZDTE_SV,2025-07-18T21:24:55Z
TEST_LGL_C362,2,https://github.com/EnriqueIrala/TEST_LGL_C362,2025-07-26T17:41:42Z
SAP_RAP_SD,31,https://github.com/Satya634/SAP_RAP_SD,2025-07-30T16:59:50Z
Hanalytics,396677,https://github.com/AiKanSya/Hanalytics,2025-08-13T14:04:33Z
ABAP-Basic,6653,https://github.com/Rohan-Beta/ABAP-Basic,2025-08-09T11:05:25Z
zabapgit_v3,1479,https://github.com/vaibhavgoel-github-1986/zabapgit_v3,2025-08-12T22:18:46Z
SAP_project,1269,https://github.com/saikrishnadumpeti/SAP_project,2025-08-17T15:28:20Z
abap-learning,393,https://github.com/bariscanceken/abap-learning,2025-08-05T11:18:36Z
Basic-ABAP,340,https://github.com/Luthufulhaq/Basic-ABAP,2025-08-12T14:09:53Z
OnlinePOS,297,https://github.com/xmsadik/OnlinePOS,2025-08-11T06:44:05Z
Sap_Abap,329,https://github.com/munaf085/Sap_Abap,2025-08-09T12:49:18Z
ndbs-integration-cocpit,247,https://github.com/sdemirbas/ndbs-integration-cocpit,2025-08-14T10:59:12Z
Z_XCO_ABAP_SIMPLIFIED,198,https://github.com/alwinvandeput/Z_XCO_ABAP_SIMPLIFIED,2025-08-07T21:16:06Z
ABAP-CLOUD,156,https://github.com/JorgeHx0/ABAP-CLOUD,2025-08-06T07:43:27Z
UNI-GRADE-SYSTEM,113,https://github.com/hselimt/UNI-GRADE-SYSTEM,2025-08-09T07:51:22Z
zsapdev_agit,93,https://github.com/attilaberencsi/zsapdev_agit,2025-08-05T08:37:20Z
ABAP_practice,77,https://github.com/jiheehee/ABAP_practice,2025-08-02T15:45:01Z
ABAP-Cloud,97,https://github.com/galessandromn/ABAP-Cloud,2025-08-06T07:31:27Z
SAP-PRESS,89,https://github.com/p00047575/SAP-PRESS,2025-08-03T02:19:36Z
abap-cloud,84,https://github.com/Danielusu008/abap-cloud,2025-08-05T16:19:43Z
Material-Master-Upload-BDC-Project-for-MM01-,12630,https://github.com/PoojaKhoday/Material-Master-Upload-BDC-Project-for-MM01-,2025-08-05T07:31:52Z
gia_cong,83,https://github.com/bvdu3007/gia_cong,2025-08-15T07:06:49Z
ZFIORI_FILE_UPLOAD,64,https://github.com/gitwalter/ZFIORI_FILE_UPLOAD,2025-08-15T10:31:23Z
SAP-ABAP-REPORTS,56,https://github.com/Sevval-Demir/SAP-ABAP-REPORTS,2025-08-14T19:22:35Z
XFC-Toolkit,55,https://github.com/furkancosgun/XFC-Toolkit,2025-08-07T18:21:10Z
zcurl,62,https://github.com/phanikumarps/zcurl,2025-08-13T22:06:51Z
Abap_cloud,57,https://github.com/patriciawongchan-dotcom/Abap_cloud,2025-08-06T07:31:10Z
ABAP-VK,46,https://github.com/vijayareddy-cloud/ABAP-VK,2025-08-07T16:09:35Z
Bhanu_Prasad_Onprem,45,https://github.com/BhanuPrasadYeligeti/Bhanu_Prasad_Onprem,2025-08-05T12:15:18Z
ABAP_HOJASDERUTA,4052,https://github.com/luismeneses97/ABAP_HOJASDERUTA,2025-08-04T19:33:03Z
RAP-LateNumbering-UnmanagedSave,30,https://github.com/cesarsn/RAP-LateNumbering-UnmanagedSave,2025-08-17T10:34:07Z
Club-Manager,58,https://github.com/kholy74/Club-Manager,2025-08-03T17:32:36Z
Practicas-Abap-Cloud-Eclipse,28,https://github.com/Kobi2021/Practicas-Abap-Cloud-Eclipse,2025-08-01T16:41:59Z
RAP_DIN_MANAGED,38,https://github.com/Abidoutlook/RAP_DIN_MANAGED,2025-08-17T09:00:22Z
CursoAbapCloud,29,https://github.com/EDEM720/CursoAbapCloud,2025-08-07T13:03:53Z
SalesModel,32,https://github.com/deeprane27/SalesModel,2025-08-15T09:27:09Z
abap-platform-rap-workshops,30,https://github.com/romiltickoo-git/abap-platform-rap-workshops,2025-08-13T07:42:40Z
ABAP_CLOUD_II,45,https://github.com/T0r40/ABAP_CLOUD_II,2025-08-11T13:10:00Z
abap-projects,24,https://github.com/g-akca/abap-projects,2025-08-16T09:04:47Z
ZORDER_WORK_YMI,37,https://github.com/ymirandaj/ZORDER_WORK_YMI,2025-08-01T20:32:51Z
abapcloudacademyint,40,https://github.com/oFrancoGui/abapcloudacademyint,2025-08-07T14:02:14Z
abap_code_dump,30,https://github.com/PrashantCSaini/abap_code_dump,2025-08-16T13:58:44Z
sap-abap-sales-order-module-pool,289,https://github.com/Anjalithakur44/sap-abap-sales-order-module-pool,2025-08-17T16:02:14Z
SAP-ABAP-Projelerim,19,https://github.com/esra03-1/SAP-ABAP-Projelerim,2025-08-15T09:39:50Z
ZC369_LGL,25,https://github.com/WladimirRivera/ZC369_LGL,2025-08-02T16:22:08Z
SAPKEBAP,18,https://github.com/conuti-christian-loesche/SAPKEBAP,2025-08-10T09:55:40Z
ZLN_RAP,22,https://github.com/lokesh037/ZLN_RAP,2025-08-04T10:21:08Z
Professional-Sap-Abap-4,26,https://github.com/hafizecim/Professional-Sap-Abap-4,2025-08-16T10:59:29Z
SAP-easy-AI,17,https://github.com/ysichov/SAP-easy-AI,2025-08-09T17:31:00Z
ABAP-Beginner-Tutorials,24,https://github.com/hafizecim/ABAP-Beginner-Tutorials,2025-08-15T10:00:28Z
Sap_Abap_Rap_Movies,22,https://github.com/R4F43LL-D3VB3GINN3R/Sap_Abap_Rap_Movies,2025-08-04T21:36:59Z
Trial-Balance,17,https://github.com/IncludeItself/Trial-Balance,2025-08-18T06:20:57Z
abap-examples,18,https://github.com/yasemin509/abap-examples,2025-08-17T14:13:29Z
Customer-Invoice-Smartform,14,https://github.com/PoojaKhoday/Customer-Invoice-Smartform,2025-08-04T11:31:16Z
ZVARIANT_UTILITY,11,https://github.com/ewoyadmin/ZVARIANT_UTILITY,2025-08-12T15:11:46Z
ZWARP,16,https://github.com/furkancosgun/ZWARP,2025-08-03T12:02:03Z
abapgit_test_2,14,https://github.com/cskinner-cognitus/abapgit_test_2,2025-08-19T15:18:44Z
abap,17,https://github.com/wattjk/abap,2025-08-02T02:11:54Z
SAP_RAP_101,24,https://github.com/triadinurdianasukma/SAP_RAP_101,2025-08-14T06:40:12Z
ABAP_Cloud,14,https://github.com/Jmedina07/ABAP_Cloud,2025-08-01T22:57:22Z
abap-reports-cheat-sheets,10,https://github.com/isavchenko-sap/abap-reports-cheat-sheets,2025-08-14T11:01:57Z
ABAP-Bill_of_Materials_Management,17,https://github.com/DemetCekic/ABAP-Bill_of_Materials_Management,2025-08-10T17:31:37Z
ztable_downloader,7,https://github.com/rxnenal/ztable_downloader,2025-08-14T11:09:57Z
test-kebap,4,https://github.com/conuti-das/test-kebap,2025-08-08T08:39:31Z
HRPayroll,4,https://github.com/byigitsnf/HRPayroll,2025-08-04T11:39:40Z
repositorio-abap,6,https://github.com/RanierDC/repositorio-abap,2025-08-11T16:17:18Z
sap-abap-sales-report_project,14,https://github.com/prawin81/sap-abap-sales-report_project,2025-08-08T16:18:50Z
BN_REPO1,4,https://github.com/bennetthomas797-bny/BN_REPO1,2025-08-13T01:46:57Z
abap-cloud,4,https://github.com/pg1974/abap-cloud,2025-08-18T23:01:21Z
ZSCHEDULE,14,https://github.com/Premsodha947/ZSCHEDULE,2025-08-01T06:01:20Z
ZRAP_TIMESHEET,6,https://github.com/AdrianoIsh/ZRAP_TIMESHEET,2025-08-19T11:47:39Z
abap_cloud,7,https://github.com/Irodriguez80/abap_cloud,2025-08-06T18:47:59Z
ABAP_CLOUD_DEMO,18,https://github.com/cwac210468-dotcom/ABAP_CLOUD_DEMO,2025-08-02T16:14:46Z
ABAP-CLOUD-JR,2,https://github.com/jesusdrp6-coder/ABAP-CLOUD-JR,2025-08-14T14:20:55Z
CursoAbapCloud08-2025,8,https://github.com/lEduardoGarciaG/CursoAbapCloud08-2025,2025-08-18T22:35:30Z
RAP,15,https://github.com/akileshwaran-karuppusamy/RAP,2025-08-15T14:41:11Z
ABAP_CLOUD_TRIAL,2,https://github.com/jimgod/ABAP_CLOUD_TRIAL,2025-08-06T15:17:27Z
ALVWorks,21,https://github.com/Anjalithakur44/ALVWorks,2025-08-18T07:38:04Z
abap-mini-projects,1,https://github.com/bartuortekin/abap-mini-projects,2025-08-04T19:59:09Z
Desenvolvimento-ABAP-on-Cloud-RAP,17,https://github.com/TiagoHumel/Desenvolvimento-ABAP-on-Cloud-RAP,2025-08-07T13:04:19Z
AcademiaABAPCloud,18,https://github.com/Bogalho/AcademiaABAPCloud,2025-08-07T13:04:10Z
SAP-ABAP-Projects,12,https://github.com/Ashishparchha/SAP-ABAP-Projects,2025-08-07T14:13:10Z
ZPP_GTZ,58,https://github.com/smriti12099/ZPP_GTZ,2025-08-16T09:22:43Z
abap_cloud,2,https://github.com/germangonzalezm/abap_cloud,2025-08-03T02:47:41Z
TCS_REPORT,13,https://github.com/Saket045/TCS_REPORT,2025-08-04T11:14:56Z
abap_cloud_btp_trial,5,https://github.com/martindls/abap_cloud_btp_trial,2025-08-05T04:04:54Z
cgrgen,6,https://github.com/yancgr/cgrgen,2025-08-04T17:35:14Z
AcademiaABAPCloud,40,https://github.com/etosin/AcademiaABAPCloud,2025-08-07T13:03:12Z
abap-events-practice-2,16,https://github.com/ignaciocastrocenteno/abap-events-practice-2,2025-08-18T01:01:34Z
ABAP_Core_Concepts,7,https://github.com/Anjalithakur44/ABAP_Core_Concepts,2025-08-18T10:53:50Z
Product_search,58,https://github.com/slage16/Product_search,2025-08-18T09:59:53Z
KURFARKI_GMS,210,https://github.com/bguler11/KURFARKI_GMS,2025-08-19T14:38:48Z
abap-test-container,18,https://github.com/swirzmj/abap-test-container,2025-08-06T09:09:46Z
ztest1,488,https://github.com/s96385274181-collab/ztest1,2025-08-15T08:54:29Z
zsd_bonn,893,https://github.com/smriti12099/zsd_bonn,2025-08-16T07:43:16Z
giacong1,50,https://github.com/bvdu3007/giacong1,2025-08-17T01:48:55Z
Sales-Order-Proyecto-RAP,33,https://github.com/yasserhaden3/Sales-Order-Proyecto-RAP,2025-08-02T18:32:11Z
Academia-ABAP-CLOUD,28,https://github.com/Andre-Antune5/Academia-ABAP-CLOUD,2025-08-07T13:03:19Z
ABAP_MAST,19,https://github.com/Andrenox/ABAP_MAST,2025-08-07T13:03:26Z
zsd_bn,473,https://github.com/smriti12099/zsd_bn,2025-08-16T08:00:04Z
ZMM_GTZ,169,https://github.com/smriti12099/ZMM_GTZ,2025-08-16T09:18:12Z
abapgit-workflow,62,https://github.com/katharinabre/abapgit-workflow,2025-08-05T11:42:15Z
AcademiaABAPCloud,18,https://github.com/Dennis-droid-91/AcademiaABAPCloud,2025-08-07T13:03:29Z
zabap2xlsx,335,https://github.com/jpbourne/zabap2xlsx,2025-08-12T11:48:24Z
ABAP_CLOUD_MACC1,2,https://github.com/mario-carbajal/ABAP_CLOUD_MACC1,2025-08-14T18:37:58Z
Abap_Cloud,2,https://github.com/edunan1411/Abap_Cloud,2025-08-07T17:31:45Z
ui5test2,12,https://github.com/gokulrnairmaersk/ui5test2,2025-08-11T11:32:33Z
SALARYUPLOAD,9,https://github.com/NIGHTHAWK3108/SALARYUPLOAD,2025-08-13T08:53:54Z
abap-materials-ALV-report-exercise,20,https://github.com/ignaciocastrocenteno/abap-materials-ALV-report-exercise,2025-08-18T01:03:44Z
SO_ABAPRAP_APP,12,https://github.com/Ravikumar2320/SO_ABAPRAP_APP,2025-08-03T13:29:29Z
BTPRAP,16,https://github.com/ravindrachundru/BTPRAP,2025-08-04T11:56:01Z
bc_lctt_truc_tiep,25,https://github.com/bvdu3007/bc_lctt_truc_tiep,2025-08-05T09:29:14Z
RAP-UNMANAGED-V1,23,https://github.com/danielsan-97/RAP-UNMANAGED-V1,2025-08-12T22:35:26Z
sap-abap-inventory-stock-monitoring-report,68,https://github.com/Rutz26/sap-abap-inventory-stock-monitoring-report,2025-08-14T06:40:21Z
aisdkforsapabap-demo,2977,https://github.com/marcosoikawa/aisdkforsapabap-demo,2025-08-05T05:22:52Z
fiori-element-excel-upload-and-download-abap,25,https://github.com/yuebaixiao/fiori-element-excel-upload-and-download-abap,2025-08-06T08:17:30Z
Sap_PLMJ_Excel_Export,5,https://github.com/R4F43LL-D3VB3GINN3R/Sap_PLMJ_Excel_Export,2025-08-13T08:56:25Z
ABAP_CLOUD_MIKE,2,https://github.com/Migzz1/ABAP_CLOUD_MIKE,2025-08-14T18:14:28Z
Review,28,https://github.com/Arvind-Fiori/Review,2025-08-06T08:59:38Z
academia-abap-cloud,18,https://github.com/felipevaz06/academia-abap-cloud,2025-08-07T13:03:15Z
abap,0,https://github.com/Sathishdevops38/abap,2025-08-11T05:15:47Z
zpp_bonn,327,https://github.com/smriti12099/zpp_bonn,2025-08-16T07:51:05Z
zsd_gtz,295,https://github.com/smriti12099/zsd_gtz,2025-08-16T08:47:59Z
GST_PURCHASE_REPORT,12,https://github.com/Saket045/GST_PURCHASE_REPORT,2025-08-04T10:53:29Z
zrapteste,15,https://github.com/pb-sap/zrapteste,2025-08-07T18:04:22Z
Y_LZ,270,https://github.com/Zachlee315/Y_LZ,2025-08-08T04:26:07Z
ABAP_CLOUD_DEMO,1,https://github.com/ItzelCastanedaG/ABAP_CLOUD_DEMO,2025-08-06T22:20:06Z
ZwdFTP,29,https://github.com/swirzmj/ZwdFTP,2025-08-06T08:52:09Z
Raj_MT_RAP,83,https://github.com/Rajendra-chilukuri/Raj_MT_RAP,2025-08-11T14:25:37Z
abap,2,https://github.com/paulohtolotti/abap,2025-08-15T18:31:17Z
zpp_bn,51,https://github.com/smriti12099/zpp_bn,2025-08-16T08:07:49Z
SAP_Classical_Reports,15,https://github.com/Anjalithakur44/SAP_Classical_Reports,2025-08-18T10:46:04Z
RAP_MANAGED,31,https://github.com/ravindrachundru/RAP_MANAGED,2025-08-04T12:32:11Z
ABAP-CLOUD,12,https://github.com/herrenolaura1/ABAP-CLOUD,2025-08-06T07:32:50Z
sap-abap-po-alv-report,50,https://github.com/Rutz26/sap-abap-po-alv-report,2025-08-07T05:49:11Z
abap-events-practice-1,16,https://github.com/ignaciocastrocenteno/abap-events-practice-1,2025-08-18T01:00:33Z
manualinvoice,59,https://github.com/superbet-arg/manualinvoice,2025-08-01T20:53:47Z
ztablepckg,47,https://github.com/pb-sap/ztablepckg,2025-08-07T18:01:52Z
zfi_gtz,176,https://github.com/smriti12099/zfi_gtz,2025-08-16T08:43:34Z
abap-customer-individual-insertion-to-table,17,https://github.com/ignaciocastrocenteno/abap-customer-individual-insertion-to-table,2025-08-18T00:52:21Z
ZBREADVARIANCE,21,https://github.com/Saket045/ZBREADVARIANCE,2025-08-19T04:40:34Z
ZCIM_RAP_5000,13,https://github.com/danchen99/ZCIM_RAP_5000,2025-08-19T09:04:36Z
Z_SQL1,8,https://github.com/danchen99/Z_SQL1,2025-08-19T08:40:12Z
Eclipse_RAP_CDS,16,https://github.com/Rpantojab/Eclipse_RAP_CDS,2025-08-04T14:36:23Z
ABAP_CLOUD_ASA,4,https://github.com/codexansaan/ABAP_CLOUD_ASA,2025-08-05T19:37:30Z
ABAP-PCL,17,https://github.com/PedroCunhaLopes/ABAP-PCL,2025-08-07T13:32:16Z
ABAP-VK-jawahar-MANAGED-,29,https://github.com/vijayareddy-cloud/ABAP-VK-jawahar-MANAGED-,2025-08-07T16:56:18Z
zqm_bn,28,https://github.com/smriti12099/zqm_bn,2025-08-16T08:19:40Z
academiasapabapcloud2025,19,https://github.com/TiagoMGSantos/academiasapabapcloud2025,2025-08-07T13:03:13Z
AcademiaABAPCloud,19,https://github.com/lucashayashida/AcademiaABAPCloud,2025-08-07T13:04:06Z
ABAP_Cloud_Acad,18,https://github.com/JoaoGoncalves20/ABAP_Cloud_Acad,2025-08-07T13:03:16Z
AcademiaAbapCloud,17,https://github.com/jpedroz/AcademiaAbapCloud,2025-08-07T13:03:31Z
RAPCustomerUnmanaged,15,https://github.com/Muthuraja2/RAPCustomerUnmanaged,2025-08-08T08:31:56Z
PurchaseOrder,7,https://github.com/byigitsnf/PurchaseOrder,2025-08-04T13:05:12Z
AcademiaABAPCloud_TTL,18,https://github.com/tiagolopes0407/AcademiaABAPCloud_TTL,2025-08-07T13:31:39Z
ZQM_GTZ,33,https://github.com/smriti12099/ZQM_GTZ,2025-08-16T09:26:00Z
ZRAP,359,https://github.com/NhatPD-VNEXT/ZRAP,2025-08-19T07:36:52Z
userApp,22,https://github.com/frankonyemaorji/userApp,2025-08-05T08:02:13Z
Academia-ABAP-Cloud,21,https://github.com/JoaoCarneiroo/Academia-ABAP-Cloud,2025-08-07T13:03:24Z
DSLHR80,5032,https://github.com/brkozr58/DSLHR80,2025-08-08T13:00:46Z
RAP-1,100,https://github.com/p00047575/RAP-1,2025-08-08T08:55:03Z
ABAP_CLOUD,2,https://github.com/federicojaimes/ABAP_CLOUD,2025-08-14T02:48:17Z
Academia-ABAP-Cloud-,20,https://github.com/JoaoAbrantes977/Academia-ABAP-Cloud-,2025-08-07T13:03:14Z
ZC369_LGL2,295,https://github.com/WladimirRivera/ZC369_LGL2,2025-08-09T14:17:10Z
zfi_new,589,https://github.com/smriti12099/zfi_new,2025-08-16T07:13:27Z
JPTM_CUSTOM_ENTITY,9,https://github.com/joselo96/JPTM_CUSTOM_ENTITY,2025-08-19T15:14:13Z
Desenvolvimento-ABAP-on-Cloud-no-ABAP,15,https://github.com/Duarteribeiro14/Desenvolvimento-ABAP-on-Cloud-no-ABAP,2025-08-07T13:19:02Z
eDocument-Brinsa,13,https://github.com/lamenesesb/eDocument-Brinsa,2025-08-11T15:35:57Z
abap_cloud,2,https://github.com/iEcclMyt/abap_cloud,2025-08-18T07:28:47Z
ABAP-CLOUD,2,https://github.com/ALF-GTZ/ABAP-CLOUD,2025-08-05T17:19:34Z
AcademiaABAPCloud,16,https://github.com/HiKami2/AcademiaABAPCloud,2025-08-07T13:03:13Z
GAMJA_ABAP,16,https://github.com/HAN-GAMJA/GAMJA_ABAP,2025-08-14T04:31:46Z
Monthly-Summary-Table-of-Cost-Elements-by-Cost-Center,13,https://github.com/IncludeItself/Monthly-Summary-Table-of-Cost-Elements-by-Cost-Center,2025-08-18T05:08:01Z
SAP-Einvoice,16,https://github.com/Padmabhushan-12/SAP-Einvoice,2025-08-14T14:20:10Z
abap-customer-query-by-code,17,https://github.com/ignaciocastrocenteno/abap-customer-query-by-code,2025-08-18T00:55:46Z
abap-debugger-exercise,16,https://github.com/ignaciocastrocenteno/abap-debugger-exercise,2025-08-18T00:58:25Z
ZRAP100_200,25,https://github.com/danchen99/ZRAP100_200,2025-08-19T08:55:41Z
PWC_TEST,63,https://github.com/gunwoo2/PWC_TEST,2025-08-06T14:41:20Z
AbapCloud_I_Proyecto,13,https://github.com/Jlbedon/AbapCloud_I_Proyecto,2025-08-12T01:54:53Z
eBeyanname,1919,https://github.com/xmsadik/eBeyanname,2025-08-15T06:41:32Z
ABAP_SCP_CARS,32,https://github.com/RMJames123/ABAP_SCP_CARS,2025-08-03T11:36:51Z
Academia-ABAP-Cloud-RAP,20,https://github.com/leandrobserra/Academia-ABAP-Cloud-RAP,2025-08-07T13:03:20Z
ZABAPCLOUD_7301,30,https://github.com/delahoz29/ZABAPCLOUD_7301,2025-08-12T19:43:08Z
RapIslmHandsOn,47,https://github.com/horsemanjackyliu/RapIslmHandsOn,2025-08-15T06:09:14Z
zmm_bonn,240,https://github.com/smriti12099/zmm_bonn,2025-08-16T07:46:43Z
zoas23,1,https://github.com/venkatui5github/zoas23,2025-08-18T16:30:44Z
ZTRAVEL_APP_001,17,https://github.com/danchen99/ZTRAVEL_APP_001,2025-08-19T09:10:06Z
abap.programs,14,https://github.com/prawin81/abap.programs,2025-08-08T15:47:30Z
zfi_bn,351,https://github.com/smriti12099/zfi_bn,2025-08-16T07:57:35Z
Z_HOTSPOT.ABAP,2,https://github.com/Madaleno03/Z_HOTSPOT.ABAP,2025-08-05T19:15:57Z
desenvolvimento,18,https://github.com/jprudencio1/desenvolvimento,2025-08-07T13:38:59Z
AcademiaAbap,20,https://github.com/fmelods/AcademiaAbap,2025-08-07T13:04:55Z
zrb_integration,5,https://github.com/rammelbalagtas/zrb_integration,2025-08-11T19:02:55Z
zaltaf,36,https://github.com/MohammedAftab-XFT/zaltaf,2025-08-19T13:00:50Z
NEW-TEST,93,https://github.com/p00047575/NEW-TEST,2025-08-03T13:23:51Z
zmm_bn,343,https://github.com/smriti12099/zmm_bn,2025-08-16T08:03:03Z
abap-alv-google-upload-sheet,131,https://github.com/swirzmj/abap-alv-google-upload-sheet,2025-08-06T07:51:14Z
zit_asset_upload,8,https://github.com/ajnarag25/zit_asset_upload,2025-08-15T07:41:41Z
exercism_solutions,46,https://github.com/n1ccc/exercism_solutions,2025-08-02T20:54:14Z
ABAP_Cloud_Projects,5,https://github.com/ArghaDutta15/ABAP_Cloud_Projects,2025-08-03T14:46:20Z
Academia-ABAP-Cloud-,23,https://github.com/JoaoCAMartins/Academia-ABAP-Cloud-,2025-08-07T13:04:59Z
RAP-ZDES-managed,31,https://github.com/ajaroddin2510/RAP-ZDES-managed,2025-08-12T09:33:33Z
abap_cloud,3,https://github.com/lazarolediaz/abap_cloud,2025-08-11T22:48:40Z
sap-abap-employee-report,30,https://github.com/Rutz26/sap-abap-employee-report,2025-08-06T06:54:14Z
Employee-Onboarding-System-with-ABAP-RAP,22,https://github.com/Ravikumar2320/Employee-Onboarding-System-with-ABAP-RAP,2025-08-03T13:24:04Z
abap_cloud,4,https://github.com/compdiaz/abap_cloud,2025-08-03T11:14:21Z
Cubing,11,https://github.com/ravindrachundru/Cubing,2025-08-08T16:34:33Z
ZVNEXT_RAP_100,25,https://github.com/NhatPD-VNEXT/ZVNEXT_RAP_100,2025-08-14T09:02:35Z
NRB,9,https://github.com/pikon-benelux/NRB,2025-08-19T06:57:22Z
Cloud-CMRP,157,https://github.com/ngmhngan/Cloud-CMRP,2025-08-04T08:17:44Z
AcademiaABAPCloud,18,https://github.com/Siilveira/AcademiaABAPCloud,2025-08-07T13:03:28Z
ABAP_CLOUD_SAM,2,https://github.com/azulls1/ABAP_CLOUD_SAM,2025-08-14T18:14:06Z
ZPK_WM_06,25,https://github.com/Hapu2001/ZPK_WM_06,2025-08-06T05:55:42Z
testABAP,1,https://github.com/schlak/testABAP,2025-08-11T12:12:39Z
ZODATA_100815,80,https://github.com/Nadyco/ZODATA_100815,2025-08-13T00:29:59Z
ZBASE,330,https://github.com/RolandoChavarria/ZBASE,2025-08-15T01:31:00Z
